customer_id,name,email,password,phone_number,address,is_registered
1,btwopenny0,ssmeall0@house.gov,$2a$04$ZJKw.sfO.IfuHpLk6UVc.u2X0pg0mlNe6Gogxk8raNZBNBBkvYBUa,502-126-1548,58433 Lake View Crossing,false
2,fquinby1,hstranio1@economist.com,$2a$04$9TPMQTQb0APqdFiNvIh9L.Kxo0fFzXkdhNg4bFvEsacEp3a2Fi0L6,740-740-5651,35 Pepper Wood Alley,false
3,bspittles2,jmollene2@storify.com,$2a$04$t93o3S9lZArMqpK1K68XYunSZpwni9YCsvSoFkt2k.fHGedrXnJQ.,794-938-5674,8821 Swallow Alley,true
4,gkeppy3,asommerling3@hibu.com,$2a$04$7T93m1x1.Tijcr8Pc2flv.acP6G0re9LdmwC2JrMc/rLahkSG96.G,304-456-1515,3948 Barby Hill,true
5,fbaxster4,mcathery4@google.com.au,$2a$04$uTiCtGeVFXIed.q.k5dim.lgBWw2dSBgOe/7DCCHgIaJgktzhX5JG,674-526-4736,2821 Del Mar Court,true
6,pmacmenemy5,aswaisland5@bloglines.com,$2a$04$qIIA9y8iVJniW70B1KDz3.9ujdbThQu9u8CpOOotfCBnMFS3yKoVO,801-133-9130,604 Johnson Alley,false
7,hrabson6,ggreggersen6@gravatar.com,$2a$04$corpfoyVC6gSpD6.j5nSTu4uzXxYQLQhPG1.TTPDsUTY2Yoxel3f6,872-603-8125,0304 Texas Terrace,true
8,bhartland7,cdoe7@utexas.edu,$2a$04$x/Z4Bi1FvXoBRz.Fata9FO9qpJbj1jYyGh/FsVbWYcLcmyx9qfqtu,184-891-0671,3401 John Wall Junction,true
9,bpolack8,ljeffreys8@cisco.com,$2a$04$GM3AiInxw1ydr3LhJKEdW.rT5GKJnLWuJS8w8h4JdxE5yufu9Rby6,485-942-3402,66901 Golf View Point,false
10,tpardal9,jgantley9@webnode.com,$2a$04$MkzYEU4Z/QjJFsxhWxQbZODmVWcAljT6NycW7HZtINjV.gG9PHWEq,999-966-1121,617 Browning Street,false
11,ndanforda,fverbeeka@github.io,$2a$04$7ftuoEO79i2ZyIQNigJkTuMRQF/URACP1xIrsphRZJB4pNlPcij2S,719-624-3832,54230 Stephen Road,false
12,eledurb,dbartelotb@senate.gov,$2a$04$ezgemLMLwOYJj.1SJ4naeeJC6dWXe/xezB9ukkBvbfIcYVJKMlC16,689-199-3928,694 Hovde Circle,false
13,ppavlovskyc,tcobbingc@ed.gov,$2a$04$tEjYzdzMKpjIftMGR1mYO.Uby8e0mNeE.HN5Z6SiTwMF0Xbmp7Kie,750-878-3187,71462 Saint Paul Pass,false
14,lbrimblecombed,ceggletond@cargocollective.com,$2a$04$xwUKUInBB2MBpXA79Maojuc3EXGvIlRHG6LgGiwlZ4NchNoYus9FK,290-633-1708,2 School Parkway,false
15,mdevorille,ashearmane@ifeng.com,$2a$04$ZVbGMkcM3aJymOCf7LX8K.qvr15dJRUUHn5S5xRi3FXkHeuWlM9tO,354-773-3939,50213 Moland Way,true
16,avanderveldenf,gspoorsf@vinaora.com,$2a$04$L4IVlIifYe6awOf473lr8.esC3Ly1LWtBwBGhh5dX.TCSFBZ1q3QO,942-895-7224,0635 Corben Lane,true
17,alangeg,kdenseyg@blogtalkradio.com,$2a$04$7mp3/PYqEjwkJXLQu.snIu/4PN3hYB6CsGDCHyhD78AV5fhf9xMY6,775-193-0500,1160 Eastlawn Crossing,false
18,knorreyh,amounsieh@mayoclinic.com,$2a$04$o8sPKhV3Oa6iJ5O4xm/mWOD9iyqANFfRdPJbMtcY5wboVwmFDkKnK,762-883-4546,8 Burrows Center,false
19,nmcrobertsi,hclarkei@toplist.cz,$2a$04$oatxPCshSJVK81kOrT0l5OH6eqedzkT4JBflxLGTM/Y6U46pj1rYu,768-636-7614,1276 7th Lane,true
20,mhorderj,cglisenanj@artisteer.com,$2a$04$vA0ItiOPIgSK7pMQBv3p2O4xGWyHJSrjUIbnb2BxP.cvtORPrAXOC,892-980-9205,60 Morning Circle,false
21,mvreedek,rwolversonk@independent.co.uk,$2a$04$uECKTmTaO2l52MMJkBTbseVe2wgxAVNYDR9FuPbwdyRrLFXcCaGAu,282-460-7206,7 Cascade Alley,false
22,theadingsl,msommerfeldl@nytimes.com,$2a$04$7m153/j7zuJInLS4IU/76OZWAkhisz6Wz4NE/iEKsLX7Z5aQ2AwaO,818-124-7335,67 Kings Junction,true
23,wnodenm,psnalumm@myspace.com,$2a$04$9y317MdtMuP9UGJUlJnv..oxl5SvxcW3qqVTouNbRq807nQBrmku.,150-422-8404,049 Eagle Crest Junction,true
24,dhillsn,bstreetingn@mayoclinic.com,$2a$04$NQC018HImoYx.WWp2pco/.jrTzkcfWIF1AWJQHq13HxU.SjcUGsk6,708-690-1851,28 Merchant Court,true
25,gsmithamo,adarbishireo@4shared.com,$2a$04$IoT7T6HsZN/HRE2JS83UmuWM9rwUWoIgMuvjK2Tt1jTr8uMCO47J2,618-733-5838,5878 Fieldstone Park,false
26,mboynp,ekinnettp@yellowbook.com,$2a$04$igZgYCIZi2Ag339Keij9Y.ipw7ceffue8YxoD78JkF0bjvoDjlMoa,730-241-1528,1136 Sheridan Street,false
27,ssabatesq,dmccarlichq@mit.edu,$2a$04$Dg7dgfNXz4MOx3/hWCB2fu3UmFXqxYCGGYru7KUQBvVgYyXXfsOTa,785-800-8503,9 Springs Parkway,false
28,sgaddier,dsticklesr@tiny.cc,$2a$04$/jIQoEYUt2jAi/sT3MH0YuUH6P9NsqJGaN2NQX0E2ircywFynA5Ay,549-668-5906,914 Raven Park,true
29,dgoldthorpes,nbrunottis@bing.com,$2a$04$rd3IVEnZWRHYA.cvNdVbMecmYiOXZNP5QZEFP8Q4sug56vkmyaw4K,709-954-3735,83814 Kropf Junction,false
30,gmencit,zsloatt@xrea.com,$2a$04$Szyd.ImGGprFQ1Yqcj6FROYe6236kayk0gUi74Wydf8KqIte9WgTq,403-639-7757,24 Wayridge Junction,false
31,cgrocuttu,gbachurau@infoseek.co.jp,$2a$04$6zF3KZyLx8pubyQgieQXS.mw2OKEIKFrjc.uN4ADvYtlsvGBN5fzu,701-669-5270,0589 Aberg Plaza,true
32,vmathisonv,tlindstromv@miitbeian.gov.cn,$2a$04$nfkKDXBhiZBHy6.J3jc5uuLhs15r0sbtoNeva4rjM3pGaX2oiJ7q6,874-668-2607,68 Harbort Parkway,false
33,vkubiczekw,hwhetnellw@gravatar.com,$2a$04$aMH0BjJUOzdQme4QgnaCUeCPo3GVWGZltAW6COeicI2e.WK5bS3P2,780-733-4872,62837 Florence Way,false
34,bhargreavesx,tlarsx@soundcloud.com,$2a$04$vwMsL0AcPGxP/xjiPgr7.eUxBw7QW35rRFo6iDNAL/r5LmvRLa38q,979-185-5478,80 Melrose Trail,false
35,bmccluney,ksimoneauy@fc2.com,$2a$04$1jYOgG3b4zozOsRhF0EquOf2YpKuovU3d6rBwsatdsveFaDJj7MM6,893-707-1512,7 Derek Place,true
36,arubinszteinz,gshillanz@yale.edu,$2a$04$iI5yQxczf0Tv37/kaOs7teRbebwgjpFymQRFFGwDgyd8fjGytIZbS,879-917-1058,2 Green Ridge Lane,true
37,jjumont10,nskacel10@surveymonkey.com,$2a$04$Yx9SeU//V9n/G9JccB.GveiSrNcvBXC0ik5Sc2M4OczFkFyyLU2tq,944-216-4100,84364 Cascade Lane,true
38,mpugh11,ncoppenhall11@wordpress.com,$2a$04$lxV5oK7S6Jgty9LbyuIyjeIkYdI/5tmjoB25Cpx0p/eNfgxxVTLQO,495-285-7651,6369 Bartelt Court,false
39,lodriscoll12,lmcwhan12@redcross.org,$2a$04$4GKa64a.i3zqs.2XDG7ECuXX7vxE0b/kSjw.BhzRnOdxxwbvInY2y,656-772-6698,5767 Dorton Lane,false
40,wporcher13,blangshaw13@hostgator.com,$2a$04$Zd8RHICAXhiB42a4cEbnIuIthpmYn6PgyDSgFhpSQEnOTWydUM0nO,102-460-5150,2486 Sutteridge Center,true
41,kchaundy14,jfloyed14@epa.gov,$2a$04$Tlr4B5wjgzJWNhsGxUxeteuGCOV8gQdKvZf8oHKE34U1I2C17QosS,516-102-1556,738 Hooker Trail,false
42,cbarkshire15,wveevers15@1688.com,$2a$04$uGm6WIWh5nFnEL2Zz2JbQOsYMLftYqYcCblhLK7XXb4qqi2VezqRe,145-311-3566,9 Union Plaza,true
43,avarnam16,nbhar16@oakley.com,$2a$04$vqbZGLO9Cv5sRgCT8PqMo.7Expe/hvMbVrAjRs4YyZDaYgi1qxGUi,212-371-7986,8489 Northridge Alley,false
44,aabramski17,greagan17@spiegel.de,$2a$04$HGOEgOSZAYBYYpbBOmN2K.r3qN3rcAJ0nNVpXFQ8WjCau2b1hnCZq,294-246-1528,57 Logan Court,false
45,neymer18,mmillhill18@omniture.com,$2a$04$RMQIwwrQI3IrJoR3wN4uYe8FKDyViK35RDzDUF4jWEOmvIh2XsyfG,968-372-7487,6 Independence Center,false
46,jpetera19,earnley19@chicagotribune.com,$2a$04$IahDYeDqCkz5G8WBaIttsOQPEzGD1occffTDtkFclO8uMMinhWK/C,727-647-6142,89 Pennsylvania Trail,false
47,cmichel1a,rsalmoni1a@live.com,$2a$04$pDzPdz9yVezkuU/LVf4MquB5W45otZwZN5g9cSOQk223Gu/JEFC5S,371-136-2246,396 Delladonna Avenue,true
48,hready1b,kbendan1b@deliciousdays.com,$2a$04$uXKrCPEvZ6NNKFI33JfDb.Oh3Kk9c3lnOImLYItgEsFpc.qmvVteq,849-217-8344,144 Del Sol Avenue,true
49,plomasney1c,igrammer1c@youku.com,$2a$04$rdaPOlpom3peF79twQIJAOAVdOmu8/8lpaTtFEytD9XTjG6eloUVq,712-850-1626,984 Riverside Circle,false
50,kmilier1d,jheddan1d@imgur.com,$2a$04$vaW6Yt3zRAcg4bQfNdz5n.2zKUyBf92ACsZwvqrRpeYYFJlzgwmwa,666-945-0569,970 Rutledge Street,true
51,rcornbill1e,driddiough1e@arstechnica.com,$2a$04$osMB50fydejJ0bNOq.7Zy.ehQ/hZZ9.coH0Ek4ara6C8OPowZ6Z0W,812-199-5489,11 Kings Center,true
52,whanhard1f,wemmanuele1f@theglobeandmail.com,$2a$04$RPOVvcmHe6IYwKhR.Urup.01ev/n86VstSPh3LaaScJoFqxUdXJmu,204-383-8559,8 Oneill Avenue,false
53,jpaddon1g,hbrastead1g@redcross.org,$2a$04$4AH.li8Au891gfe3a3Xe7.IBPwThC1VKnUrmm4eXN9tuMxnWYgF.y,315-763-6670,5 Onsgard Park,false
54,mkneeland1h,rrampling1h@seesaa.net,$2a$04$unskgaFpfVe3x9KYJu8c8OVdrkDvw5hR1Bm6ei/FPfGDRH7SuuSCe,730-845-7765,54 Carioca Drive,true
55,gwildt1i,dgricewood1i@theglobeandmail.com,$2a$04$CjW2SD/B0kf2AWLcy40KF.TpcH21XFbJNy.RPV/jmXHZkj38uwY..,632-883-4254,9 Shopko Plaza,false
56,pcotterrill1j,bmonger1j@prweb.com,$2a$04$kbvW4EO5GByXRexQWtM9S.VDLA1lUritdVMMfhpEtOrR3i7dCrz3q,946-876-2662,8549 Mallory Pass,true
57,isilk1k,mroseborough1k@networkadvertising.org,$2a$04$bm.lPlWgodn177ZX9QUAgOYsqNFOQ6ti..gJyLFKfD/RUq5DBEF3u,235-704-9376,0863 American Ash Park,false
58,pharnett1l,mcant1l@netvibes.com,$2a$04$Q71pWPnDwDBVkvwcbZhJc.B9wpHPZ7mqkAwe9MyIYYd0P1bF2BPu.,237-856-2760,7 Lerdahl Road,false
59,mklassmann1m,rpiscotti1m@omniture.com,$2a$04$ZVIGImB7lXKvJLSUDtksleRaQX1E460CIDS/2LYE47fX8E1E4Hc/i,341-552-6807,51 Steensland Drive,false
60,kdicey1n,bmcindrew1n@merriam-webster.com,$2a$04$9cmMF0XfqhSqj1c.HCzqNetfMsRG6aR6sLIiwDM5MK92fSA1i.6ge,641-176-6814,23 Talmadge Road,true
61,nhinkes1o,mnoulton1o@360.cn,$2a$04$95Iz2j4KG4fooA4aofu0c.ivWO7mhlJXf42sKOnc/h6S1.vDwiKSC,498-959-5472,8 Nova Place,true
62,fcrohan1p,nnewing1p@msu.edu,$2a$04$QnhJ8cajDSKtuuaRHKaou.9pbelWKK/W7QJvdKeZsMhXZZ2xTasD6,192-998-0374,0821 Boyd Park,true
63,myurchenko1q,fvivash1q@cdbaby.com,$2a$04$CkjaQwDQL/3xmfuOHdnlH.AVxds5z6UGb0x8/GsHqEWzbGVM27JDy,499-711-2328,97756 Petterle Center,false
64,hchesterton1r,apattrick1r@storify.com,$2a$04$SI3hj77nSpe5tAytzCUIweWN37M0wR6cF7u0u36KtCnZcH7usbViy,490-377-1758,1 Bluestem Street,false
65,mdickey1s,drusbridge1s@mapy.cz,$2a$04$ufsq08TiMGj.oAaDX/rQNeuZwfG3AxpaSTAMTFyRHBYAZ7g6k92aa,156-718-8143,96 Pennsylvania Drive,false
66,cmccreery1t,aspear1t@dyndns.org,$2a$04$S3QY5bYr0tC9kWTsjTzKOuMPw8QlIPyDv52vJQA005g89KBgUm312,394-143-0220,59 Fairfield Drive,false
67,cprisk1u,fsandell1u@yellowpages.com,$2a$04$wHZYCr8NCu92jWDno.1Sn.70hQh/w1cbdp5tyKA2vpyM/2ed1tpeC,168-138-1380,89642 Fordem Court,true
68,ltrustey1v,ecapener1v@unblog.fr,$2a$04$HrKKOhAUxZHqzLQTBPjhNuqRg4AXQOmyCzDq.HiBeBYkHrkmmgI3W,564-376-2582,15 Packers Hill,false
69,gshivlin1w,dcolhoun1w@devhub.com,$2a$04$tjWrtxvexyrf3tUfHKQQZunwQ2H9xZ/qecFB/vfQRvR2o4VV8owNi,200-342-6215,1 Rockefeller Alley,false
70,vespinosa1x,pcumber1x@flickr.com,$2a$04$5q4oOUWtVtXmNFr7oxPawe9mgUc6UkUemeBjTJiJEix.9m.TRdBVG,944-164-2642,1 Oak Valley Center,false
71,sworrill1y,atumilson1y@vimeo.com,$2a$04$1Eth1Y1xIEKwsHL0XBrCf.X8m0XptM0prf9o8yxVC6gT0iiKEFKni,142-721-6800,15972 Summerview Court,true
72,fbearblock1z,uhoulden1z@reddit.com,$2a$04$0.mymCmcHmyiDaZ.4K8ereNFMgz0mfummHpJtr9giDcK8FlRZSR.6,181-658-0637,16808 Anniversary Lane,true
73,cespinheira20,cpattini20@blinklist.com,$2a$04$SAL2tYjgRFcp0KOwxdG5DejH8NcX/Av8keVFyEFhDeF00w6FW4Gly,875-255-6077,8912 Butternut Pass,true
74,tjean21,oaffron21@google.co.jp,$2a$04$7xABSwbvnqu28jGPfXMkWu.QTbZ3anWGDNwcR8j2UI97bpRKkxuCW,315-812-7931,66130 Warbler Court,true
75,cseiter22,cferrea22@chicagotribune.com,$2a$04$EuFoWVwTJtg1gZIOsYaeAutzqmiwE/EOVhLNTKWhqfim3Ap8yNbAK,315-640-2541,3 Hazelcrest Trail,true
76,rmckag23,ohastie23@vk.com,$2a$04$XKp1tsZkk6bLFLj4uL0JIOnG9bDGd/xNHvJJChdkCTJzahgDeKxFe,565-406-8563,4676 Mcbride Place,true
77,lstarbeck24,smapledoram24@php.net,$2a$04$CULLkqUhvaGj/4sOZWkfsObIMQT0qIzsRueO/LOs/7/mo3Z3ms0yK,288-982-8854,26 Valley Edge Alley,false
78,hmatthew25,bjuster25@reuters.com,$2a$04$2aTMHcf6sN9OYkVDHXtSW.J2/nInQgqcsjczRsHATN9uo38d3xp1u,426-904-5308,860 Carey Plaza,false
79,ophippen26,gmaggillandreis26@shinystat.com,$2a$04$SD1Ev8XWmnsVYIvwZPusUewagG9GlK0k.lxF5iLqcNsxfRI0qUEAW,276-614-1828,12040 Lunder Circle,true
80,jknocker27,wleversha27@cloudflare.com,$2a$04$PCkdGqd6AS4mr2JvhHE.xeHTbFLxbZQ5j2IC2kRlDMtAF3Etchy46,707-229-1842,111 Manitowish Road,true
81,dinstrell28,aconnochie28@exblog.jp,$2a$04$nl6aCj6MnuAfWMRVsy/ZzeSu9cjJTQJUTzcgPghNa6X5QmsfZkFp6,716-760-4324,420 Hoepker Park,true
82,ostanlock29,dfick29@marketwatch.com,$2a$04$6gPWWcxUVGwcdOFE7ORzMuhCYd6k9FT.DPc4qNqNIsliY8oe0zYDm,116-214-9907,81 Spaight Place,true
83,rhockey2a,acana2a@alexa.com,$2a$04$aHAVJy8tFPyOTx/R2pFCF.90PDovVprXlm81Ds6enAHTEI8uUdJVi,719-534-5942,653 Hollow Ridge Place,false
84,mpaulitschke2b,gbirdwistle2b@istockphoto.com,$2a$04$xg.bAbtvpOq7Rna4NObE4OoACF5jOCI5.Qo6mNJiBL51imAaD4SbC,618-722-0501,6957 Blackbird Junction,false
85,glackham2c,serratt2c@jimdo.com,$2a$04$7NozP31.sEEMoyfqRlWYLuW.ZQmlwnyEZQw/QSirGrtm90Ap4IPFG,764-701-6022,133 Coleman Way,true
86,hbrocklehurst2d,skoschke2d@parallels.com,$2a$04$cXXM5usuT29vnwJHfp.BP.ttXQyUZFpGv3B6Rli4xh2uikVJR21cC,760-385-9136,9563 Barby Trail,false
87,idecristofalo2e,gshreenan2e@europa.eu,$2a$04$er7RbaWxumk4GiEAsuYF.uwPikF/cdgIhc0EpqvuqoCf6TgH3ZtqK,599-620-4216,1 Warbler Hill,false
88,bfoulcher2f,llewerenz2f@usgs.gov,$2a$04$ufHIvgAuCCU7VSpLpG8Nmukf7EOEhhpwPt.YmCLgBDicKuj6iqRby,721-226-6990,08848 Jana Lane,false
89,mfursland2g,tkillingbeck2g@storify.com,$2a$04$8yE0wGfK7h3s0oqpTn5eJeq.UlH/TXljmQVKv6UGxvnNFWipFSFhi,168-729-8107,7859 Stone Corner Terrace,false
90,cblumson2h,hhymor2h@hexun.com,$2a$04$eumxRWu/ABd2SQJlB16w7.BiwcNE.wzfSVhHiPZs0CYP8DAp8I6vi,468-737-0580,28921 Sycamore Drive,true
91,gsherman2i,thavenhand2i@bing.com,$2a$04$lgKezT2g9BVGmU4PYHeaXueK18BdU7qCRWi1BRc.O0xoBKXOkUese,428-245-4570,0 Hoffman Trail,false
92,cshegog2j,bverchambre2j@trellian.com,$2a$04$tYxQYFpmayPNwOl5kNmhv.l/cUeEgX0Xtgeu3muAOGx3Nv1AhJ6Bu,566-761-4829,8924 Pleasure Circle,false
93,hlangcaster2k,cstebbins2k@ifeng.com,$2a$04$eugigxmQnMbW4VkJX5XYYeIgmHvpa9yifuGEjS9v4umFpcluo9/06,855-413-1854,85680 Old Shore Street,false
94,adonativo2l,mblanchflower2l@cnn.com,$2a$04$pZZjppX4rBCeMAOyxylzo.DauJz1gaXeVTSbDWHnS7gxgDJgP6KiO,798-954-4992,62 Golf Place,true
95,gkingsman2m,rhandrock2m@unblog.fr,$2a$04$rLZm.e.AjNJQwwm8ZNLCw..9grENmLhk0X3eId1Pttp7nucd1F9Da,840-444-8426,88 Chive Hill,false
96,gkarlicek2n,amaides2n@google.co.uk,$2a$04$pxDtl9RD13WXGusmEPb0C.uHqqa6uZpf1f94AkJHiEjGOnZVmeIU.,973-252-3081,0651 Hoepker Circle,false
97,lgallant2o,ldanielian2o@etsy.com,$2a$04$aGWLB4zUx7qhjq8E/IM3Oe8BWWTNl815Nyi3lEX0rRzs3mq5MJnxO,112-695-3589,4669 Haas Point,false
98,tgoldstone2p,tpleager2p@tiny.cc,$2a$04$RIiaa324Gv6cE0qYVJ/TV.yH6s4J5j1nDChloaM3ZPewHECbOzsda,860-846-8337,7290 Bayside Hill,false
99,mstockhill2q,jgillhespy2q@thetimes.co.uk,$2a$04$vFsSbZf8twbvtQ4K/VS5je4bWS.Mt4mYhItoadS3ES6ogsX7NI6Kq,597-241-5343,4 Doe Crossing Hill,false
100,lnorthern2r,lhasselby2r@businessweek.com,$2a$04$OBBu/Z0ZlYB3Fz6ALW.UAuVKZhD4cb4AP7ZiQ/IUqe8PVl6bCiN1O,509-762-6508,36 Rutledge Way,true
101,lmoxson2s,cjacquet2s@dot.gov,$2a$04$0FSfzPVtAiICmUhEj.Q2zOzdbUBjtzLUfn5NxtAyFT.JH0/rIO/rW,263-295-4026,83 Ohio Lane,true
102,tsaylor2t,pcouvet2t@vimeo.com,$2a$04$QzA07y1y30zR9rybA2Dz6eGpJnSyvACARpvu4pZUeoRvoCxUU/6Hm,615-139-1724,3 Manitowish Drive,true
103,epritchett2u,mhansod2u@time.com,$2a$04$bnYBBP2Xf59I12tJHd1UxOa3udt4N5GCW8n6YFfGoeBKXy5PFrcCq,538-118-7544,07077 Kipling Road,false
104,daxston2v,kshalloe2v@tinypic.com,$2a$04$ThFQrMusE0R/oYfLDi3GQeWOBuIMlvNB3Zs/zt/0d9X.GKzMuNuFm,773-109-3338,47120 Kipling Plaza,true
105,bhanster2w,nbart2w@vk.com,$2a$04$A0UJNOcIetf.zMyi3Kqvm.CM/psibMjYeLpTF7MBlWx/yKzr8Gdv6,588-270-1648,30 Lakeland Center,true
106,echarters2x,jstronack2x@ebay.com,$2a$04$wyrw.Xx3y5i2DdBZaj5Xwu14/eQcippSBZgZb00zoWfohlDYB6kKu,482-104-6685,23 Schlimgen Crossing,true
107,kgouny2y,wwestmorland2y@cornell.edu,$2a$04$slz13GPLNl1lHtK2iVLwOeV8QuiIFJeSEb6Ud2lvMI1eS0MRPQhje,661-922-2750,99764 International Alley,false
108,lcorderoy2z,rwillerton2z@bizjournals.com,$2a$04$V6ldmH5GO2A./1kh3JRmNeXck1nZSXVzoWFwN1P68pdjg9cO.HZUe,251-482-7467,20653 Anderson Terrace,false
109,sthames30,ssaynor30@barnesandnoble.com,$2a$04$WOxMCzgQ36uVH7GXeMlA1OQTkdWdePdKpXvEm7dQUceQ/QG1f6u1e,822-647-1989,1 Bay Court,false
110,bcrippes31,hbarenski31@dedecms.com,$2a$04$5b8P4//xj3Uo1R.NydNcR.Q2bJDX0GtDFDUloK1THPQfrXw9hZGS6,120-721-4002,3 Scott Way,true
111,cmcguigan32,mpopov32@mtv.com,$2a$04$7/8Csp7CvHOfu01WjeSFmekFkmIBwiDKscZezHDUP3ivglAdMMM7a,697-626-8276,0 Montana Trail,false
112,cchisman33,hoakshott33@ibm.com,$2a$04$5DpQzQGvcpI9c..98AiA.OmBpQWvxKrQXYokDV0bWU90t8fQ1JVg2,626-227-9270,96 Riverside Pass,false
113,kbalderston34,vpavlenkov34@hud.gov,$2a$04$Ovp89ktcVc3c1TJtpjr4LuXcIK5SN.jsyneRaWbeaoCX2lYfIdZpO,220-514-3656,4 Garrison Pass,true
114,zbill35,lhaveline35@alexa.com,$2a$04$vEiGDxG4WqlE6iBW9v/r8OvRkip4OqWCLvoBl7ggXmF1Is456.Md.,150-605-6923,0734 Muir Center,false
115,ekarolowski36,dalleburton36@furl.net,$2a$04$GYhZAD/s0BX.tppqlP4IlOCNT0RyAR3Pz8fRhiND9tY3h/HHfM9py,621-763-9510,69 Johnson Avenue,true
116,fmunt37,mseater37@blogspot.com,$2a$04$eHOCw9j6kq1yCpn.YNOGMOzB4WZvkqvPn4OmcVVOQOWKdP9hw5UNK,150-828-1138,1079 Buhler Road,false
117,wdyte38,grugg38@globo.com,$2a$04$KIZx6XBa4xjY6iEOJfsf2.96cfNNbeem81lZIN4U3EvkTp6wGeg1.,188-978-9984,681 2nd Avenue,false
118,ycalloway39,gmahmood39@twitter.com,$2a$04$Xz6yF/K8qU02eSU1D0tipunORSem9NL3YpWwnseeogzanwg1eQjOG,292-946-0231,7959 Montana Trail,true
119,nhebden3a,cvigors3a@reddit.com,$2a$04$GMx22ZyHBnuywwjW5UwbMOb0ppsLIkUk.5A5mVa2WJZOBPd6TEjH2,989-811-1919,241 Merry Plaza,false
120,hwhitehorn3b,abuckleigh3b@aol.com,$2a$04$UYth1WDHzj3hehbCuUE/FeeCsB28/z9RC2FktQDSv/A3pCnY5pGo2,111-295-6323,4 Kipling Crossing,true
121,pgurnee3c,gjanaszewski3c@slashdot.org,$2a$04$Whr0zI5RvEdXq4rNyAB6ZedvaXft.PhvHqmqrkeVmocpGEQF.k34i,476-174-4822,22 Linden Terrace,false
122,jbesnardeau3d,gdunwoody3d@usda.gov,$2a$04$zgRTFdPDxxW9MGYTX/iqG.GCQSW2KLw1l8nV1J6y2p095UOcDIBrK,423-921-5307,11376 Mccormick Center,true
123,mbrimman3e,hbrittian3e@trellian.com,$2a$04$2hwwSDM.OmVz6s2YSab/O.6Sp1FqT9rMen8gPAWoftG6ssejAGpM.,178-408-9920,829 Jana Circle,true
124,rmimmack3f,htoxell3f@bing.com,$2a$04$JSk/SoVI7twsMFKYy1psgOVsh6RItwaNpaNjvDV25uC4LzxBR.aoK,516-973-7454,040 Grasskamp Hill,false
125,vjedrychowski3g,tgentsch3g@tiny.cc,$2a$04$yNUYjKgI5bVX3yZ6V/G/FegrIHPO2RnJ9lA4PkWwTxfIjVP0qFh0S,344-926-3770,16553 Oxford Alley,false
126,kcoale3h,ndinesen3h@unc.edu,$2a$04$pf2lCDk/xQMIY1XnECCZWeA8pjZ1MsDe7Matrf7ej5uM0fZLg5NB.,498-448-4655,22 Sauthoff Plaza,false
127,sgoaley3i,dsammon3i@examiner.com,$2a$04$fqUCF1AlgBC3eVr51i4yqOTrlmVDla4ZejwgsB9pYDNziHseTmdiO,304-516-4275,87 Arizona Drive,false
128,rlamers3j,ldimitru3j@timesonline.co.uk,$2a$04$PTcRbvHYaCNqlBWRn4FlyOPUdvc3CRfHVNHNzwsc0T0.oI.RLiZOa,417-346-1621,8 Bonner Park,true
129,fsoeiro3k,ndaulby3k@alibaba.com,$2a$04$jpsCTloOxNh7IAFil8m9xO9PMNcyLFZ.mCdAC8CSdr22VYd3365r6,582-751-0838,216 Sunfield Circle,true
130,kceely3l,sstuehmeier3l@cloudflare.com,$2a$04$h9.TpS3gnHiTSrdLjmlH3.apqPUUKC1c15fQbOMDQr5PBJUtK9yCu,266-962-1154,39377 Moulton Circle,true
131,kdrayton3m,ocranna3m@ucla.edu,$2a$04$1xqqnCPb1LFOPJ7z0r3nYOnvD5t9jhpN/WH60Mq1Jb9ZAGPGXwSIW,432-998-6657,48 Heffernan Junction,false
132,fdennes3n,epalia3n@spotify.com,$2a$04$.2e.BObXNT3Ac4pf4x.O2O7nyL77oT/cc.2I6RU/Ao71JHztFZVvC,532-221-9506,264 Shoshone Place,false
133,mmcmorland3o,apetrozzi3o@forbes.com,$2a$04$LwxqlQRK.YgpP9GttduHrOgglrWdBlWuKhOLfNOD2uhKgFODAaWCu,312-100-6104,5137 Shasta Plaza,true
134,mmasterton3p,tkeir3p@dot.gov,$2a$04$cUVh2O2IZMTMujy7Nj44WOLtAIgTdoP279KqNDDnPKyeKlNvBfFCq,345-374-6793,20365 Magdeline Drive,true
135,hellerby3q,cashdown3q@xing.com,$2a$04$9AcDY68/CQzQzXxXbjoBW.IIVuZVUITiBT/i22lMsTf33fumR6iIG,231-635-4699,62444 3rd Center,true
136,lstening3r,gmoralis3r@amazonaws.com,$2a$04$8ksrW8jtW8gjggZbRph.2.MNJFI13RUeSCa5wwfUNGDEdEKnTyDQy,964-384-2036,9602 Northridge Trail,true
137,kform3s,kballston3s@foxnews.com,$2a$04$OBHmFecN5/cXl6xci4wWUehCSujI0SE8poSAD6LUWbiS9sFi8lcEu,401-125-0419,60133 Mcguire Park,false
138,anorville3t,arama3t@businesswire.com,$2a$04$LXSsd4Lfl9eIZv7fLkEueOq.7yvv.iARTvoFq9Ygd34qPq6KhBJ2a,887-742-5432,3 Chinook Pass,true
139,aveillard3u,eshingfield3u@timesonline.co.uk,$2a$04$WvpFCilUTTAlKkPd4aMWwutJnH3tuMwBglCT1hBG4XZC/DcG0dInu,611-724-0456,8077 Lillian Place,true
140,mdunphy3v,olies3v@flavors.me,$2a$04$N/EGf/HbV1qV3UR5Oy49sOCO0dkTnvhEO78FzGP.8kJZw2O3HqXGG,166-239-1777,69 Westridge Circle,true
141,jfrake3w,mrevell3w@elpais.com,$2a$04$0s3u0qmWy9Y4Cl/KUwjsKOef57iOluVIxsutmleiHpQmGyeEbPn1K,899-767-8748,6419 Eliot Park,false
142,kgorghetto3x,akeyzor3x@elegantthemes.com,$2a$04$uPmvXimeAfvmp89XKomSZ.E1eG48N7jcsqthMaWybxjgL2Blj4siG,920-289-0890,0 Mayer Alley,false
143,sespine3y,ocarlsen3y@gizmodo.com,$2a$04$jDaKA6OL98y9e04xZOfpIOXOf1npbN/3QHJwevAXNPbntL3e0cUKW,652-977-2189,4 Pierstorff Park,false
144,fletson3z,tditt3z@ed.gov,$2a$04$A9wnQHzOjY54xj69kDX6iOg1MmnIiwo41pOAH0Pb1I6Ggdqzlly/i,674-742-2075,4 Nelson Road,true
145,ainsull40,llias40@jugem.jp,$2a$04$HWSqDM3PGSS8QXXdjT3Xj.pLsrr4abM85jcZxCMuLGTNWzH3y0T2u,162-646-6495,43927 Jenna Point,false
146,pbanbrook41,agiorgi41@histats.com,$2a$04$HgNtVz/9.ZRTqIz/jQ9IAeeezu6YbSnOdewtRMFedzBy6v/gFEyu6,631-808-0073,5 Fallview Point,true
147,bthouless42,kwolford42@techcrunch.com,$2a$04$PhQw7QMSRTzfmOEp/UO2Ae.pptdqLvc8QzBlkAIUqumzm6Y68CxIK,361-966-0035,3581 Debs Crossing,false
148,cbickmore43,cjuszkiewicz43@w3.org,$2a$04$mLu431Wxhmy3LuijHy/fWuaAy3R4w7PhWYUMCy3fR.TTKuRCoqYSK,402-841-1838,0 Independence Crossing,false
149,rcarlick44,chavik44@youtube.com,$2a$04$gqRM6XaTDrSrrS5jCGbZBu8mVpv1Rbkl9bWnLajZTReNyTDGd7VJC,891-886-1646,137 Birchwood Drive,true
150,shazelden45,bhusk45@wp.com,$2a$04$rvtf2kVPHtsTdnvu0ywKausTiSEyxk6Swnrmqx72y.Bur8ozI3Tba,126-718-9666,54 Victoria Junction,true
151,nkubera46,akubicka46@blogtalkradio.com,$2a$04$7D2vYC2nl0sFlDsenvhGKOWVYtqtzeuEsjflHbPM2V.XLqIZxA4H6,385-657-9276,9 Warbler Court,false
152,djasik47,gassad47@sbwire.com,$2a$04$b4hccYcXcrrwpnKM/0qY4OMPPtkp0n2jfmJYrA3Q0apD0Wz0q2s3C,532-892-7101,81356 Straubel Road,false
153,wmountcastle48,lburges48@g.co,$2a$04$XG9yJJGb51bUFYu68uNOAeJJekT680dwJWJ29AsDH1tgMMnMZUy1a,819-502-9050,3148 Grayhawk Avenue,false
154,mdohms49,nprahm49@sphinn.com,$2a$04$1RPXMu5QZT.3y1quCdHoXuaoOd4AOXFzTUzCcCTTdxMJ38msIZ6Qm,247-137-8782,11 5th Plaza,false
155,lmaccoughen4a,wprys4a@sitemeter.com,$2a$04$3aYrBbHNp3TRESZpICfTruQvIlYxp.sPEF948OPpCvzOiQf9ozwvS,708-669-4260,607 Ridgeway Hill,false
156,wlinke4b,mgrissett4b@skype.com,$2a$04$2knRTBgUgco/0dHDrjKzUu0e7wDC.R8FQ9B0Fu9LNWZNLk.v2iBO2,969-542-3822,94 Mcbride Trail,false
157,atorrance4c,jgreenrodd4c@dion.ne.jp,$2a$04$0AWIcMT2oSwwvsc3QULiyeVEkAeUqOYjgOssxEoeVJPde5PxSuaEW,761-454-1886,57 Kensington Parkway,true
158,cvallens4d,sgirardey4d@t-online.de,$2a$04$gqSZFftXda7NKqkBCPix9eL3KL4kMMKlwpuOR76v1fNE3O3EPmT/C,487-911-2009,76 Calypso Park,false
159,thodgen4e,estych4e@fema.gov,$2a$04$4mBZTTtR6CrX32ykRqeuMuEnqf0lR2M9E8DZbgwaReYvnId6jAGT6,510-159-6890,48 Fulton Terrace,false
160,hashfold4f,jfincher4f@oakley.com,$2a$04$JcNptYkuGTeM2QK/sX3H5eWUN/J6Y0iKsaoeKhxX/WxOUDig2RlTa,696-279-3777,36 Linden Street,false
161,gboutellier4g,mblasgen4g@ed.gov,$2a$04$qgZwJHJrSvtL1KZ6pSSaweKuonbELaDlP3QIsNfZnmAQ0tbmlcfqG,878-911-6266,6 Summer Ridge Center,true
162,jgregoli4h,hscadding4h@alexa.com,$2a$04$Xolv9KrYTl.QqwV33TWz8e5JfLeRu7114BB7tF.tSurLa.lwq4URq,751-535-3602,54196 Vera Hill,true
163,pmathiasen4i,aionesco4i@ftc.gov,$2a$04$sEUwcYaoao4A.ANizJ7C/OKxiNM9QW6uibb/PT7WdLGo5M/4ZyR8.,382-103-9599,0 Meadow Ridge Drive,true
164,ajarret4j,tprue4j@hc360.com,$2a$04$wFZx4iRdjbs7wy6MMNMQsuKha3u/G4ZU.KZByas6kpsbYtJtw8kkK,918-482-2768,546 Laurel Pass,false
165,qwoollhead4k,pwoehler4k@bloglovin.com,$2a$04$fcnVHBxnQLlsYHInzDL8yOz.FY9p4K.heoIjxZXDsaDdCO/J.J8hm,338-141-9866,4278 Sommers Alley,true
166,ddullingham4l,erook4l@hatena.ne.jp,$2a$04$89/BAkMzOLesXUJw0ln3JOpbTzVcLBQp4hZh5z5rqEncozdujsGsy,881-967-9586,537 Mosinee Trail,false
167,eharlow4m,apyle4m@archive.org,$2a$04$4da.9Q3uMds62AbV2QT1U.hkzCpaPWFIFoofOvOq3blt7r399snFG,323-997-9975,426 Melby Junction,false
168,ftitmarsh4n,fpelman4n@ucoz.ru,$2a$04$/rW3MqIS/fhmtmmDPI/P0e5eRE5Rlw7vUyNBhbVU.OWYdayjmElmC,932-406-9088,93 Elmside Center,false
169,nfackrell4o,ahains4o@purevolume.com,$2a$04$6wrmqvqEOmbBZ2hhvY5Ieeua5I8f8DeiS3JZBzMM/dmc1dmFjfH6G,892-376-3872,14619 Forest Parkway,true
170,abury4p,pmoryson4p@abc.net.au,$2a$04$NHqsorVyIqp6iHrJqAVWyuFyWkBeYclsklxAPesHerK5PXGlgHv1K,680-478-6118,0 Roth Circle,false
171,ascollan4q,pwadelin4q@china.com.cn,$2a$04$aaEbnol9/KtW9Ym5TyJhEet01d9ATRBOePa68gGHkAh61ptb9tNSu,898-690-8772,19 Sunbrook Road,false
172,bfasson4r,aberr4r@va.gov,$2a$04$K/wFTeu3aBbq8xV7A66wF.ZAO04m4dYyUkksR/G.f7XjiG6z/uCv6,283-988-5501,221 Fisk Alley,false
173,kpolak4s,ckirk4s@sohu.com,$2a$04$OY./f0PHAuloQcefwWvhFuGIWGiEmTZfaZ8bZhA6rBSMIPb/cd3sy,628-455-7671,38057 Heath Crossing,false
174,gcosgreave4t,mcatlin4t@techcrunch.com,$2a$04$rAeznuafy3/4753yA1dPNeikIXwAnMMvspCYKS9IYzlnj2sZgH1ka,664-826-7366,874 Gina Court,false
175,bmulbry4u,cdufray4u@si.edu,$2a$04$6W84GbBGSpXneFS9APGsZ.4VVthOmH.KMnrPTry3KsP3KZNu1ZQQW,935-367-1408,78 Nelson Parkway,true
176,unesey4v,sgaskin4v@drupal.org,$2a$04$ktgK.51HRPKuTbR6iT5uzO80LmDusT.AJ3OAvFm13B9H.no11/CJ.,771-981-2720,9786 Menomonie Way,true
177,clettice4w,tdebrett4w@geocities.com,$2a$04$E6nk2zhQ6cNbON20bVAVEuk9gUbWr8H8IBksSzuE5aFtv5P8YAZ9e,920-664-2330,23 Lighthouse Bay Lane,false
178,mgogay4x,ethomsen4x@cocolog-nifty.com,$2a$04$05b2laPW95m/TqGWkiHLvet3dNTb8lzp/2Lb0XnVIsIZmU2UlErUK,126-736-9455,53 Donald Terrace,true
179,lduguid4y,jhamblett4y@phpbb.com,$2a$04$h6Swh2pr0S8PFm0kNnrVJexooKjvsO8qqtMrQrI.jUguhC4UNBMf.,242-549-8494,8632 Onsgard Court,false
180,bstithe4z,mellerey4z@house.gov,$2a$04$GbrPdro23nUlblPIBE.kMOYHQUhOAynOFIA6E//B1sh05qXbG.SNG,941-870-5542,1365 Golden Leaf Alley,false
181,draubenheim50,sbidewel50@tinypic.com,$2a$04$RAbGpOcTVE9ihh8yA8MjN.Qe0kh8oF8BOKcaxlAHqxnr5vtMGBGeC,375-639-1121,6408 Mcbride Street,false
182,acleef51,hlight51@hatena.ne.jp,$2a$04$sG/LLveegK/jCn2h4yfit.VON/ajsPrBnX/ZoErYkAtoCjmfa3lVS,891-823-6169,1 Monument Alley,true
183,amoncaster52,norigan52@reference.com,$2a$04$wmhU0Kh6WsmTHE9VayXEKu5X/s/mKlv.6.VC6pKlUkWtGrosl1u.K,222-676-8852,86 Eagle Crest Street,true
184,gduckworth53,iworcester53@mayoclinic.com,$2a$04$MoNCpy6J1PABj7FxUGJraO/dxrF/e3JsqH8yj0Sl/QinA6iDBD.Yi,544-327-0289,6170 Lakewood Gardens Pass,true
185,rsherwin54,srubinsaft54@51.la,$2a$04$5nglBeURnjOglBufUMFjCeB86FS26HnceBEMtNGupcB2W/hZhR4Z.,873-440-9158,4022 Union Avenue,true
186,ydenisyev55,btolle55@ehow.com,$2a$04$3MJWDY2n75uNGlAgRpNdK.itj0niQSRyMU3jZxeEm88eVR7FRLev.,830-831-5482,8 Schmedeman Terrace,false
187,hmeineking56,bmatisse56@ocn.ne.jp,$2a$04$aIAu6veRZtw2K2lytDDQ/eOloPLvcWbJAFVnw3NTkXhBbaDAc/5Im,879-565-5178,9121 Grasskamp Road,true
188,iackeroyd57,eposvner57@addtoany.com,$2a$04$OXYerz7FESLqOhBIeMkQX.l1OKMdJ3jdlO.WIvjpvh7c5wjCFReea,491-665-2622,509 Stuart Circle,true
189,rhay58,tflisher58@geocities.jp,$2a$04$olIXV0dz2mgk9rsvIcJbuu2VqTv.CRDqUxE1hYLNu4UQcXs7iSuGq,461-154-2230,054 Derek Alley,false
190,sbackson59,lspieght59@tinypic.com,$2a$04$uR9Ju2Cc2NZa63J06XFgL.2KJ2VC01l6uqjIiEjv9jnMdExI9TGr6,673-815-8078,432 6th Parkway,false
191,ccooke5a,ftrobey5a@wordpress.com,$2a$04$QX8ZZGyoNbZ4tR0Dtek.xeJcBdA79He2SKvAQ.a03k.NIXxVWz1BO,407-774-4585,6 Hovde Hill,true
192,llangelaan5b,rminear5b@aboutads.info,$2a$04$NayH56K8zztM3L9hv4ArI.pDfkup1jQdvur09ovoNoaE1eD1YBjt6,412-284-7187,4308 Scofield Lane,false
193,cerrichelli5c,hbootherstone5c@people.com.cn,$2a$04$.SlLue8mD7OJ.1FsGSzz1OcIogAwUQ93JvTKMg320cVf5rUKwftGq,554-241-7767,57 Waxwing Street,true
194,jbloodworth5d,mmcreynolds5d@netscape.com,$2a$04$vCemIwopIZ/uL0l2fRGo5euDBx3BpMbONGdxDN62lFJN869qOfhTO,405-339-5118,18102 Hallows Avenue,true
195,gmctrustie5e,jshurrock5e@themeforest.net,$2a$04$mdpQauTA9XloDxlkfExY.e9s0KkND/l0nuxTuUNCN0Bev5NN7QFeK,487-445-4631,5713 Macpherson Hill,true
196,mduffit5f,aygo5f@abc.net.au,$2a$04$fKEm1hmVUitx4gJKEtuYZeoqtTcB4L.O5hQGq1lvJG9lxFA9ap0ni,518-116-9480,5 Cambridge Lane,true
197,trosenauer5g,bchene5g@storify.com,$2a$04$8ih8t12d.15lnuBt5krwsuXa.V7d3I/J7N0m9G5A6d1mNbDVH57pK,656-874-6237,890 Blue Bill Park Crossing,false
198,ccootes5h,jscaice5h@mozilla.com,$2a$04$Jxwa1gtx8ebHpwt6t6n/OeAzKKjfG.E5UAta70JhGfwlD4eQQlkqa,293-188-2219,3520 Laurel Parkway,true
199,fdruett5i,kjohanchon5i@engadget.com,$2a$04$e.Y6cyDGqpwnwbc7waYM5eHC1NbWJlQWDDbB1XOagwU2TEOsAXzuW,961-309-1647,06 Oak Valley Court,true
200,wpython5j,abeevors5j@yellowbook.com,$2a$04$aayAImA/EZl54issyaywx./56ZPTpQP39jleCZWuk6BUJBpvLdl2C,717-421-9194,9708 Commercial Plaza,true
201,kdrust5k,jmcgiffie5k@mlb.com,$2a$04$KfA/Zrku.orK.dL7ygk0pOPW478dGEB2ANAbxAsMN8zGiXFxhuTMG,774-991-1096,44835 Northland Terrace,true
202,cdennehy5l,rdaubney5l@tamu.edu,$2a$04$CNiWNyBTp9tSPSZHWXlzEOY3BtyDtMU2XMiysqR4uZu.rkdjkTeIW,346-551-5568,081 Bunker Hill Place,true
203,owastling5m,rtippetts5m@washington.edu,$2a$04$2VnKA7gVQyxuKK3L1hSfPuVTbS/1h5r500U/.2nAI8qQscevfe6Ei,931-166-8988,14 Pond Hill,false
204,yyea5n,kingham5n@delicious.com,$2a$04$qNJbLq..rFg0e.wp7CqeOOB2.tYBKdPTd3pwzV2i6VBLl8MH9hw8K,377-125-6382,866 Badeau Trail,false
205,sdyzart5o,cbrunstan5o@va.gov,$2a$04$wjPN7Q18bNMUmJ3VBdpfhuq1Kc0DQyBGWDZnzVDoe73TK2Y0dMjrW,591-197-1232,56174 Lighthouse Bay Street,true
206,adrayton5p,vgreenleaf5p@yahoo.com,$2a$04$1NCPKksPwEfenbZ7FmsXhOi.PtVzRwidgWkbeyrcGos4wiEELfqa2,721-149-2518,04322 Mosinee Junction,true
207,tlanfer5q,shannan5q@noaa.gov,$2a$04$5PvH7xlWXlRMKVzcYlImYeD2DV35UFeoyIgWvt/WMtuiHJ41lcjC6,993-127-0670,8364 Hooker Park,true
208,kgives5r,lbrach5r@yandex.ru,$2a$04$x24eyYKNraFiIyaEhYojCuusiKhldtoRHsHPs./N1.eCwa2mfuJXa,554-723-9169,194 Eliot Center,false
209,vchildren5s,tpeake5s@e-recht24.de,$2a$04$N48918rgOPw/FgEjtb3UHu.41a9yLtx./iIqdBwqE6QdQQSsC2ETK,756-303-1022,98283 Karstens Place,true
210,abrinsford5t,tames5t@foxnews.com,$2a$04$HaWl8JgOgvgWg..YiaIGc.87tMHAZG51.GwTPxmoR8HimeBP4XSSi,741-912-9506,81 Straubel Park,true
211,kruppelin5u,dpesselt5u@angelfire.com,$2a$04$yLq0RjP2W5WOMZVomAI1HeCztk/fLC6wOrbgUMB3HeXbmjY5oYuei,416-321-5454,2 6th Avenue,true
212,ahannum5v,wpetriello5v@etsy.com,$2a$04$Ar4IMl1Ccuu07fHgv/D4Kujyc1vMSMSzfKhvxmxMv4afUdn9X/23a,809-628-0757,2 Washington Crossing,false
213,jpendlenton5w,ecansdill5w@cbc.ca,$2a$04$Htn2q6kYJqf28OSIlWzDjuy0Got0mWNyZ3sKa4fFbt5cjjL6/9uWe,105-735-4830,0 Gerald Road,true
214,dherries5x,reye5x@wordpress.org,$2a$04$wHQc3p8YtgwQJ7PJUZ0txezxpFiiKoYgRDd3GoqyQmADBH6SLuJH2,708-423-5793,14 Scoville Parkway,false
215,aseers5y,dmacallam5y@fotki.com,$2a$04$dKly6jpnPQh4X8MWL5PCAuKkY4p2Xv8e9nPhQTzwtuU1KaVDMN2v2,621-818-7283,8973 Orin Place,true
216,vdrever5z,atokley5z@soup.io,$2a$04$P6CTQyMkNBxwOBHA60eJOOOH6Tz9csDXyjOqpXdFVOj35o3ImRqyi,486-561-6312,17671 Kings Pass,false
217,mdoodney60,rtestin60@who.int,$2a$04$pt.pOPOXYijHpjY8aIxo7Ow4mrOuNWUvXA.TSGxMvzsB/DVzpIova,492-880-3556,6858 Schmedeman Plaza,true
218,crobey61,cchater61@jalbum.net,$2a$04$NpidRu6PbY/bnnzhGQk/uuxEu57cf//bdAF0NZjKlrTmRp8i6xEG.,593-189-3795,2867 Warbler Street,true
219,dcowle62,toak62@nifty.com,$2a$04$IwBMrDzHnWTxzZXi9wm5kOzB05JLZJO56/DbbkYNQbMfO28rgX6oC,628-549-3924,7263 Old Gate Terrace,true
220,bbener63,mdawdry63@yahoo.com,$2a$04$F5gQHcTLK1VD54sbX2Y4X.EnLveYW2Oga4rZ59wckKHeKPrcXkxMK,569-751-3580,7776 Eagan Lane,false
221,srichardot64,lgoater64@chron.com,$2a$04$osYpJzEuU3G1r.xxpKqORObdMqmZ0TBlta8zXRi.sMqv9yzAsjVAq,344-623-8397,7 Melvin Junction,false
222,cdemangeot65,btungate65@ihg.com,$2a$04$WmqllEixv4LNQe.oETqsx.WhJHBMZZmSqtw0N83Gq4ZAGhQHVuGyS,666-896-2492,56 Prentice Point,false
223,batkirk66,tcristofano66@canalblog.com,$2a$04$CVUaRGk.SgEmrAgz9zr5/uHCOLGtJU/ZZorbqtjkVF3H/fffVtTdG,770-507-9650,192 Larry Crossing,true
224,tcornfoot67,vvondrys67@dropbox.com,$2a$04$7KBn.BDaAsSQhbFru8N0Vup4LTOxufoO1lLObangtP9AEvDUO40Ie,774-776-2606,9 Portage Hill,false
225,plossman68,aquestier68@loc.gov,$2a$04$70XE/OBfysxkUyZ81.87Xe2wQ3teI9HUUhhNZhLfjoaztBLYdMc8u,438-446-9671,3 Monterey Circle,true
226,cdorricott69,stelega69@indiegogo.com,$2a$04$MXDxT9LXrXjGyp1dAPcUo.z6t4DsM8aTHU8OlUrapy6AA5mp5dBL2,432-267-6874,75 Bultman Place,true
227,rlambrook6a,jwass6a@berkeley.edu,$2a$04$iNDZ441nre6p9d5VyhNhMOLp4HbVv6K6NaITlrQIG7XDvK6vybXlu,301-481-6573,614 Farragut Plaza,false
228,asewill6b,brippingale6b@oakley.com,$2a$04$74CVvSGBHb2xvFcxxVxHUO5IolNzLf2M5Lt4O5UPdCzRzCuB1rxd.,152-597-9270,06 Hoepker Place,true
229,nrustadge6c,mclarabut6c@reuters.com,$2a$04$wiH9BOk0KBXehwkx6oTQnu0JKKvs5L.Xl9cKee/9L0f5n/9Y4qZQG,659-652-8169,8 Cody Plaza,false
230,esikorsky6d,asign6d@earthlink.net,$2a$04$1Ijdja2zbmjDPvzvHpggi.KyhSMLItwMHCpsI0IEUPKcBfyXhBaqq,582-973-3373,015 Eagle Crest Center,true
231,hkonmann6e,ibrotherwood6e@samsung.com,$2a$04$f4QK5wvY3zMjmiYYvH6Xau9.gJjawkmX8FD8gPiquDlWr5ZEM.grK,119-585-2264,294 Northport Place,true
232,ajedrzejewski6f,dbowser6f@senate.gov,$2a$04$Gg9BdVyKZP/OR.L4BCm9huqSWICE4ZJv1Oz2aaBrVm8SONqLF3nHK,614-326-6950,33 Paget Pass,false
233,rtoulch6g,dwison6g@sciencedirect.com,$2a$04$AIv.WgZHRWKD.vYD47WBxOs.mxTtih5VVzEDtzDgiOKWSOlzaILMG,744-899-1233,82 Autumn Leaf Drive,false
234,jmatuska6h,pbompas6h@behance.net,$2a$04$xAXy1zJC.7lLAMkwOSxWmuHJFlfbjCi00d5Ok/njLShy3TfI1buPK,580-532-2496,8 Cherokee Center,true
235,akift6i,folennane6i@youtube.com,$2a$04$Q0Y91zN/qG2Gfk1gixRlj.OZzdpi2EwOdh7Tug5BJZWJCqNJ2qF8W,145-335-5353,0 Maryland Hill,false
236,gdurrance6j,kpalleske6j@photobucket.com,$2a$04$7KIe.LtbRliuNozBqdakieLn7vqqasifwHpuGeAceUZj5TUwgGmAK,641-741-5814,15 4th Avenue,true
237,jtunuy6k,mbogie6k@dropbox.com,$2a$04$il9.1QWVd3k1IilaVbeUrOzDSXOPxRSUDc3xI9uu.q4yVteCA0z5y,111-124-3575,22 Muir Plaza,true
238,hlowings6l,ptheis6l@ehow.com,$2a$04$FScStzwIbSPsHWSbSpN.du4dV43XPzQhfG1RpmKNksGNRjzWRenB6,695-697-1017,7894 Sundown Center,true
239,mezele6m,hvanichkov6m@artisteer.com,$2a$04$WeQrbjbLi2swLYJLu7BWYuPx.6iuxbjkJ.x3HznnSGrvNAEV.mMqG,393-748-6093,3195 Tennyson Crossing,false
240,rstainburn6n,lfullagar6n@craigslist.org,$2a$04$c1qwbYNLphb4zMD4q8WsKemtrOAi97YDJI4T.Tfv4RjprOSFIGBhu,125-868-5579,792 Warbler Circle,true
241,emorit6o,adoag6o@eventbrite.com,$2a$04$l45PWl9.UD9SqQc2RrDzpep10K2RcfC7Kbf0QltP8RdZJMyH39ste,171-661-8446,391 Bayside Point,false
242,remanuelli6p,rzamboniari6p@toplist.cz,$2a$04$35o20oqW3xpJvtdYvl9afesAyTG1SSJM8CBALMcncNqAjkWr8JbJW,658-120-2605,5959 Sloan Junction,false
243,tkenson6q,matthowe6q@simplemachines.org,$2a$04$YZs6CRs5rWPHHjIXB2Yruu/auarn1UPUDyw8UAuYnNNULa7TxN3pu,512-507-2354,5 Carey Plaza,false
244,mbromell6r,korhtmann6r@timesonline.co.uk,$2a$04$wVuvVx2WnkMGt2fkZhdS3ukHeFro.jGe5jq1CVtGyNhQYNJ6T8JeS,270-716-8054,385 Monument Point,true
245,tregenhardt6s,ebrame6s@uiuc.edu,$2a$04$DxrQjag2Kdo4v6fFooRcvO8Ee9RmcSW/UiYPQVqpGhaFdT.bziXaK,448-617-1616,5227 Lindbergh Hill,false
246,bbernardi6t,tstapleton6t@comsenz.com,$2a$04$74AyZWB1MpAdyde59lfw4uReXN6kQTMS4nMPSksZeEultzcZtPcee,224-149-7121,29 Annamark Point,false
247,mslorach6u,bhusband6u@about.me,$2a$04$NdGIpLY9px2zVUNkD8cliusBobP41xLxaWCSlGHeMXhmRb/LzRJ4u,822-927-2054,3850 Moulton Place,true
248,mmuck6v,osnowball6v@time.com,$2a$04$zBYsGiecYWYtR8kTQkSUS.kTg4rqBkGljERki4eZ0Ves3ioeTlsxC,623-531-9923,8652 Sachs Parkway,false
249,slongstaffe6w,aarnke6w@i2i.jp,$2a$04$weDhipGQepwVLcnajbq45uDLSg40T8IY7IoquUhk0zTyFwvsyVzgu,175-954-6896,072 Sutteridge Center,true
250,gaspital6x,rdeeman6x@php.net,$2a$04$2Dp3vjX3iJMiaxPkkvU48.x1IrhNaT.MAZPCOl.rmDIS2pUmPdS0q,157-102-5188,01 Harbort Court,false
251,yarnaut6y,cgingedale6y@ycombinator.com,$2a$04$n6aUa0FRHN2NQK1ou3ihK.E/ZLJAmnTidBbjn9fF5Ifr.C.d/Jkky,127-417-7262,4861 Stoughton Lane,false
252,gleyfield6z,tgainsboro6z@wisc.edu,$2a$04$fJPRIk2uxXGsKpwXZTIu5ui4z0ag9DQEaQEyPZLwDtDatUosWpsuW,395-732-3633,351 Hauk Center,true
253,smatys70,aspofford70@theglobeandmail.com,$2a$04$ecDyw2gAY3MQtFmZCNXJVu.rYrTLRV13J7c1NUrQ3ftIAFep4sB1q,424-215-3923,52853 Butternut Place,false
254,vjenny71,obeynke71@nsw.gov.au,$2a$04$WjunQLVWMdbF806ayVRnOeiYP5AD3eHgywfsOApS80ObEcllZd2NO,337-203-5635,3 Waywood Drive,true
255,bwaye72,ndillintone72@netscape.com,$2a$04$kF98vQ47ZcVWK/YZEVB6puNUaCqpeZd7qzX8336FDBAbkGAKl97Wm,335-438-1437,66 Fairview Avenue,false
256,btimms73,tizakson73@vimeo.com,$2a$04$qgLS.kw.1MoKFLeWh.2oY.lycZyal/Bia8BO5bLUuEat7bwFK9Omq,333-366-1366,941 Hermina Hill,false
257,kmirralls74,mscrigmour74@moonfruit.com,$2a$04$9b/Hv9YxVejYNwJVMN8JPu1/fJgku40rBReKgJU8q5FXB8GByZqI.,398-796-9508,639 Surrey Way,false
258,bbettaney75,jopie75@cocolog-nifty.com,$2a$04$dTtoR9CoKbnoWgCU9iTDc.eBB0r4eeFHyLkNito9kV1JIdMXeekcO,655-592-6491,867 La Follette Street,true
259,gmains76,cbrogini76@sciencedirect.com,$2a$04$atF3NrHf6s6ZOne5BZM0seT4EI0MYPElwlQNkSdxOPVYlUScQqcOC,902-986-4379,51513 Lukken Avenue,true
260,lsanday77,ngrimmolby77@mtv.com,$2a$04$sQEbrcvM5GcRWeHgWHWCxeHl4SJ9IfQjXSUHIpRVMFwlYIHfWj946,517-104-0556,11 Thierer Alley,false
261,rpetrelli78,amcane78@ihg.com,$2a$04$Qa08TTtSIlJwOWte/GFkJONR9OF9WCt.ixbOfzwDqa7hSlKke.GAK,879-385-9317,27 Fair Oaks Pass,false
262,nslatford79,rnast79@fda.gov,$2a$04$iCGjN6nKNQetzTiaPjBzwOlt6.GEZqvdWuGXuQKNryDdUAgLVW6n6,366-908-7767,49 Center Park,true
263,wsmiths7a,nscholz7a@unesco.org,$2a$04$rwGTRXJBmK20YwML7TTEfuEJtu.Kj6t1RvmrDXVsYhroKmNhmX7/.,660-984-8871,1893 Fallview Hill,false
264,gklaff7b,ddegouy7b@nymag.com,$2a$04$40jDqA6vHdMth9ymeDK80.37YLh90J2WB3vuYsRlSvqpSji5deOye,566-197-0746,2964 Tennyson Plaza,false
265,amollatt7c,mprater7c@sogou.com,$2a$04$RWeppJzOV.QP5J2LzdbvzOB2TCJy0Ug7CsHB5qXfx1V64..eg0qFW,126-134-9643,38554 Jana Way,false
266,dwrenn7d,mesom7d@illinois.edu,$2a$04$w4nl7kXDHtiVJDkbcKu2K.DONOquKUUBYb9PHIa5srC2S9GRwFRaS,391-349-8823,6 Moland Center,false
267,hlengthorn7e,tthibodeaux7e@wix.com,$2a$04$MtiUtRjxtn/yB/pheTa/4effg3sTYcbQI2/qi7Y020hDeJAY6efSK,640-127-6847,9120 Oneill Circle,true
268,jbeggan7f,greckhouse7f@craigslist.org,$2a$04$yM2fNwd7j7InwGDehqeWNO6Y0oalMGS3.Wbwy2l3NA7D7uCpLyNhW,418-432-9141,53 Hanover Way,false
269,fkohnemann7g,ssantello7g@europa.eu,$2a$04$9u4J1/7ZXxiXlg589ymhSu04C8f6iA1NlwQiQsywEJB.VRcOfDgE6,326-268-5931,93775 Heath Trail,false
270,lparlott7h,lstrewthers7h@google.com.br,$2a$04$lEmNNZJj0pwwWRAH8zSQG.cxHRxkAH7mudUengPDBc78nWui6k5uu,664-171-6082,0839 Oriole Center,false
271,hbaulcombe7i,dmcvanamy7i@privacy.gov.au,$2a$04$tW49lZrYibadn2rliJqtfe4Ppi4syse7len/KWN.Gor4QipzLpteG,818-383-6435,6096 Oak Valley Alley,true
272,ublackford7j,cgimeno7j@cbslocal.com,$2a$04$notC4nEKC.sPlgWZxpjhj.ok2BIuvrMbteaekGzDMRjt7sgNMQumq,100-673-2265,30 David Plaza,true
273,pelsby7k,lcarbine7k@fastcompany.com,$2a$04$92pEBr1avJQ32CRG9HS4IOCej7dQs5SQ78Z9I6kbayLwj8UONCxb.,820-680-6784,28 Delladonna Alley,true
274,kblaszczak7l,vlong7l@earthlink.net,$2a$04$gUPskRKNQ1YIxXcHOsHNMOfandNYIL6qta/xwgX.lphiSBEhmC5zO,717-114-1856,9723 Scofield Parkway,true
275,tmcmoyer7m,jbeine7m@wikipedia.org,$2a$04$3khccicGhRu9KG7ibYydp.I5hCdQk3vK83QeXSjNaeyfFSuTRs2Sa,106-611-0037,2 Haas Road,false
276,msacks7n,jshillitto7n@usda.gov,$2a$04$jfuhEO/q8I1ImftyvNOshuel9OaZnAdxmriJfgtExJUcvi9pLQXGO,697-272-5624,234 Nova Point,false
277,kkeysel7o,estennings7o@zdnet.com,$2a$04$Mts6KXpYuftx.82rKxHJDOoKeFtb81yMAkvc2IzZOoN04pAUc3sL2,202-937-5663,3 Harbort Court,false
278,zyashnov7p,apires7p@myspace.com,$2a$04$6F0Aksv5xQl7ST4YM3QjRuiKXWdvNjKki6mfcjBrw.EYQ0c4POeR6,863-938-4923,602 Clarendon Road,true
279,cmclise7q,afido7q@springer.com,$2a$04$ViB6IEUfsq4a6RcHIf221eyfMvw0aj8D2fQfzQRQ3kOIEHIBlL0/O,919-731-8790,368 Bartillon Way,false
280,mtremmil7r,bklus7r@cloudflare.com,$2a$04$WapNAjcmw.yNc.mzN6Rzj.G/FvIZczp956LLFOqxCT4RJBL7qQ9qC,972-530-5503,802 Lunder Hill,false
281,iianizzi7s,alukehurst7s@seesaa.net,$2a$04$HKa4bOtVY/z2BvWdWlsVcOcvJYedqdX1fGRw1wtseEBToVEe4Oksi,594-803-3610,78 Shoshone Center,false
282,aearpe7t,gswatradge7t@google.cn,$2a$04$FKgxJTHesG9djTIQmBb8c.S75jLBw7efSHKI9Ul82cX5qZzLKMHQS,766-530-0807,55876 Paget Court,true
283,dbucknill7u,kbasterfield7u@ehow.com,$2a$04$8KPmRIyVo6XNRGMDzbUQUeZ9grRf5qlpNUhIENf8jossTeCgm7HVe,443-880-3821,01 Westerfield Hill,false
284,cwindibank7v,mburtonshaw7v@paypal.com,$2a$04$RYRXJH2.Bl3VDCrcaiLB3eKsyeJmX8O5qzUOtCTjK10zoAR46SqgC,226-345-3548,28 Lillian Road,false
285,ttenney7w,jantic7w@princeton.edu,$2a$04$prWOWvcEczR04uvb3DtDAe9oV4BvjIWyR7KhAIYQsIJ90sKF7ysoC,664-836-9440,312 Prairieview Center,true
286,nsimkovitz7x,lkean7x@wikipedia.org,$2a$04$ckbrc/TRoJUyQ3ha5hBtc.e8QjPhEHOXiaccWRbECoj.G/hAse/1G,556-184-8138,47332 Division Center,true
287,npavlitschek7y,nwegman7y@wired.com,$2a$04$Oj0ZDMRAfrOlmrgVjS0fmu8AANVI60sE4baqsaKvxcvcX.NGwPLti,192-107-6596,899 Duke Road,true
288,tmanuello7z,sfarry7z@wikia.com,$2a$04$PKYbu5RXlzDPZ8Q0RPjvtewfoaAFuj.r6jSLtDQrdpYRX0gWHB2xG,901-359-9889,3565 Becker Junction,false
289,cneem80,scamerana80@arizona.edu,$2a$04$2bLcExe2GPQ4yEpdg6Kz8OnBQ6Q5CFG3RngZ9qxS7C0e83ovRbfkS,206-404-0204,5 Emmet Parkway,false
290,emcquillen81,jmcphilemy81@walmart.com,$2a$04$HMMMeNk50a0lVfe8x8AK5uZL.e4r8nGY4xdARayRKdCH2sYCinfDi,655-790-2676,5 Mockingbird Drive,false
291,dsimukov82,avanhaeften82@google.ca,$2a$04$NQHQTrvVa4hWgxybmmXQAu/B0DFaVOHLyilwbHY01qYv/dmcU7jkS,855-325-9614,315 Clarendon Way,false
292,csouness83,cdecristofalo83@amazon.com,$2a$04$XFKscwBiAvp9fLPHsshIJONT7EcnvqBZHWS2r2IYcySwpS2L2jZgC,696-982-7533,5317 Cascade Place,true
293,lteece84,gelvy84@pagesperso-orange.fr,$2a$04$/XVqql3WYODAJ5hLfNVRJ.NeI6dX5/qkYuML1Im8k4b66C5eOIPMC,928-693-4624,40304 Clove Center,false
294,gpagelsen85,efosberry85@state.gov,$2a$04$mSpGy79r6OkVu6Ev22Wwy.htOfbrDYxZ/ExsFD42nTI6Wa/ReWepG,962-227-8911,48 Bluestem Court,false
295,gwhitehall86,ntithecott86@xrea.com,$2a$04$WG81JSwLcKTAGpgq94J1ieGNKGCqaKIQAsMYU66ofeVK1QvPKRYWS,644-689-0774,5964 Dottie Trail,false
296,czecchinelli87,kfalco87@yellowpages.com,$2a$04$bkhEk112dwjbFITB4JaIIe3nEFw3SwIj0VdwEAX8OMJg1otk4KyY.,865-170-7088,951 Valley Edge Hill,true
297,ostaunton88,kzellick88@macromedia.com,$2a$04$88mzIbkgztOYCOvTw4z4/ez1rV6a67DDRCFUgm5rRzcdThd.7qyL.,310-617-0145,1635 Randy Avenue,true
298,amanis89,djorio89@nationalgeographic.com,$2a$04$0ji/l/U659TEVmjbbhDuMe82LRSwerhNPGAbwRDTtgIEpM.qPswAi,524-628-7634,0201 School Parkway,true
299,mleathlay8a,rcaroline8a@elpais.com,$2a$04$Xq9RXkEpRkTL97zmUIkgwuVUybqzYarP8o9wXX7JNFLcNcryc5S22,513-886-3129,03 Moulton Crossing,false
300,usnelle8b,rpigot8b@paypal.com,$2a$04$0ZuWv6Fx0GCvIbbe468omOg0LmfE9AsYwng5PiTrD.EKRtCfuu/cO,141-318-9258,0730 Arizona Street,false
301,hsaker8c,rmott8c@reverbnation.com,$2a$04$f6uD3bBriW6vXYuD1Ppo9.3r//NJbBktdPbBIruDrvrIf4WuwkafK,620-819-5118,77 Hagan Circle,false
302,ghestrop8d,rpeters8d@jimdo.com,$2a$04$3xW2hYQK8kzEpjcUb6zHDOlgv.nSz0EDjd26/88FtjOvAtQAlI9BS,425-866-2659,15889 Butternut Avenue,false
303,rfish8e,rpatshull8e@archive.org,$2a$04$oaqflWXprGBFtwn63nHS0..zk7kzO0W6WSzAby7ITcRfBJm8mNZ6W,136-391-2105,12178 Sachtjen Street,false
304,lmcgrory8f,lhradsky8f@java.com,$2a$04$.iepjZHZSJXt36C120JOXeSwCM.sP/2zGXVPBB1nALbvMlvrHphB6,829-192-3308,1422 Beilfuss Center,true
305,mknuckles8g,afuster8g@bigcartel.com,$2a$04$uaeCFitgr0lq9W8mSGMpaOPESevyVDUs6nciT/ZjSC4nQiDtsAu7O,627-328-4064,75 Express Court,false
306,eskeen8h,dedgington8h@sogou.com,$2a$04$GjPIgFQcwU4ki74QLuuEU.XsXpuRwzBIPzAJvWPmSc4466dN3LD5e,720-745-6070,05508 Cottonwood Pass,false
307,kmacfaell8i,bmacdwyer8i@nbcnews.com,$2a$04$jIbIwUH6TW2B3DBaBfEgoO6I1GfZfk2xQg8r0UQpDT52H8iBXN/AW,181-180-3365,43 Toban Crossing,true
308,rcrenshaw8j,sdysert8j@uol.com.br,$2a$04$.cAn6DW/EBaqS9cGJN/8aemm3OUMu2Jr9IAzqx7lVSZSAzVawlZeS,981-348-9161,506 Mallory Street,false
309,jearthfield8k,mcossey8k@spiegel.de,$2a$04$qYsSgIF9zItFqdlfxH/ZIu9a5FlmqdC2TNajDNVxwEBxFj7dFTerq,816-760-0535,12155 4th Court,false
310,frangle8l,mspragg8l@techcrunch.com,$2a$04$tLCXX5UGMNJQ/bzn2DAVgOW/Je8fY0H2.o5N/.3OchgoLMfT92BQa,518-874-5972,47313 Reinke Center,true
311,nskace8m,mbax8m@yandex.ru,$2a$04$t26oLeG/7WxE/m/.l7H7depZ5Y1GkMFKEOcPhpVlf/yggwUqUPd1m,682-883-8567,6 Talmadge Park,false
312,sgaynesford8n,zbarnhill8n@elegantthemes.com,$2a$04$6ofmNqTGx0htaPniYv9ZDuCRZsyZjvqBmILZnqG3tzwlPiLWv52nu,255-909-2549,3 Kings Lane,true
313,ktrue8o,rdoag8o@dailymotion.com,$2a$04$GevBaV9O8mAhpjvZbL5RGeF7T9MMDDJd0WaIWeAfYSr9yVsSLpkb.,295-939-1807,78392 Eggendart Hill,false
314,bmccauley8p,dcassy8p@examiner.com,$2a$04$zRB3GTRPuNjqBLPHvd8Zber8kCZRCJ4hWO3u.MIzNmxZFFq1EbYei,738-947-4450,10259 Ridgeway Drive,true
315,rflucks8q,vconaghy8q@etsy.com,$2a$04$1Mdw.8Y/1ws8xKqrMfp6tukZqnyf.g1bhTk3fWta7xDXQ11LJFGrK,706-984-3799,20 Old Shore Way,false
316,schoppen8r,fhaslewood8r@linkedin.com,$2a$04$UwbJhjaUHuYtF3aBqUKKI.ThuSaUryjp4vMMQnZdrZZ6Me6wZ/itG,482-824-1047,96 Westport Lane,false
317,rmyderscough8s,eitzcak8s@nifty.com,$2a$04$/StZzdPe5v0/XTq1nLzYqeerOjYxcpDgzlD9kiEWcp4Bey.9XkU5y,149-393-9348,95 Bunting Crossing,false
318,dbland8t,ckee8t@netscape.com,$2a$04$q3SbG4LU2qikSak58cFuxuazp.aH5ruM8P/vh9MREg7jBq9tYPcCC,271-590-9125,18 Prairie Rose Street,true
319,bhartman8u,dflescher8u@paginegialle.it,$2a$04$BByY9HnKJ3KxVMRyiM5Bc.o9bYI77/z17Zx4Q2.FHQKTnrEw5t8Ua,596-993-0261,82 Waywood Parkway,false
320,nbebbell8v,jklimashevich8v@psu.edu,$2a$04$YDaHYVJlH7707pyxq134MebVU8YcfSs/2IyfjJwXdq.Spf/skbNg2,553-118-1242,520 Lillian Plaza,false
321,tdelabarre8w,sglassman8w@samsung.com,$2a$04$1ItamwT.2CSdUlr0AK/KGepmstRSi43/9FcMUnKn9Xw62lY1wD.em,230-814-5126,8 Monica Circle,false
322,dmarians8x,fladd8x@wikipedia.org,$2a$04$5IzvdvIftk89shDIlcvSTedQIs3qBC1gUQZwyxzEcQcWnOO9aVeLy,989-224-1816,416 Algoma Center,false
323,rmaddyson8y,hgeorgins8y@springer.com,$2a$04$jn2dxIAFbimJ9B21mFi88ODW6Ahvtfx7wnMfI4.7BmAWS6ansMHdW,614-897-9819,7771 Buena Vista Avenue,false
324,wmartinek8z,bdecourcy8z@naver.com,$2a$04$l0so9hWoqPX1JqO1Jp1QHOvHirlWN7mytWFiNwQbxq43VMd3U2D9S,939-244-2735,0901 Texas Terrace,false
325,mgozzett90,kgoady90@dedecms.com,$2a$04$XlKlP4ZYVkO2epyQF91pDOdQaSr/2NiKOs4Qwz1eFT3f3CGQ6uTgm,849-670-7354,62078 Westend Center,true
326,cvandecappelle91,epettiward91@bloglines.com,$2a$04$wvJkJIF2wbGf.axYvj8Yj.kl0Kyg1qGqGcDKe4uyjmYBGBCn89MGO,396-289-7402,9 Marcy Parkway,false
327,cdwyer92,omennell92@npr.org,$2a$04$uyugIvz0M.MxORFybT834.78fevR3bos2/.Qfc901mn7uiBzdrO.m,327-754-2467,8 Anthes Pass,true
328,skenshole93,jlocarno93@so-net.ne.jp,$2a$04$XaO25mLnsFYqf3uAHYzY8uDgWQtvmx.M/FJlWh4GPdjl4fI.ZY5s2,664-633-4858,54 Elgar Road,false
329,bboness94,cgoodbarr94@ucoz.ru,$2a$04$saniOG9gPe4gwbD1PTE4x.0U7Lw3fV2ngyDv7mx2CqCn4rS8Vaw5y,790-435-1822,32 Katie Drive,false
330,fhitzschke95,fisacoff95@ed.gov,$2a$04$JvzDhMKMqoMz3HiHRTnem.ugZNfjVUyIblLNUVK2tRda1pPgKEqoS,459-637-6131,67 Haas Park,false
331,nmarquis96,dnesey96@businessinsider.com,$2a$04$hoxUWkQfiBX5UoKO9r5zQunXn93zGzrLZhldlVChh2OjW6JuVHhWS,953-719-2439,18273 Bluestem Way,true
332,skeddy97,dshields97@rakuten.co.jp,$2a$04$KydUfEEI.Xvdu0wYdm6Dp.Zu4x6pASa3OaBOpznF6MNe/R5A.EOXi,828-518-0960,65193 Dexter Junction,true
333,jvandermerwe98,dfishly98@arizona.edu,$2a$04$clHWfpncVBY5txobdNN.UuUPEp4itf7Tjypv/xR4onEv0KpGwTerC,307-737-1134,5 Graedel Alley,true
334,sriddock99,lkeyse99@economist.com,$2a$04$6KuZ4R.XJnGx2QKsDhv.P.NWGG70zwJDROT56T4LFZRWAu8A0kbsu,324-114-1139,90 Hintze Pass,true
335,kstiffell9a,kgovett9a@uol.com.br,$2a$04$JSLgPvSPBcIeudf8fvAnCe0kmnXXuqeMnMFiCoJ95N6FaVmcWuOKi,888-489-0745,66 Vahlen Circle,false
336,claybourne9b,idewicke9b@last.fm,$2a$04$8q29sR3vYzcEK65iKOWF3OhIp6fr6lilnhbhXVwoHrVrdtKCHt1SW,663-441-9387,98196 Gulseth Point,false
337,pkingsly9c,khalegarth9c@imageshack.us,$2a$04$BDALXS9PSJYxUt8esAN8eu9riyIxWV5FOj5Ouw5aeXkz7q.Oq.tTu,430-154-0458,2 Maryland Court,true
338,glutwidge9d,bleynagh9d@bigcartel.com,$2a$04$6VCjCBZnM8dIpEbzrUExcuWewhPn1Ntrk/b61zmIvoiEXHoK1BwwS,622-303-5433,50 Meadow Ridge Hill,false
339,ageaveny9e,kbruhnke9e@globo.com,$2a$04$2y3bFygnPzUSKNEE764PSuNZxTSx0ZVr1O5F71bFaN8Fs4iYXMKdi,499-300-2376,216 Union Street,false
340,clandman9f,bhauck9f@nyu.edu,$2a$04$RPopZRd8Eia5xVOX3ZL.FOxuIA7XLktVjfWraD2xUww4R0WAuARx2,885-612-4905,7 Quincy Avenue,true
341,sbesset9g,whebborne9g@smugmug.com,$2a$04$dq8bpAdBKMz6dwDryGXXku89VZU6xCvSB2n/C06ffjnXr/6iAHhw6,733-835-1495,80 Barby Way,false
342,amardoll9h,lgavahan9h@go.com,$2a$04$lEh1TydIXKzgSQBcBUI.yO1ZNUMnpM5VaTezwK1NzhS6oT6MOcZX2,987-125-0062,8586 Burrows Crossing,false
343,hsparkwell9i,tverring9i@va.gov,$2a$04$UBQpgaauGKQrMN7VjQ9aK.fhJtXRr0F2kkwKNrSdz6AUiC37sFzHG,728-561-1457,7755 Pearson Junction,true
344,dnewarte9j,sphette9j@networksolutions.com,$2a$04$kHba50JoNFeMRlrOPj1xTuX8OHV10.MjvJeswJK3xUG5ma57piiBO,814-651-6126,90 Shoshone Terrace,false
345,bbyer9k,mtames9k@patch.com,$2a$04$krMxZ4XRolFxYm4ywF8/N.gnI3ACVpN4Jd5YNz5339Zel0URaKhfe,896-364-5734,6 Rowland Plaza,false
346,pjeary9l,tbroxap9l@mail.ru,$2a$04$RTx0Nr3ZzswaLx60xwfNLuXU0Ih3/trO65NHXsgZ1mEfo1YGDDin6,875-421-3036,521 Crownhardt Place,false
347,scromie9m,vfehners9m@paypal.com,$2a$04$qa/W85oMFKdSm/VAoocdxe9Fe2FlRen.hwTLRlJ9Ud4FhxLioScGC,670-683-0553,28 Mcbride Terrace,false
348,acolbrun9n,mbeeswing9n@virginia.edu,$2a$04$BfntrAov0cE3v7.z/HXz2OTMYOG7uHfZvcOu4B50mmzaqe.xlSyki,274-813-6133,8651 Artisan Trail,true
349,sdenington9o,epethick9o@sina.com.cn,$2a$04$HWnT3dGnn1zFlJ7ylqtNh.yOD.8Zh.hZYfBu0RX/1M1ljS73GNEuy,517-794-4116,879 Transport Way,false
350,rkier9p,jlokier9p@mozilla.org,$2a$04$jw5TaApi7VWxqCy/m85nx.N/fFtKssX33vkVe4t.qruqbHRdoZNA2,307-871-3348,2 Daystar Place,true
351,asimpkiss9q,oburghill9q@businesswire.com,$2a$04$H3QSBq1HwpUSGmjWu87xquPsEUWWdby8e64LsRYNFQwuMHSoVUE36,161-378-5477,65338 Waubesa Lane,true
352,khardaway9r,blundberg9r@instagram.com,$2a$04$P0BAnSx/R4cWjNeWb3pNRu1j4L9cTCBn/cJlkGRXTOce4hVNElWTy,604-706-2077,2 Luster Park,true
353,cdelmage9s,jgrevile9s@biglobe.ne.jp,$2a$04$GDTIvOwfqX4U3QTt4LY8Y.h1zx3c12PTfuTleg1TNzyVPm.02VFlm,790-272-4835,0 Twin Pines Crossing,false
354,bcolquete9t,bsherrum9t@eventbrite.com,$2a$04$ZQf2GArd/EBkMZQUkbIqH.jimcorq6M69hJAhKPH8O7O8nlHfaXHi,963-392-7080,70878 Mcguire Center,true
355,thusthwaite9u,adoyley9u@wikia.com,$2a$04$h6zwCvZillt8F/vFpp39ZOKiO6sdAFE17HN8lhY.XivJEm6owsHg.,434-845-1777,8 Melody Lane,true
356,dlidgett9v,cserver9v@cbslocal.com,$2a$04$/jElZe3r14FJK9ysKVLJN.MRabk/R/kujI9dGOiR4UL5iKcJIq4gi,235-717-1435,62 Jenifer Circle,true
357,rdavall9w,vransfield9w@360.cn,$2a$04$9kp0AufgOKf2KvtcDYTvQuQjZrKYwImp0AkmIm5Y1thXsyF.3/nES,333-765-3725,541 Artisan Pass,true
358,fyounglove9x,cdudny9x@exblog.jp,$2a$04$DuphuNAvNA8KkXU.e9U0nuKULB5kkYUhcdoj0XEXnjfl4kk6r5HJa,878-998-1414,76123 Superior Pass,false
359,kmaddaford9y,pruprechter9y@nbcnews.com,$2a$04$qF2y0HMM8/HstP2EsnxlMuotZIGie9hasCnzh8zQHK0EsGtRFYIhS,760-296-7691,459 Red Cloud Way,false
360,fregglar9z,bwillcot9z@mayoclinic.com,$2a$04$q2f41gNCpsxAkX4aYxdF4Oi9SSy9QZL5c5kYlP.lPZmDvzjHya.mK,589-756-6678,7463 Gateway Road,false
361,mfirmagea0,ishacklea0@t.co,$2a$04$ym5myoUfSZjdWwyN/ESC6OCZpmWCstnAY79suFsfBCktUMtJ07v.O,902-403-3152,38203 Cherokee Parkway,false
362,sbrunescoa1,fbarrasa1@nature.com,$2a$04$hexbSkc63W4850YcrwAu4OlrrDwol0Z/FVV/3tg4tu0rrseGQY3NO,415-779-4325,2 Lotheville Plaza,false
363,bbartaka2,rfailla2@liveinternet.ru,$2a$04$97alkbogll0y3eMCCI/Hau1fBbX1omvvDMy1cmu0zyslOqQXHPh1e,936-662-7499,0 Stephen Trail,false
364,gclausenthuea3,ncradoca3@stanford.edu,$2a$04$zPeI1qlX.n0lUOTooMZ6EeqttSYjz48S8TvMDov/HWAErCtUhuRq.,247-508-5657,15147 Jackson Pass,false
365,cpedriellia4,fmeacha4@earthlink.net,$2a$04$rhUG9wiIIkuY9p.TPvrnge9XxcxiRIGUjpR3/P3t0YGwH.xRgpsFe,104-467-5885,327 Dottie Road,false
366,lpaolottoa5,brizzonea5@tuttocitta.it,$2a$04$rkSYM1FhZJV0U4fW7UwmjedtN/MglmCa8HXQRzxXpDto.3GVxBQdO,800-978-9416,171 Dahle Alley,true
367,eimesona6,ahealeya6@google.com.au,$2a$04$eWznhiMRfzObja.5vajMke7QwK7G0o88VZkY/rFwCbMoAj3354SFS,140-116-5572,20519 Bonner Parkway,false
368,averlindena7,mgowa7@addthis.com,$2a$04$jX9sAb9/lHXFeCf6xAQ9ye554bIPLP2UMbao1QoCJyIHMnAq1Clxa,580-485-9812,44 Cardinal Avenue,false
369,bsweetmorea8,mdundendalea8@google.fr,$2a$04$sy9F4B.mpaSxkAEJjaB4JeGRswq0G3DuU8VGDH/ukeWjJ7O179Aem,326-955-4774,3 Menomonie Circle,true
370,wduncombea9,ksamartha9@soundcloud.com,$2a$04$F0Pd1FnONLn7wJPoq7kwme32d3kaBpqGo6Yjl.bWBu3oFtRfFllzi,683-945-3430,4 Kingsford Point,false
371,skitteridgeaa,dfallowfieldaa@netvibes.com,$2a$04$gXUSGnTupXmVI2vliu7w7Ojlyg3RA7J2g9tppXA7S5rLnJouSuTUW,869-980-1014,5 Morrow Lane,true
372,cburchmoreab,htoffelab@cdc.gov,$2a$04$NlxID6T8rDDFV0BIqh1WXOCBBQ.q0UcgdU1Jur7XT6zpdGTu5.3Rm,568-963-1997,48803 Browning Parkway,false
373,wlinnittac,ibeecraftac@wikipedia.org,$2a$04$AWCdu9kKgunWg/ZrxF.bee9H/uNzdHAkQvQyqI335/7HuPPhj5mx6,755-446-8691,923 Vernon Circle,false
374,npeilead,gknealad@sogou.com,$2a$04$E.DBi2tK8PU1Mbr4bH4y0OjiKFt7AluSDniDdse0aJLi0qDOMjsMG,989-161-4993,67761 Burning Wood Pass,true
375,ndemeltae,adeverae@bloglines.com,$2a$04$Sulrh/8u51inYJ3i.FIjuu9XXE07f39YLeCs1NLVu2Fy7Eveb0Ehq,637-527-3533,14 Vahlen Court,false
376,hferencaf,ckuberaaf@cloudflare.com,$2a$04$9L7kgy/NJhR3v7md8uF2qupfwMQ4kv5xjx3baacHXdqEZzvcXJ4bm,898-197-1225,1 Cottonwood Hill,true
377,ahenrysonag,relphickag@foxnews.com,$2a$04$8CjBStcr1cGth5Kr8PuQ.OPfZMsL1/p6Q1adpnberzYmOi9cemblC,658-360-5850,5488 Jana Place,false
378,koganah,rnelthroppah@barnesandnoble.com,$2a$04$3VaUitldKx/nbgOCGsqQveDmRO28hMqX8NBp0I1B37tm1/fnpIhX2,855-543-6269,42497 Oak Valley Terrace,true
379,mmatteauai,cfareyai@ihg.com,$2a$04$nfoV.k0tUoQISpn6G3asAeKMTErAZ9.te86p6CoMf7s1YLAQRmMkq,725-294-1585,33 Gina Point,true
380,aofeeneyaj,csimmingsaj@house.gov,$2a$04$D/jhez279kPf3utW6IDpYuBV89IYtMxdAClfTvwKUrqgB7d1i/3Xu,970-636-9895,05 Lakewood Parkway,false
381,nadolfsenak,rclubleyak@gizmodo.com,$2a$04$XNMzwPcW//rDzaifsOU.Gu7t7wSJflH3Tgy7HizGWR3H1B3y/GN3K,304-697-9875,465 Harbort Pass,false
382,dpetrollial,cbogeysal@prweb.com,$2a$04$BtVUmRytKGUm8/KhTot7WurVppT.3aqbGdCY/pxzK1wLJ/RmdRPGe,271-323-6452,57 Carberry Trail,true
383,olemmersam,zvasseram@skyrock.com,$2a$04$elgRKxP9yT3D4/P746QCVOB5NQoBrvJtaHoNncOPjCaPJXcig4JgW,564-324-1892,97 Corscot Lane,false
384,syvenan,ktithecottan@zdnet.com,$2a$04$SwlJ54GdzE3DENnP6QHpZesR.w1.ucvqRb932ihj4pZ20/7H6z9q.,216-336-2390,00763 Reinke Drive,false
385,escorerao,shabershonao@intel.com,$2a$04$UyNPvBGizt5dZaWDOA/tHeYNQ5y/rliKKfJnYtTXeTC5wV/.unWLy,509-668-3009,8451 Pankratz Center,true
386,rdallaghanap,tquesteap@amazon.co.jp,$2a$04$IFJPgb15jsobkn.zPZs7XORwCOkGBCifDSuwGHvVPlvHAX.hqJZjG,788-758-6634,53 Trailsway Center,true
387,pfreestoneaq,hubankaq@sfgate.com,$2a$04$2E/9ZEVgvA42Wlbu40Z3eOpMxQkcu/BoKiFd.hNGxV0pRWsbS0c8y,212-364-9207,87 Lien Center,false
388,hwolveyar,ndedmanar@ezinearticles.com,$2a$04$iQPtN2p643TWjg5N5qTXlOS5WPOp8cTSeHqppYWvmKNvU.plvD1UK,332-317-9025,6345 Vera Plaza,true
389,arigmandas,bgernieras@imageshack.us,$2a$04$AIgfcNVYMxr5F2.EgrKLmOgI5AtpUvvj.1Gx78ovwcbcVQmkMTbeO,745-185-8569,51747 Claremont Junction,true
390,dlammertat,ibollinsat@w3.org,$2a$04$MCUDfukv9Bbvl/vu3cmG3eVJHHTINvyOcwkvESG/okmlczqwVXOFi,703-915-4345,8570 Mayfield Street,true
391,mkraussau,nmollindiniaau@list-manage.com,$2a$04$28eWMxQQ.fh6dorj78TbKOtFbXe1FOITEwgYelRFbuOSNEbkXAAgO,751-954-9300,74709 Sullivan Alley,true
392,kenderleav,zlichfieldav@nasa.gov,$2a$04$Yt400Y80CrLjjEndxKzYUew0C5UxhQ35r6Rmo9YYQwiHuivNrWjzC,197-413-3999,2 Redwing Trail,false
393,pwardlowaw,hsilbyaw@issuu.com,$2a$04$OO6YoTFCD0GZWfO.8rt33uk7bMIgdGP1wFWXcwgmbo55UvzCC3Gv6,454-808-7053,88027 Blue Bill Park Place,false
394,dpringleyax,csindallax@artisteer.com,$2a$04$aBGY9/j.so.XLUAtwjjfEe4or1/9YQhEKJNdxiptsLEMNzBaHW9/.,824-138-4778,55408 Quincy Road,false
395,rdimberlineay,cveldeay@mac.com,$2a$04$1s4DJkf3U.at6hgueiXxLOv7dh2Ft4C8yPzZj/3.Lvb7IfmVD/E0y,256-729-8490,2 Mandrake Plaza,false
396,pdiboldiaz,mfarensaz@altervista.org,$2a$04$grkl6gYNU4xo1bKsdRIk7uIHRD9C5PemNaS7UARvLHKE90LQ0d9gC,378-482-2942,0 Pond Center,false
397,aplampeynb0,cfuzzardb0@smugmug.com,$2a$04$nHafKPe4MNa4proXEWoXBONE4yIRAOOI7NLBjI7fABGDOP6WSfOy6,345-942-9525,73773 Westend Avenue,false
398,mshouldersb1,astirgessb1@twitpic.com,$2a$04$Qp3ZtYZuO1HEhrI8bP2Sl.Ktg/6Gc55eC1dYYgl1Nx6ttpBc6Wtoe,534-832-1524,6609 Waubesa Court,true
399,lsalewayb2,btomkinsonb2@comsenz.com,$2a$04$p8Nb7e7rwxiUhT7.2luXwuZ.EcgbrwNY.APcN23.NluNmvCgya0NO,991-631-1778,13266 Vernon Terrace,true
400,hswappb3,hwraggsb3@gnu.org,$2a$04$8IWbj0YTMZR.JBQCQtBZDeu107ksEsD8eQwqcx2B.r7eTPbqXbEBa,429-894-2012,33 Center Avenue,true
401,fpatkinb4,mpalethorpeb4@hubpages.com,$2a$04$ZZPU0iCdnXKbjACh9bhOyukol8.uq6xaiBAcQ8./DV/IgCWoQO7Ia,365-414-1234,6601 Buena Vista Point,true
402,bmillimoeb5,jberlinb5@sciencedaily.com,$2a$04$aRLMcnlVURahD99pUruNc.LISsNwGfb/M4CpcCl.NWyvInsa6FDg.,575-439-9987,9739 Truax Trail,false
403,ajensonb6,dpigeonb6@earthlink.net,$2a$04$KYqEWUqEtSD4YgQZzVMGeO5jdtU3VE4k1t.PDEW6UPUGCgWaudUai,562-348-8386,6169 Bellgrove Road,false
404,ngreensladeb7,glongmuirb7@exblog.jp,$2a$04$ETC4n4Bj4vXY0M.O0qBL/eWPkOC4n5mVBKwIRixkR7t.qi0q0mPX6,421-996-9595,21 Northview Road,false
405,mkencottb8,nkinnieb8@howstuffworks.com,$2a$04$tISH81D7agQt1RxLEZQWeOrN4UBzFw.Z4pdeDQ5CzKS7YF6iQWkBm,236-861-8871,8675 Southridge Court,true
406,rcauderlieb9,kgliddonb9@google.cn,$2a$04$k0tKJA7r5nHyFi5Rc/rBL.0VOZq6mY34Yr6buXH7knS7fvCDV8tVS,974-178-9483,5 Onsgard Crossing,false
407,cthomkeba,wwalbyba@prweb.com,$2a$04$g85XBO4hgK8ePfQ5gR6/juAVvWOIY12ssiVjUi1QYzFKtnTd7kYJm,465-816-2225,938 Brown Avenue,true
408,kmacknielybb,jadamsbb@psu.edu,$2a$04$aGz6exZBUCEZuU683HxaHegIWj2jLi0I3BQ2zh8Md/sEVIqNWAkfu,638-448-7120,26 Valley Edge Pass,true
409,aberkbc,gbootymanbc@twitpic.com,$2a$04$Jj8JHTH1XdUlrRqCmtoazOo43ed8f6JQxoB3c5loKqVz61r9fCUI.,400-165-6686,7 Tennyson Alley,false
410,droddiebd,ngookbd@businesswire.com,$2a$04$DJmLla7LLZLds/GVZslLfuj6UdiqNfncwPRsclXMsT/pjVcpiacq2,546-275-7771,75 Debra Center,true
411,wshearsbybe,saudenisbe@usatoday.com,$2a$04$APS26qXv4Y/vIbK0gVwyJuTnFrbvRWyVbopxEHTDCnKGr0z0C4C5u,818-311-5663,02594 Continental Crossing,true
412,fgrenshieldsbf,cjerschkebf@usa.gov,$2a$04$gFazObUlBqL7c3JthiLlS.QG1s6Mw4ip3IXSuZ7iWYrHksB2JJ.Uq,264-380-4318,02 Fairview Road,false
413,ecrainbg,vhardestybg@gizmodo.com,$2a$04$AiEBF1LDnDwy6DYsxKt3aOyv8zk989mx2bbvLX7d9lbn/XYODA6pK,314-470-7733,8186 Arrowood Circle,true
414,epestorbh,ipettigreebh@house.gov,$2a$04$qcES2AgWuBKBBAgDY8Ppv.mxP7EBK.Fa/J3WOTqWuRwUB3Vc5n1MG,157-963-8945,8 Weeping Birch Pass,false
415,pvarvellbi,asorensenbi@livejournal.com,$2a$04$s3Fciw2bj1X/R2m9KtqPX.jFw5LNAngE3nD98/Uj.a7q/ewyBYVia,521-636-9161,10 Rieder Crossing,true
416,wlunckbj,gyeldingbj@cloudflare.com,$2a$04$ki2Ab4moyZfp4Jf8xvxW/.YQNkp7N32Rt5Im1gzheqxsauy84XZCK,733-247-4733,697 American Ash Plaza,false
417,ccomolettibk,wtebbothbk@nsw.gov.au,$2a$04$GimjJnSiUtI8He/Vh/2RB.SQD0OsIFQT1kTOlGrp73EtSVUI8tZnu,269-281-0253,6173 Cambridge Parkway,false
418,rsalergbl,wvasilenkobl@dot.gov,$2a$04$O33Ys/KxZbIaPszjH/D4B.eO0RibhpwpIar1eCEayNSFCO4AL0bFG,674-196-6548,4343 Forest Run Street,false
419,psteutlybm,cmallettbm@shutterfly.com,$2a$04$x1iHbiyurwblHOw0KZFjYOw4uqAO8UqAcLeSD077f37va8Ju/53Qy,406-164-7963,872 Warbler Junction,true
420,dblakemanbn,cparamorebn@fema.gov,$2a$04$6Af/PAE3IjUFe8ehzsWQseRFZRRCg.NIJlH8zGmohShqXw95eODVm,698-216-8860,40084 Mccormick Lane,true
421,preboulbo,kkincaidbo@mediafire.com,$2a$04$ohsjuFSxXMUaEZaIIUbAEOU72C.4OX/1VWtXjw7kYHp1rmaK7ymey,629-824-2328,7 Iowa Street,true
422,drawstronbp,ldykesbp@ibm.com,$2a$04$513ZqU.bfS2sdNnJJ8y.AuECyGsAfGmKQ3wUx3jBZp0e1vOhqy0/e,560-520-9150,3 Moose Drive,false
423,ncossonbq,jpalombibq@sakura.ne.jp,$2a$04$3E12oGC7b44ppU8ZxQuab.n3ft0Mw7ocwAY1vKARJRAmZcWNyEZD.,493-908-9494,02 Continental Alley,true
424,ejellicobr,lbrosterbr@zimbio.com,$2a$04$hiZ/mUy0Blpvj/R/tQ3FgubwDU2bLdI65dCkffteDI/ZA5.wje4yO,129-677-9093,80855 Dexter Drive,false
425,gbaikebs,zputtockbs@answers.com,$2a$04$c6FwL7SZburLN4c3O.VgE.ThiU50JY/xN3vSMRYDWlgeZkXlgtype,809-747-4508,02710 Monterey Place,false
426,rsenterbt,mmacgillespiebt@acquirethisname.com,$2a$04$0YBU6yCq2uK4Rhp110hJcO3d.OhQ7pWFOIE5en.aTFOcPL4ET/2A.,552-742-7390,386 Dunning Junction,false
427,dmealingbu,agallimorebu@live.com,$2a$04$NBM7.CiBH7JTpxYzNp6bpe97fBRDhOA5r.0XkVvjAsUFvZFVD5Nuy,530-481-2316,38832 Walton Drive,true
428,eseedsbv,hcuerdallbv@ted.com,$2a$04$PoTvoKCguquA7VVF03ICG.R1J7B8zPldZud8EhQFn1La0H7fZ7jY2,728-166-1144,83 Grover Place,false
429,jdimitrioubw,rcarlemanbw@cnbc.com,$2a$04$i7Nw0z6eSscwdLRxcKVvb.Ly976IESLUZMFrzaxVLVBU1.9E/QCEi,774-462-9787,65913 Carpenter Court,false
430,fmckibbenbx,dgladstonebx@odnoklassniki.ru,$2a$04$5h8xZeqpn1/IhqGoKP.5Weuxra9ORr6on6A0xZyjr17w7VCuRUvQy,619-328-7796,544 Scott Center,false
431,cmcfaellby,abridellby@symantec.com,$2a$04$zOENYW1itei7TG2ZOLUDneRgmO4kmW6sv8Vg/aDthMUiZ8eFBnrw2,940-100-8045,1 Lerdahl Trail,false
432,pdemchenbz,rizaksonbz@deviantart.com,$2a$04$or3WUY5aZWKcK0MmnCgYsulPCO74KvcQCx2TSw6Tf68gtpGYWnM4i,859-145-8994,988 Golf Parkway,false
433,sfluckerc0,oflannec0@nih.gov,$2a$04$dmtMHw/gYAGkz65F9z6gPOMprpLGprc7k8QQmflxSWewWFizB8B1m,864-278-1927,1497 Thierer Lane,true
434,kpomphrettc1,wlarverc1@geocities.jp,$2a$04$2fqSh07DMYep8G/53sckWuJkX.3jzt3PFMUlHvMfHhwF3u7wieEcK,478-675-5775,04715 Anhalt Park,true
435,djouanotc2,scrippsc2@mac.com,$2a$04$YvFxdGsZPCjWaxOVPW9hSeSQjt0lqoU4gO.U/xXVxM8Vw0F809IBu,730-921-9677,6055 4th Alley,false
436,gjouhandeauc3,tfairningtonc3@unc.edu,$2a$04$DMlfSV7RdOfsQOl1vRJ6N.eAA4YDr58PFIVO/6IvXYmBsl9yHTZ6a,345-863-4862,3888 Troy Crossing,true
437,bmellowsc4,hmaberc4@multiply.com,$2a$04$CsFVul7KwgfjLkeyA1NXr.NIA0l1A4Q/CFW4yRfX4BQqKPcfdI5xu,907-602-6947,1395 Melody Avenue,false
438,plawlesc5,nellerayc5@is.gd,$2a$04$wiUY5skeBTr3V06tdab.0O7AWGoasyxBmSI0s/w88THMVqGwsiGfu,715-562-9389,338 Anderson Hill,false
439,mhamalc6,ppilpovicc6@hao123.com,$2a$04$VKhZOK64EAbpbd36Psve2OTNvhW4rOafdnsktkT5legcqG1tqwwiG,789-299-5570,98 Hudson Trail,false
440,gvittlec7,rsandellc7@pbs.org,$2a$04$y4PPLkvVyPKtuQT97GYwkeMGd0D9jYiqvOW4idsr3R9UyZ1cdnUjS,166-465-7274,976 Erie Court,true
441,atsarc8,ptabourelc8@bandcamp.com,$2a$04$OKsTBYUouLxSye5Jd562ve4DjEz2LgO2oIwjGVOOdY4ya47rXjgci,339-633-2282,15949 Stone Corner Point,true
442,glucianc9,umoundc9@google.it,$2a$04$EEl2B1jTYXH028vxPtt3V.TepRCcCQomBndEnCjI6rsTBjlrLPrc.,639-619-3592,19740 Acker Court,true
443,ftreherneca,aragbourneca@usatoday.com,$2a$04$H765ouUU.Sy3QWSGx5SDd./nGMqCovQT9FmUEjHX2C3BXFA6PHl36,337-103-0421,01 Elka Terrace,true
444,kanglimcb,toffillcb@blogs.com,$2a$04$MQQciyL6xdSsqQcjfgFL4OvCPo761oliSarYYJR.cf72mF7H1Za5C,575-164-4151,07 Golf View Park,true
445,rmoracc,mgritlandcc@boston.com,$2a$04$LeIeA2iQ8gDlzOTlVt1H7eDea6tUCi9qbkhRVEn/PM/oZP5Pgz4oO,983-240-6000,16 Kropf Trail,false
446,jbidnallcd,rglanceycd@feedburner.com,$2a$04$SDnq6HArOeWmmn5ZGgvRxufQULWLE9Y.I2hu6fYc4KpoW5S1tiJt2,241-409-2852,41136 Tomscot Plaza,true
447,bcockcroftce,nmerrgance@jalbum.net,$2a$04$hYioNK2Amr/iss9QdndnDesFFWEwWWPzU44zWu/tROB8NHHQpPqXe,222-406-8704,07689 Mallard Street,false
448,kepinoycf,sdoumiccf@edublogs.org,$2a$04$neI6Eoyu9C1g/dxlyAnHd.0TPfT0VNJaFykemphAQKptNPRQwm/JS,389-280-2695,31 Warrior Road,true
449,jrossercg,tcrebocg@ihg.com,$2a$04$40ewL8PZtH4oIKaBEtXlwOaVJu1wakSHXE3K63isnL2fMv482sEdG,173-316-2466,2 Roth Avenue,false
450,dstlegerch,wsmelleych@mtv.com,$2a$04$8kAhPx3uV6Ki6HLmMDqcbuiug8DCy8IH5MQSYAPtzVVuCHuPe6Ch6,577-238-9110,89047 Vera Lane,false
451,lannandci,jcarlinci@ning.com,$2a$04$L.PrPps/i3ylIJ3gTYxSyuM2zHEObGr1vqdts4u/uhZEhgTpNlzSu,829-297-6327,3 Shasta Way,true
452,rlaurenzicj,rpfaffecj@google.ru,$2a$04$fNksgrf7ndzuQ0bGX.0vYe.neLjKIB2AUYHUa3.BAMQuUtKA5OK.2,843-192-4977,68778 Westridge Park,true
453,ktabourierck,eoakesck@blogspot.com,$2a$04$UfpUQoWGCEeETgLc72IdceKszmyhCot6v6YatSziLgLPBssJGRpf6,851-825-5171,58 Sugar Center,true
454,dberrillcl,bhatzcl@yale.edu,$2a$04$xRT8YoR0zc0FkHkPTWaK2O0Zw0yAHaaJQ0A1EhNugYUAo/VhIM9oy,658-948-9373,197 Lakewood Gardens Crossing,true
455,cmcenerycm,mspirecm@wikipedia.org,$2a$04$YHWDLqVCPFu7Va2N.Na7F.oUT8/9skNPdg40Qc3QL/PL4ICfXdzue,771-883-2674,3 Kennedy Place,false
456,bchoudhurycn,kwalstowcn@economist.com,$2a$04$x3x5sAFC4zLwOgSqlhGapO6VTOjlrUP.GDv1hKSOg0CxevxkyClnK,108-225-8581,8 Paget Hill,true
457,bruppertzco,dgeanyco@irs.gov,$2a$04$gqEQdNFW156yoECyNl8vS.7JUPVmYa52EJ8b0JZK0hy9rc.UDsZqm,310-727-7115,5748 Lerdahl Parkway,false
458,dfarthincp,ckleinhausencp@google.cn,$2a$04$aOIGM93GgR5kZRtXBWy8Y.fa1d6sK3wr610sk/UYdB3cP/epqYAVa,505-469-0466,5 Village Green Alley,true
459,ftennockcq,grivittcq@acquirethisname.com,$2a$04$qhQMefSHSrEiKP3oL75fJ.caDuFBnrLj6lk.lRNPhOhjicpelap/.,970-513-5570,215 Mariners Cove Plaza,true
460,msmealcr,bbantockcr@ask.com,$2a$04$O0vE4cCSNJHaFzDXntOiXOoFO7nxuTtYhtZpyw/zEOsty4VJa3YNm,896-781-2478,8 Forest Plaza,false
461,mkerrichcs,tgiraudycs@dedecms.com,$2a$04$HQ6el8f6dxh1R7W0YRYmHuqVqinhNMoikUVpR1hMYRTAU8ySViMb2,375-839-4585,2 Weeping Birch Avenue,false
462,meverct,seddowesct@unc.edu,$2a$04$wFIaCL9jLTXakY1uITPPQezsEZsiQ2B9YbcnvsJYEzDkRbUe/5yK6,152-801-4425,6 Ridgeview Avenue,true
463,ccaldecuttcu,fkenyoncu@cbc.ca,$2a$04$javKMd6/eAR9fE296oDEc.ouy02hIPh63eOpdGQL70YPVXvCFwGIK,953-175-2247,35835 Browning Court,true
464,astrangwardcv,jwardropcv@github.io,$2a$04$Z/o53pgQzvaGEVHPvGk96OVffdi/7ECxFZB0FXwVVra3BXJZvmBhm,217-998-2427,99 New Castle Trail,true
465,bfullbrookcw,askoggingscw@miitbeian.gov.cn,$2a$04$maOqQzoqJ6wmdgBu7SEPlup02Oigvhug8XqMeP.BPtJraxpJSZBha,785-837-3307,45 Aberg Lane,false
466,eyorkecx,pmcilhargacx@nature.com,$2a$04$16Q1Wzm74F9vIKZ45gBvz.rq1nGzzUYLUykhipVCFG.2X3TweVpKa,527-943-8484,5 Cherokee Point,false
467,fkumarcy,fbebbellcy@slate.com,$2a$04$0W5lI4XoHv0R1VaftrWGpOz77kAwdF8FSt6uQqAMvyZB39iLvuFw6,412-524-6059,97196 Park Meadow Trail,true
468,lharlickcz,tpesslercz@reuters.com,$2a$04$fQ63kcEXWwPdRLRRSCzU8eUjWnFBittAwWeLUp6RIp8m9uh.va.fa,107-875-7192,2 Thierer Road,false
469,jjouend0,rlewingd0@cnet.com,$2a$04$IP9HpOMfoC9jCHlQQCqYm.8WtnvxhumO3lcywtW73f7hYxangdWBm,375-381-9898,9 Harbort Circle,true
470,bbenzd1,ldanceyd1@buzzfeed.com,$2a$04$lpO59aiFw12X8uGb9mLVguLW51bB0kvv9giTDBbFZz3ml6Lw6kYCC,387-460-5906,15 Division Circle,false
471,vpelchatd2,bethelstond2@bizjournals.com,$2a$04$Xaah9xxuRAnwTWfuiAgDU..Y5lc7Fy4iYe06wU4frl.93CphR4BPW,301-809-9331,55 Mitchell Place,false
472,lellsburyd3,lharried3@gnu.org,$2a$04$oBoy2mfZ.12ByJgFzfE6s.BixDyoUaT8F.MPCK5eRIRN2HnqjPtr2,103-210-0137,518 Nelson Lane,false
473,trupked4,mdenmeadd4@multiply.com,$2a$04$f.zclr3OWenhusTm8hntYeZgHKCwlz78fME1eu1z9zctIoJlFXyHi,376-269-6379,28 Pond Pass,false
474,rroslend5,acajklerd5@gravatar.com,$2a$04$E/j4ysXRXndlwH.Pw3WaYe83cW1XN0Ha/NZjS5nhxSRH9llPd8K5y,507-222-4283,61 Vernon Plaza,true
475,gbagbyd6,spesekd6@ehow.com,$2a$04$VXEbVYaNTqDPzMZfqqu.aeSjZjDhk7W.BHKKdC8H.6XKfau/GsnhS,939-181-0362,7 Cambridge Hill,false
476,edursleyd7,llunad7@nba.com,$2a$04$5rYaUYvPAUIT2CzkvMUOI.JWe7KkFN9ENT/8ozCCFb1cY6oFjDfSy,701-950-8745,43451 Thompson Place,false
477,eesched8,gconrartd8@constantcontact.com,$2a$04$cPCgjX7jfyCn2XzM/SoF7./8Db/0FFYD0eg5Crwil/VmfzaCWh1De,458-913-5145,62 Melby Court,true
478,bstoked9,pcumined9@eepurl.com,$2a$04$1ceXX6xRKnA5PaY/pOPcJ.FxgnTAcmcLGVzqldI.dFyDN3drXRfZa,189-955-3378,22 Corry Lane,true
479,rskittlesda,soraeda@odnoklassniki.ru,$2a$04$0XBeWXP3z.WcaiSFa/jlGenwJQaTDlqSyjSoz8qk0nlLYH9LOm4GO,123-154-4422,641 Amoth Avenue,true
480,gchittleburghdb,bhorbathdb@blogger.com,$2a$04$Pxcbe/25Six393hqnc5.8O.TFKvto4q4y3W9hNmRfyXDfPNvBeYvK,392-605-4176,99 Forest Avenue,false
481,lcornbelldc,eleavydc@photobucket.com,$2a$04$46zmod2fjg5OyUOwzcEX2eROe/cFfBgRu9lJow1n7YZVcGKk28lAS,280-151-3762,5 Melvin Alley,false
482,cjozefiakdd,hfeechumdd@t-online.de,$2a$04$b3HhUbHVqnzR6jeXHnaEbOW.NPyD06G/wJzmGUnWrnUQV47UCQ8a.,274-210-2428,6075 Fair Oaks Drive,true
483,htruluckde,tbeebisde@cbslocal.com,$2a$04$7kkrpz/DFJHXkiZiTMaGD.kvQ7Do6EtZfShxAgFb0YqsbQIhUOMnu,871-116-5032,24 Colorado Parkway,false
484,agrogordf,bmcawdf@nyu.edu,$2a$04$jfwu7zmZlvKFQkcB5E6GeetE/..vC5NM4mEKmyM/TklLG5qzrWCOC,916-953-2424,1316 Hazelcrest Road,false
485,vcuttelldg,cbeeckxdg@domainmarket.com,$2a$04$S8QJIsd08gbszRTPsCwBkOrV1dH.fWrS6nF8TQoOCcmt3vWEyXed2,675-903-7089,007 Charing Cross Trail,true
486,melietdh,efashiondh@surveymonkey.com,$2a$04$HVm.QSeFSyFj27.9JrPWpOKq0sKyedE2tVUjNWIkfwjoeoVOs7sLG,727-661-0288,01269 Pierstorff Circle,false
487,ddarlestondi,ahaukeydi@ebay.com,$2a$04$l.BMv1ym79XwlmxG4C1PoeCcbw8i3efyCuxFyC.bN.gFvr88yqk/G,531-500-8533,572 Melby Lane,true
488,bhazlehurstdj,lhurddj@reverbnation.com,$2a$04$.hWTvSaoEEaGtTbRiy.oH./xIYbSrP9/6nI1rk09Do1uB7g0PxfFy,682-121-1428,033 Burning Wood Park,false
489,amapotherdk,rbilldk@ameblo.jp,$2a$04$83oWIFhIWnoNAbX47a2zxeuVGQPZHcD5l/oMjX82.ONDVnJXCLDKO,858-345-5694,72 American Park,false
490,gfrichleydl,cbasilldl@issuu.com,$2a$04$TxP9Foh9H.KRPfPhnxjmgOdJA/zpjN7pgT.cFmIagVigvAbfg.h7.,368-952-9385,9750 Carey Pass,false
491,mzealdm,cdemorenodm@squarespace.com,$2a$04$kzFxaDUnWHoFfIR1EGhYTuPWpukkKWc4/yTRwoO9lb.E72UzLZ5ia,564-344-1408,51500 Pierstorff Park,false
492,mlenschdn,mdennerleydn@wp.com,$2a$04$MHVjhEe3NFgjBbTHPQGXLOkBngw6AYoU/HRhNUTcv4MjSO.Mot/3O,346-915-9401,68 Jenifer Lane,false
493,dvigoursdo,rlosekedo@wordpress.org,$2a$04$LkCvfEjOJi/aZvWsFoSTi.Vj2yAP/EnytWs76zR8swA552UYpT6ZW,680-289-9536,7 Summit Terrace,false
494,pdyhousedp,tvalentinodp@elegantthemes.com,$2a$04$cU0Rq7jMvp3DjpVAXTEYUeWC7qxUW6LlNmPeuIei9G9oclwjZF09O,766-565-0001,64 Ronald Regan Parkway,false
495,bfrancktondq,mgilhouleydq@wordpress.com,$2a$04$u6Wz.8XpGbX1XquvNK0W0.5550GRYIMktI7mqunUt/W7SqdXcVknS,664-897-6110,98 Graedel Drive,false
496,llundbeckdr,dtarpeydr@webmd.com,$2a$04$B.iYc4SALdcfhiaDvfg0Te.rBRI4i34jeuX.T8/MroSva0eLCnpVq,193-290-1076,627 Comanche Parkway,true
497,dpietaschds,ltudballds@go.com,$2a$04$0.t8RaVxtzpDCkE2sWxlPuTWBQ9bLiS/k/QcBcTYXSoeCFNgPesJq,992-178-1245,274 Mesta Park,false
498,merrickerdt,dshieberdt@amazon.de,$2a$04$1s/YjFyPh8DG66w6FeLa4ehnAhqOb6Xyj0BsAh7MrISEtMMXcmP0W,570-693-6897,9 American Ash Terrace,false
499,vjeensdu,rpettidu@sun.com,$2a$04$9ZIXyJvHOZ7sSXODNPyTmuix2A8b9KJyU9rxq.5V9t76FJIT1o7cK,312-952-3210,36884 Holy Cross Pass,false
500,astubbinsdv,lscrigmourdv@bloomberg.com,$2a$04$sQFT3QW7XYj4EKxUFZ6BNekr4jl3yc85Ddutt7TwiflEoDEtlUbdK,846-508-2797,12359 Fairview Plaza,false
501,jkidderdw,achalfaindw@deviantart.com,$2a$04$UdFHm7K32XIIoZMubR1dsezBZTgBVUJ/HxLpPYorAFr5IQWRa/cQS,788-757-1332,93765 Declaration Crossing,true
502,sdrinnandx,wkristoffersendx@newyorker.com,$2a$04$ICZlyMu/pYbX2AUj5Nds0uGINomO4q.K03t2yNDfkMBlkQGjgGzEW,539-927-9536,1327 Pennsylvania Center,false
503,zhubbersteydy,spressleedy@biglobe.ne.jp,$2a$04$aNRWFLKY2F4ZZnKcAjKaHO53Ah4fWheCz7Io4vi5vCrwNY3Fg05Cy,847-294-9595,6 Stone Corner Pass,false
504,pjedrzejewskidz,swoodberrydz@is.gd,$2a$04$x4q5GYLemdq2t8SuD8Gbneo0AscIxIYSFrJpD9QZBRWFIWRQcSFrS,588-297-9112,80707 Little Fleur Circle,true
505,nbraye0,filyine0@fastcompany.com,$2a$04$jvDaTPbnePGTglLXP5.H5OcOBW49Dd/EjFkyd6qavJNftXpsUuugq,244-718-1355,8900 Morningstar Way,false
506,ghillyatte1,smedlinge1@bravesites.com,$2a$04$vB05bDKzV8YPiUmCL/USkuR.6EjXwIe3bUNVEhfJXHOjW.2z2wyv.,215-893-3138,3213 Pine View Park,false
507,cdrysdelle2,gcliburne2@independent.co.uk,$2a$04$HJ86R4RelxyZxTZfFuYVGukACQNQ8bQ84ZZS6uPIkWv0ici90Q6u2,177-447-0402,0 Londonderry Hill,true
508,ethorwarthe3,thackwelle3@fema.gov,$2a$04$JZy/K9ENWIdZM5hS0aFyJuQr4vMrs5suEZUidimzTESUeqRet2UTm,299-144-8366,17713 Westridge Plaza,false
509,bbowshere4,mprevette4@simplemachines.org,$2a$04$ctAPj//.FpJtE38c23C0wOMUBqLiqW3P13xvYhnZMdspAotMbYjFy,819-605-2385,3 Center Way,true
510,cmarquande5,rpapae5@google.co.jp,$2a$04$LIu8csznBgJsp5cOh7fST.I8Wqh4CseFWWmjjn5w60ZvYY7whO/z6,272-138-5120,1418 Porter Avenue,false
511,plammase6,rtackese6@netlog.com,$2a$04$8RLAGCfvNPXpj48NcYULROSWCYinoZvlw5ETcPBb2hlQx9imjWJle,464-299-4843,7401 Thierer Point,true
512,pperrie7,wbilbrookee7@list-manage.com,$2a$04$oJTYJ5XC4QG89FI5vxHw2ueuRv/4ISzCuPEeYR35cXtIjWyQQS.BG,955-143-5881,44 Donald Lane,false
513,rphilcoxe8,rwitherowe8@yolasite.com,$2a$04$uv4g0SowXexRfC5IoCEYNOMuVaraL4EYHkK4dONmgTCLjOqzoxj2a,794-232-6250,8 Westridge Junction,false
514,spice9,thallane9@nps.gov,$2a$04$j50nfn6gmJBowXpzUeYLSe8nniFJImNdN5.jM6hSHW3ncxC2/7sse,247-354-3453,35 Logan Road,true
515,asiseyea,anoblesea@webnode.com,$2a$04$z3/8qynTFb.3K37C/Gk2X.RFVfseqnHnDCHIpOhpPgoN8eqr4LlMC,677-949-8645,5 Kensington Hill,true
516,gghelardonieb,cblakemaneb@sitemeter.com,$2a$04$INw0TdQ.oL/rS.aWFbIzzOyd0OKfvRY43XIHtet90.veYOYYABAMK,860-276-5972,25 Talisman Park,true
517,djacklingec,vtuppenyec@howstuffworks.com,$2a$04$WHyEnIqSHUQxgA6.Y8GUPe5vKYPHD3qwvqRgVpAVXXvXA2RPoIiz.,661-318-7657,24 Rusk Terrace,true
518,dduchenneed,nwalchered@jimdo.com,$2a$04$ApQyItZ53FU3qdrfxOudxOWNIsV/MWNpx3fao6Wc8Td3g6rY7mCAK,921-966-7128,5 Waubesa Way,false
519,cbrundrettee,nvintee@tumblr.com,$2a$04$Rd8Q5EcV3YraQAdYI/mH9.3qqCwHWQddzU4dH.Xd6VQtXRT.ZJdhm,973-165-4280,7621 Saint Paul Avenue,false
520,jealamef,bcochraneef@github.io,$2a$04$JLh6rgNMPc8gpFsY9dqu/OMl66YPeV1ABOTK2UgB5z59R.l/yigy6,586-284-1398,736 7th Way,true
521,mnoriegaeg,asowleeg@home.pl,$2a$04$7Q5Nzp.HG3DsrgSezUWbLOqWoyVYhqdPkvJ9L/ucYhVFWd8QJbLFW,855-862-7397,37 Dayton Park,false
522,komandeh,tsteptoweeh@sourceforge.net,$2a$04$KTBtKuQ6tV4UpAbjtD.ea.D3kNV9eVnvZzwfofAiAq7IIgG0xZQ2u,958-691-5329,5801 Sloan Hill,false
523,ccopsei,gbrashei@dell.com,$2a$04$iG12fqw.MLZJ5PVpCPvAP.q0zhS53S3yMeX4XiA6lmNEG1XcivEPy,910-524-7794,0165 Annamark Way,true
524,dwaferej,rstanworthej@wordpress.com,$2a$04$gdXe4dW8WxX4gnQGcC2EJuFMyIbZf/eBDim9EFviGakWStVdXsqk6,304-156-7409,6643 Westerfield Pass,false
525,crunnaclesek,wbutlandek@smh.com.au,$2a$04$tH6lzrl5M7bar2hgSW.7FOhArK8DY8Oh6fzY4nVS20taFgl7x44gm,833-403-3040,192 Kropf Circle,true
526,sgrahamel,bpickringel@nps.gov,$2a$04$uj.G6AxKnhSlb2gbvIUOXeqDAfs1MRRVaXAsHBgRMDWgVRmjSC1bW,834-787-7255,903 Wayridge Drive,true
527,zbrysonem,wtrulockem@simplemachines.org,$2a$04$j1eJwm/tuDgidjGzId07h.dbeuTd8SsigoLxHCm1U4I5k2okJeW32,601-427-8095,443 Boyd Drive,false
528,jsabenen,wdominicien@fda.gov,$2a$04$5X/QtI8tHZxq1weUif98ReqfytFVy89ef5ZB6LkT3/Qhzf1oTLULS,651-591-0743,51532 Gulseth Road,true
529,ejunifereo,dchaperlineo@mozilla.com,$2a$04$FYozdch4CMTLHbN/J9qw/OpWndJSRJ67qSpuxitx2q/8Ziu5axe72,643-433-1497,656 Packers Trail,false
530,clayfieldep,mcluteep@hud.gov,$2a$04$xzlrzYmgHJdRNOqW4yAtf.58Gj5wghcEdDDxRvSlli4.HK3wW/P5e,772-448-5820,8 Ludington Crossing,true
531,yreadwingeq,epesselteq@imgur.com,$2a$04$2RU.S8JYebhegvLBMwl7GeWrU7akiHb9LUva6sOq3s6/wMJdBHG4q,692-389-7984,0 Steensland Lane,true
532,scammisher,gjaggerer@wp.com,$2a$04$zN/eiIvJk2trYuJsF0REaeI8hHkbMu0Mnaaa2GcRWAm7eUPeTNxqW,539-602-6588,43642 Forest Run Point,true
533,aalduses,cpantlines@feedburner.com,$2a$04$eV9CBeka9M7z80gcMNBzPuiwJfNmIlnmuzC8.qD/wEeQk6Y3cJ5IO,576-622-7566,1 Forest Run Pass,true
534,pbraineet,cblaziet@cnbc.com,$2a$04$RbY.PVTm7v6hKkktCTFgBOYONaGGRJPf3O7hDQA/zVCZEQuv50wc.,419-178-3304,8 Kings Junction,true
535,ldellenbacheu,pjuckeseu@lulu.com,$2a$04$qe2K1tccrFko6XInbMb.6.QJQt3lX703gGUZ.wjtV.bpXd1JlG1sG,260-956-1434,889 Portage Drive,false
536,acopcuttev,fsmidmorev@ycombinator.com,$2a$04$iIyasMtqHl0SOp8hO2gmMO1/XBphrxDvf/r3GaSN5CHh0HLIF9NRm,200-839-2793,29269 Parkside Alley,false
537,snalderew,sgeldardew@army.mil,$2a$04$L.5VQ4xkRj6nL3lAg.m5CediTwh6pkmD/H3yw8PVhAw8XREhmvFvW,248-682-3529,57111 Badeau Park,false
538,tframminghamex,gsinnockex@geocities.jp,$2a$04$pNLiBrHI5QQAa5UWxfs0tONCc3nEtj21YE7TKv1zmznguH0SppmXK,499-593-4812,3169 Ilene Terrace,true
539,jkarlolczakey,skenderey@chicagotribune.com,$2a$04$xhjBs2dEbRCecHrqD0jVveWQcyNawdNxAoISDqW9mjz1fQ1O05Z2.,863-952-0922,87885 Iowa Road,false
540,vkeeneyez,ccaplinez@wired.com,$2a$04$bV/yvRSvq1YkeO65kkIxOu5Wd9ptNlerYzolOl5e4a8VueJvkALKG,661-544-2676,6 Macpherson Street,true
541,kkennaf0,bsimoensf0@is.gd,$2a$04$RJTNg.LwKQOv1HGP2miCK.E3Qh42YBFcJXF1wF8m8OAIIOMqq5ZxW,720-902-0846,964 Westend Drive,true
542,vbearblockf1,agaginf1@unesco.org,$2a$04$aWuhpJTWj2cgxglycK0bGeI6.6Ke9wfwNNKRiMuyYmKvdsEKZV1y.,880-616-5563,7188 Pepper Wood Crossing,true
543,ayerrallf2,staffief2@nasa.gov,$2a$04$MEhZNIKJkEjvI9HzqLLuLuPEnhQnAeauPP2y8JsBFMt4zzOxoFMUO,164-605-3430,9000 Pleasure Way,false
544,jhovellf3,rlebellf3@telegraph.co.uk,$2a$04$ZAVFP8G1Aks/n63s2pFSbeGJ6lbH0.HVq3cH33bK8kgoyEZ1qQWjS,657-249-2489,1749 Florence Pass,false
545,tsamartf4,kannwylf4@google.it,$2a$04$UACPsrUnAxX1aAtBt42F/OaEFh5Xq4Mw/GXfCjFUKckdAEzw86R9G,487-906-6024,8 Northwestern Road,false
546,llarmuthf5,wtongsf5@arizona.edu,$2a$04$tSMTTad0OAbXtRJZgC6tw.iJ.ESgblzwJPAH9jIDIudwxHAUdNGXe,529-819-0164,14 Columbus Center,false
547,asoamesf6,ngottelierf6@theatlantic.com,$2a$04$3T7jXBrTVhHU8Nq00Km.XOhpCaBq/mvXxnMczCmDW4tTHkoQ5FxIu,686-811-5915,64693 Lukken Street,false
548,ebramahf7,akeartonf7@patch.com,$2a$04$ES0ryBze/VaafrkaUf5sSumCQzIzHRIr4.DvsxI53RwK3UF0d5G0i,386-855-1334,353 Derek Center,true
549,etomkinsf8,dgyverf8@shinystat.com,$2a$04$8wPM/8mOEPy4Vr1fz.sCouB5PcvGt1Gt4/vF38wVo5y1DYYmBxchi,302-678-6233,947 Florence Point,true
550,vgildersf9,ttindleyf9@boston.com,$2a$04$U34nzfgxd.WV2cauSDjb1.XfjzaroTuFM.3RNgzkytO63NpcPig/O,169-593-8786,66 Schmedeman Crossing,true
551,yyakovfa,cwingrovefa@barnesandnoble.com,$2a$04$s6fTATvtGfwJqn6BTlW2e.ePpRjeR7bmmDu7JeDXSyuQBNkXZVC4S,669-645-1995,214 American Ash Place,true
552,jroundtreefb,sfransewichfb@list-manage.com,$2a$04$0Ogt3UvtfpirT8EnXWba8.e1itvdv5o1cnEXUmtTPHYO.thhCoqAO,550-262-7512,421 Bashford Road,false
553,celfittfc,apengillyfc@hatena.ne.jp,$2a$04$Q1aJ.TQehT3CCHGviAtmEeBNHjrxooD9CP6q8ruJuN/r6WSH7WCxO,574-312-6378,41 Mayfield Road,true
554,lmatsonfd,ctiesmanfd@constantcontact.com,$2a$04$tr/si8QNqoDm2xBdvhyIFOU7fctsYuCipUZCCPEbLHUS/RcDTmnt2,581-430-3076,47539 Center Point,true
555,cpetrikfe,vtucsellfe@army.mil,$2a$04$G5ua56TN/dg38LdoUhWOZOr6iPL/7S4necmJiLybWXezQzK5Sc/Ye,807-553-6957,931 Scoville Trail,true
556,acamelliniff,ceadenff@so-net.ne.jp,$2a$04$Y5NKHMXBTr5CgCep3JXTjOR6obeRfIzLWGluHcaugbpLkEhK.tv1e,368-757-5791,5110 Alpine Parkway,true
557,dpatleyfg,rstredderfg@home.pl,$2a$04$.ykYSYZzfBs1fD/5a.R.eu2MYV65pLHYq9kkamN8ANyDtUIlfdEhK,461-806-3127,9790 International Drive,false
558,afilshinfh,mbrazeltonfh@google.com.au,$2a$04$hm1X6PYEnDuqKek3tS6et.DGZoDPLWQ58kj.6m5f5GwfdX.L/HCHW,366-793-2538,4048 Gina Court,false
559,cgillimghamfi,srichardonfi@blogs.com,$2a$04$UWGz1kZemoXh.psSG/wMvu3DDrdV1v.Pb3r11WCUb4Olaou9nk5Ry,450-430-4186,63492 Atwood Center,false
560,mrearyfj,lstraughanfj@google.com.hk,$2a$04$jGwquwSOajCFW.OIUbtRHO0mWkdOnvZDmKIkJ9NODCAQRif3RZjAW,284-867-2822,319 Sage Avenue,false
561,ayeilesfk,cslefordfk@usnews.com,$2a$04$z21MJesp8dDJ50UtfgWe2OaIcIFNQsBQskSyRaDXE45SN4kBPMccy,564-703-5730,0 Scott Court,true
562,tlonghornfl,wohalliganfl@shop-pro.jp,$2a$04$.ftKS0W3T3VOoS9F9sM0IuK/I9Q6u9fEZGQ9MS0v/zawEXhtUAE..,479-962-0042,97697 Chinook Way,false
563,samyfm,kdanilovitchfm@de.vu,$2a$04$OfD8dPsvSUlAHd9FpdErcO7PiW08b0YRe0JAkUYzC3.xpOzudpPOC,631-694-1461,22747 Division Parkway,true
564,hskokoefn,gladdlefn@indiatimes.com,$2a$04$EfkErX9oU4gPA.UhMBJ1B.Uq2omSZlXTLW.PDnpWyjRCuGQwrlY8C,337-897-1479,640 Old Gate Way,false
565,bsalleirfo,ataggertyfo@nps.gov,$2a$04$/n1Un37HA8BlRY6SywUv/.QYImLOEyaSOQlJR1ExYk459MkFqRS4y,975-972-5733,231 Northfield Parkway,true
566,rkalkoferfp,cungerechtfp@uol.com.br,$2a$04$6MQ8AeMrvOSaYfI0yRX5su4VD3WbCXNJk0daqjTI5/fFVn2ho2vxe,592-974-9978,5418 Dwight Hill,true
567,jdurtnalfq,rmcgarvafq@tamu.edu,$2a$04$r/BaTcev1HPSWR0DyuJX7.pDf.QSVk5.A6XyKfUAtykX9YVwgKfsS,168-836-7599,6 Cascade Parkway,true
568,pcondiefr,hservantefr@baidu.com,$2a$04$GhP2Z1CfOLFbrEI9e37zfu2HU05vi00KcUgMPGsZJeX..Qc8LN/Ja,540-965-5270,324 Glendale Parkway,false
569,ccuxsonfs,kgarralsfs@jimdo.com,$2a$04$hooD9I9kwfIyFcLKuSPFZuUUlVZo.SQ4Fz8LK6b0HK8Sb6Mzr36Za,422-517-0924,591 Reinke Street,false
570,csimononskyft,bgarriganft@google.fr,$2a$04$zBLjd2N4AoOL5Gnk14eRveAsvHwA3e13iKtTm6lZHfT0GBJCejCB.,893-416-8096,74 Sherman Junction,false
571,sbaackfu,sferrierefu@php.net,$2a$04$rJofs2jv3ZY9liC/KZNuj.MnnexQzOfKcH35bQc5d.kPdHOmjJuvu,894-193-9369,111 Kinsman Court,false
572,gjoselovitchfv,mlenhamfv@fastcompany.com,$2a$04$hDQOWI3djoFcm1Usn9u8Eu2.0lijwiaZLJG3Pfk/XXVs18wosu2Am,512-637-3787,83244 Spaight Hill,true
573,wrydzynskifw,ebuchananfw@berkeley.edu,$2a$04$mZ.EBrkU9Y25N32xgQjBqe3PnRsZNWiHcZVpguJ9neTswNiaHvfJS,437-446-8559,8457 Birchwood Place,false
574,lkerkhamfx,mwoosterfx@mail.ru,$2a$04$m4NF4gcTNsTw/G1qzhEi6.j/jEl46Yy0yk7kclkZuv125Q1MFY4NC,533-365-2373,37 Grover Drive,false
575,cwyethfy,cwardallfy@google.es,$2a$04$EJT9bQo45DdA4We8rRSRJObHSDmuHYj4vF7xFHpStdl.2HL.j2R.u,198-879-3555,44074 Tomscot Hill,false
576,sjosefsenfz,emuglestonefz@wunderground.com,$2a$04$qmSVvPo9bRe/bol.f9r1.ussSVqO2J5Vpers2Frto3wtTxTLpy6sm,539-182-3059,59323 Novick Parkway,true
577,hattwoollg0,iteasg0@i2i.jp,$2a$04$w0F8o05sMGubgdsWulgizehGzy/eEeDknLXW4AU2Ej3uFUAAoEf1G,238-433-4964,4627 Brown Pass,false
578,dwakesg1,nsmallcombg1@zdnet.com,$2a$04$nD/OBVHF9aJ39KQEdtkCsO6vASlNr8Y2TbNn8I0Dr.wQfNFBpNXZ2,978-427-7722,4 Corscot Hill,true
579,ppanching2,rskeffingtong2@ustream.tv,$2a$04$btMb4u6AbcaB00jK0cloPOFePYieEywZNntCE6nBvV58IZsGqQt86,939-333-8842,8547 Ruskin Park,false
580,ralekseevg3,jmolesworthg3@soundcloud.com,$2a$04$SliNaMhJgWR540byY8OqduBkY0rRpIsa70ivy7YFcqPae/h1SvoxS,289-392-6873,9844 Browning Hill,true
581,farmang4,ahairsnapeg4@t.co,$2a$04$PqEclcdwkEJT/uZHjEMN/OocEQl3dEVL.qN961X5zgWAwi9gi/ugO,136-115-2310,1931 Meadow Ridge Pass,false
582,clampardg5,icorteisg5@mediafire.com,$2a$04$EmKQ9zJjvxh8afQHJjYcxOoiGgW1LAKGuLv.Yo.NZpemlX.FBH9Ui,707-867-0735,050 Sullivan Way,true
583,ccopasg6,tdoniseg6@prweb.com,$2a$04$0uVdrPV2go7XzqtRqUflheJt0ngLMd49BHIQflHL89Qzqov9pK8ii,662-972-1092,89 Paget Street,true
584,sjoanicg7,avandenveldeg7@pbs.org,$2a$04$HIGB6Z5S4/OGECbfUzH8QOteTaTIVJuOjOO8ubv0t324S0lMg9cKy,725-557-7287,46123 Hoepker Plaza,false
585,djaggerg8,lsebastiang8@google.nl,$2a$04$fhnmLLzH8j6PSPWA1Jsvv.IBnT8NEd1JjhbqKyBrzZ34T0Z3iqGNm,890-504-0207,4 Pankratz Road,false
586,rpetegreg9,edonnellang9@nyu.edu,$2a$04$Dxpc02FHXCRYWlWdepSi5eeNx3d8GDlLCDopYcDUV/I4mOVVOOO56,667-150-4471,4 Rockefeller Alley,false
587,tmacgillicuddyga,jpeyntuega@instagram.com,$2a$04$AIavQOEp8OEqMCM1gaop2O2.ufpWlbIhnBmfrsSnkZZg69MFz5Nei,959-488-5700,77 Burning Wood Circle,true
588,bdablingb,asuttongb@scientificamerican.com,$2a$04$.9WWNHW.f2lUx6GDe0gvhelLx8Mux7KJwHitdxK85ZuS6GHWOmAuK,513-829-2953,39885 Nova Road,false
589,snoltegc,medinborogc@wisc.edu,$2a$04$LozTpIC2Q1WzcKC6SFuUQeu9ziHECLoI/IVpRiqw9Y3Gnq1GGMA92,377-321-7035,45699 Gale Lane,true
590,tarnisongd,tmidlargd@dagondesign.com,$2a$04$AEW0tx8MLb7BkjYt2fIKJOrUbzvza9hNuX5.Rsu3nTTIa13./5L4i,694-307-9253,9462 East Plaza,false
591,zkopsge,ameakinge@sciencedaily.com,$2a$04$On5MF5dB8G03y5Q0yzqPO./kTvteXiRC2fHl17GtRhQW3GFQrrQoi,258-117-6351,334 Judy Place,false
592,emelbourngf,scaghygf@wsj.com,$2a$04$psOK.2rsuBVLzSsWfo9wN.WtTR0hLxlvLefTNq6ivXvU0WhufeQ5O,957-897-2146,2 4th Lane,true
593,swalchergg,rdoubravagg@bing.com,$2a$04$vwQfrqHuS2NyZ4xuPbGDHOr44l3/ize87tKUBg/FHpUxJFzP8F6ba,528-163-4051,54049 Cottonwood Drive,false
594,hdenfordgh,lurlichgh@tuttocitta.it,$2a$04$/Q5YdseXCreWDA07wsMJo.0Y0a9L/tY4IHlG9BJd9nviwHfUov6y.,547-271-0706,98 Stoughton Park,false
595,drenadgi,fpriddengi@ameblo.jp,$2a$04$BE7of4AJqcjIFWGCYqmaHOlrXuAfUE7fM9YG.A3SYx20SG1ekaRre,315-888-2066,3 Summit Plaza,true
596,shincksgj,akarpychevgj@tripadvisor.com,$2a$04$ay6IHSOv1GrDgbmJajNsMOj9.sHew.uTPJbeONMG03kd/ZZw2dgKq,449-110-8753,26 Old Shore Parkway,false
597,pblackahgk,ejaygk@earthlink.net,$2a$04$rjlqhjoMmAvhFEuFw27OMu6KhV6Y0ixLjGMQsZeT0zz5TqrSphYra,589-556-4712,89921 Arrowood Road,true
598,fthreshgl,jcharnickgl@mapy.cz,$2a$04$V9sCF4UBQpk77vG/nzHS2./5krA55NfxHapvbUxBXUumrLYQjBT9W,373-879-7180,25 Reindahl Place,false
599,dleregogm,pmusprattgm@com.com,$2a$04$fmXE8WTGDkstxVVbEIp.neI/zv5d22T8mt8ZBQyEzrRT0uzJYxd4u,969-323-5568,44858 Judy Plaza,false
600,mcartmangn,ibrinsfordgn@sohu.com,$2a$04$XVo6eFnsrgLVvYzO21p3Ju2CWYNXSBlqfF4zZNfheHTyI1NGbFM/m,880-521-7954,2 Helena Center,true
601,pdreinango,gosiaghailgo@drupal.org,$2a$04$Gph6Ex2NmJAwM/XtLFMiZOOpDJNL.K6/8bCLNS2MbC9cD5vNd8q6C,121-397-7729,9720 Nevada Alley,true
602,bemorgp,dsarchgp@bloglines.com,$2a$04$EyQ7QI6WArofDMw30sWQPuIR8LRtS84/pjz8fdCdsxungWIVyx/.y,754-693-9814,7779 Gateway Lane,true
603,sbranchflowergq,bbraleygq@skype.com,$2a$04$YLMP30qy990a.UyiIzbymeGFwYv0HMNDvIwWSw1kHujEznaKwrR0i,316-893-8298,81646 Mitchell Crossing,false
604,kmattheusgr,sdunsmoregr@economist.com,$2a$04$sNoa5Lz/PkRg0aVwQUlh3.GVYiOC3jq9iQyMyZ/jIvNFKlCKEHP7S,836-696-4544,8422 Stone Corner Pass,false
605,blefevergs,chetterichgs@archive.org,$2a$04$HKK9KurGvjiFz/D8f8GhueD.7rzEkPl.mJ.Gr60Ag2JcASK3wx86O,871-551-4776,8416 Fordem Lane,false
606,nsinderlandgt,fsturtongt@photobucket.com,$2a$04$zt8RH7ty/QZNhu9H7H4YU.Dk/ebsZjO2Dmtefn1DjZnZ8A5c6Zeh2,877-238-1754,4128 Glendale Plaza,true
607,possipenkogu,wvanelligu@biblegateway.com,$2a$04$gVUuFkJ2qtKLAGlYVoBHkepUG9xkOn97O0WF6bRzzLY5l4i4YRFnm,663-218-4087,38 Dexter Way,true
608,zgatesmangv,kadolfsengv@linkedin.com,$2a$04$WX0HIT3xoW0LHhUXljlHBO1J1WP5MSOwxZpEvFD60/PfEeXpQrwVy,279-836-3980,2 Kings Park,true
609,mpassiegw,jrobertaccigw@simplemachines.org,$2a$04$c4jhw0R2YuNL3Qh2AdcU2.H31rurko9ygjWg0i1m2.vscRXYUd5TS,343-112-3806,35 Transport Trail,true
610,tczadlagx,varrighigx@fastcompany.com,$2a$04$F1/0/LokbF5Y3i6kULkXmO3aOEkgzn74zeIA.40RKq8dW2mz2Cn9i,267-266-1717,3627 Duke Center,false
611,lbinhamgy,dmacgarveygy@sakura.ne.jp,$2a$04$o7KmOxWwN2cY3RWczjkibeSYWBoD4VGITEo3V71oJ/TBP1R5tghdS,180-407-0281,7 Lakewood Way,false
612,pstenergz,ktussainegz@samsung.com,$2a$04$IgEtRP2SZZmUy45fbARk7u08kOKq.MSUqiVtOV0WxZYP4PsNiod1e,350-678-3202,51256 Clarendon Trail,false
613,aclaricoatsh0,dfauningh0@histats.com,$2a$04$eEJjzyN7MgMjX7vQmwTCcu65sd/hgYCp9a5sfh2l/guq4obGFyxE6,803-874-0753,33680 Rutledge Circle,true
614,amcasgillh1,csterlandh1@google.cn,$2a$04$i/eEZ78vRgx6RgQ98goz2OGJfe7sIX1Wh2sU5IsxqsZ0kOYQJODIy,791-839-2661,799 Gateway Circle,false
615,rcubbinh2,cmcallesterh2@dell.com,$2a$04$M7TZwOi1A/YY.hSBJSfp4e/SgOxJSx4iK0QOVjqwfsFPF..vRo07i,706-288-0514,9657 Columbus Crossing,false
616,fbrocklesbyh3,ezambonh3@nba.com,$2a$04$yY9PUVL0Ar/zUmroJcH.suo4TA4Xj9l7zdS8uGPdEagoXifi5ca1C,215-533-7023,8 Eastlawn Crossing,false
617,dridsdellh4,mmilehamh4@deliciousdays.com,$2a$04$vXHpC3pZ63R68zoc3dMzUOiugayziV0kaJ2R.jaNiNyDOyVP2GHPy,167-990-1078,57377 Northridge Junction,false
618,cminnetteh5,kpurveysh5@over-blog.com,$2a$04$9anjsMeBCgdHEY9qvgjYauOyeRv58EstHxv/5SAsunzD86nsy9k82,630-248-6128,93 Haas Lane,true
619,dscholigh6,tpittwoodh6@marriott.com,$2a$04$7rVsfzHpsF2UwZiV.JyBc.4Ef.mMoXTdFz7kSb7PFEUF3183cp.h.,755-996-1853,0 Scoville Circle,false
620,ieastesh7,fwillshearh7@gov.uk,$2a$04$APjJtq5pVlXyx.9dlQGBZuRXqknXPlqCSrllQgdB1xYOc0h7RI6aW,366-616-7693,30 Green Ridge Avenue,false
621,groddah8,tchecchih8@redcross.org,$2a$04$/vEQATaCJVAWfy7Sj42ovuVp9R6me0wuElTXpdIeMJ/BHjMw3r.nO,907-600-0474,9246 Victoria Road,true
622,maleshintsevh9,ipennycuickh9@cnn.com,$2a$04$aUQop1Y9ANadtOztFYy55ev7X2ohVy4KlAb5hN/NBfYtuleAfXIhG,904-712-4979,8 Crescent Oaks Pass,false
623,alethamha,tgammageha@newyorker.com,$2a$04$/93Y6xYO0Oo986m/L.ASPuiBn8L68V8fT1Os1T4hBtE2IuM0SYcS.,683-353-9402,954 Iowa Avenue,false
624,pcubbinellihb,cryderhb@cloudflare.com,$2a$04$SMth4MZSkY97pnIk6bbzFu3XzEsmCgApCgi1re/Cdg3Rzms.fiNpa,296-464-5296,2 Redwing Plaza,true
625,bantoschhc,llarmouthhc@census.gov,$2a$04$Xt.Jw5pWD8lKJGvrw9YFCe2Sr5D0L6KMyzAGkFPFrAwCsDh8.UZC.,701-293-7875,43 Anzinger Circle,false
626,dellingsworthhd,sarnoudhd@abc.net.au,$2a$04$/O0S9ltKGEVzjp4fk7oqOutCidmu/N7kk0GWlIu1Pu0ipHxHMl5qy,402-974-3668,32 Killdeer Alley,true
627,hivashinnikovhe,ibreedhe@google.com.au,$2a$04$SUaHPjV1FgDiX1Y4FxAgWeMMA8FkbAONpDvDJReqs3fQLfEJdvLYK,179-654-3371,11967 Darwin Way,true
628,kbillhamhf,vroughsedgehf@ebay.com,$2a$04$m5YJpXIFfMN/rK6RXlgLNuHUo7cP1BduOtFGygSUxkgamdCtq3w/G,582-809-1410,9 Eliot Road,false
629,sglasserhg,ablaxelandhg@hibu.com,$2a$04$sBBipXUe8hnrYU44QdA/A.94eRwA8Dw3n955sEv247bgaL7kkkxGK,541-405-2544,3066 Main Junction,true
630,slileyhh,mgoddenhh@themeforest.net,$2a$04$ApccrGIAbRkx4Ol.7j05v.LTr5di5zeLY1jKV.FrDViiogxG0MxyG,133-182-2705,7022 Forster Circle,false
631,rlinnanehi,npimlockhi@state.tx.us,$2a$04$pcBOAx4ovbLme0RsPdUXGOrooH8t9PkwzCWI3l5gojbmOpP.1OoLm,534-744-6668,138 Beilfuss Drive,false
632,grabbehj,mdedomenicohj@oakley.com,$2a$04$GoV0b34V0PVqZpx.rznaAOqOSUBlMKRejYHCBdWFYepW58m8JFD2W,129-752-6141,64 John Wall Park,true
633,cmahedyhk,eiggaldenhk@youtube.com,$2a$04$uKdZVAt.VXibAkaUw5Gko.CaVZJSeBWd797a4oNCkBYeCXotmXwf.,325-811-8793,3 Hoard Lane,true
634,slearmonthhl,dmurkitthl@ow.ly,$2a$04$j.m3xUaP1WMmUdPV0S8iduGWtTckcikJ3SLNJbDXsT9fkyfkqJHfO,194-847-4662,05 Summit Way,true
635,choltumhm,lbartolomeonihm@gmpg.org,$2a$04$OA8/F1Yp3Cz7KrSImzOgT.GmbMCAd.QfGbYvVBs4IZmyFt9j67ZEa,626-398-5417,5 Center Lane,false
636,tmarnshn,rlunohn@google.nl,$2a$04$TjQvhIN.Dd5EKkDKlXkGB.ZyH0Kjx7MFswTkIn1vG7vN6mXHLhjB2,706-738-2698,85674 Eggendart Court,false
637,nfrizzellho,lcollacombeho@smh.com.au,$2a$04$BZ6rjpSkyqAKOXs9nFN6.uHJsqz8sVQlXM8YPHi84nqY6ezCiKJ3C,522-918-2649,015 Vidon Street,true
638,rbricklebankhp,llaintonhp@craigslist.org,$2a$04$CYnjIhwVC9Qolv6v7D01K.B7lVd58fBhD05PgXFoBBViimlCoSava,797-778-4496,451 Packers Terrace,false
639,strevorhq,tvaldeshq@jiathis.com,$2a$04$20H3lnNYGi8OepNCzEQVAe0sMufHX/plCvnVVBALLsOGX4zbkjU3q,769-783-1807,61 Sommers Crossing,true
640,ppoundfordhr,vbuscombehr@illinois.edu,$2a$04$fQExolOWcZMf0oLiU6FZ7uPtTaT77B3ckSMHGBCl6tcJ8strrE1ce,281-675-2813,3610 Pleasure Circle,true
641,esturgeshs,droukehs@wix.com,$2a$04$xiuijO2JemvmGB3e3Dy/1euKRmnNnesv0QCcT0kLtR7Qmggxi1zj.,201-119-0061,812 Bobwhite Court,false
642,dnoniht,alenoireht@acquirethisname.com,$2a$04$YQTu9UVtSsV2X2/mE3NX3OuZna6gEu250YUIJkQFNWHsaakyz0xDa,492-201-0438,9 Moulton Plaza,true
643,awindowshu,jaureliushu@ebay.com,$2a$04$eRfZ8Z5hAn6.aRe7NdexfuTcvU7UkhL1GTuF5g9E84HVgzDyDyKi.,452-970-5514,090 Nevada Avenue,true
644,jodreainhv,jcaisleyhv@fema.gov,$2a$04$jV6zcOUV7m3IRdfEm4AOnOBN1ph3bDG21amXlmX.jgKheNISg0CZ6,344-674-3468,0833 Mandrake Terrace,true
645,dcolliverhw,vdeexhw@dot.gov,$2a$04$5m1FkI7qIZyITZazHvCga.mEl8Vx88T2GiP5yLE/UlJWF/MukgGT2,195-201-6379,1504 Eggendart Parkway,true
646,lmcpakehx,tcornshx@cbsnews.com,$2a$04$DjkHivQ4YK4PKA5AUYuEd.qOpTdoOCMVIs1YBQmJoMb.b0zjxiXwO,374-479-1531,1596 Sherman Road,true
647,cladburyhy,awildborehy@va.gov,$2a$04$b85/VmzkcSQ7HS4c5zWzx.gS7hy7fmtmn/EVZcjRJtoMlYzKOZOfy,499-242-8746,672 Judy Junction,true
648,imckeaveneyhz,gevinshz@foxnews.com,$2a$04$/symTUQuryFof9kvkJmNj.ML5zKn3hvtYwTdCMb/TOyevq2fwYOCO,798-961-6734,20110 Barby Junction,true
649,jdungei0,rcokelyi0@google.it,$2a$04$CuOr1L4tAeWnp6x8gUVMDeaZZGqOkhNPLyTj9E62Wx15ZQMQMmy2m,192-146-3432,71956 Rieder Crossing,false
650,hambroziki1,scolemani1@ted.com,$2a$04$7wSDGELE12cS8GFFaSNRXeWPmDiMQKxe28dRstSGLWXJ.0/aCcRqG,949-793-8635,68572 David Crossing,true
651,lbellii2,istrowani2@slate.com,$2a$04$4uoPrHc/07MSuDKOUMxxHu1t0GQzMua6AIIQFTrUaaLoItdxTODy2,514-283-4317,4 Mcguire Hill,false
652,qrochesi3,clemmertzi3@tinyurl.com,$2a$04$1VwLY557d4CtkAMwrNkkl.Yy5mdWx5DBChxorVejJvCNP5DMVcTmi,872-311-8652,51745 Maple Park,false
653,maberdalgyi4,jkingswoodei4@msn.com,$2a$04$1aeyQTcJRu.EtgJi9Nm5k.qZ0EnTLAZV9cN6CXVDmXOXF.1aT1Omm,240-162-8424,0040 Brown Hill,true
654,rrackhami5,kjessetti5@google.it,$2a$04$HbiF2j8Gf56rBIGXREMiPuqllmAfJbFUhz5.5C8rW5Z1CxVu6woIW,208-527-5388,4 Eliot Crossing,true
655,hjacketti6,mbollesi6@surveymonkey.com,$2a$04$cUihRO6iYtyjuXiPtZIKwexAMnPgXw/HkYE1pKbVFi16Xdfh4s2qi,149-372-8885,67204 Marcy Crossing,true
656,jscutchingi7,vtippingi7@moonfruit.com,$2a$04$V0GuYPWC0mqNp0ZKsz/wkOKMo5Vkh6KGmBCjP3xzNIhpN3XdJH7zm,856-620-0382,08 School Point,false
657,vgirodi8,vniavesi8@hostgator.com,$2a$04$W1eCCnt89Mf.N9kUlbmprevZUJnJYh82sbyb0JjyOh/W6pwJ1P6UC,478-479-3618,98 Butterfield Parkway,true
658,alearmonthi9,bweedalli9@google.ca,$2a$04$m0BxdJZyktvrUZNEetBYUeQ0SIVDwVBAWORZ/mauQ5y2Mq8PKq9.K,518-134-5127,3 Sutherland Way,true
659,kfitzpatrickia,mduranteia@ebay.com,$2a$04$.VS4zlkhy5NeWwAoznAJt.pjZrabnnPWffPwY9ou1G670HxSwT92C,936-771-3207,43 Tennessee Center,false
660,vstubbinib,dworsomib@lycos.com,$2a$04$jIKoRYgUwl1qkpJMvM7Dg.xEQoFijTN2Y6ZpTtiABzCwGxLWRq9yi,363-857-7171,5870 Thompson Point,false
661,kpetrielloic,maersic@wix.com,$2a$04$6p5GUL3.5.gP1Qxblltq7OmI4HAaUOeCUM0a0jrsg.ev4BNjMSkie,535-201-5774,47 Arizona Parkway,false
662,grudallid,lprayid@nba.com,$2a$04$wcx373LH84sa5YNBASOcj.2JGf1ZBsCntSHcU080QNL4hWXqiyT4e,892-264-8567,4404 Victoria Hill,false
663,lkitteridgeie,ffroschie@whitehouse.gov,$2a$04$8o.R5XftFW.b3Zzwzq7Wl.nZh2SH6f0z8AvkRTbVtlqgHDoUdmsdm,814-668-7509,4525 Swallow Parkway,true
664,csynnotif,amaccariif@nymag.com,$2a$04$TQD6zrO7otAgDak1smOsEuPVwfSAilPHbAsdXuJfzDe/1625fifcG,304-935-7467,48746 Cottonwood Terrace,false
665,dweldrakeig,lanniceig@cornell.edu,$2a$04$6AhM9lrhyj/Hk2yBeNOmt.F2BLmAixfTIvT.xZS2jN87ieoGEEW/K,240-595-8199,3 Lillian Road,false
666,gpridieih,mwackleyih@live.com,$2a$04$8Qu2JU6F2Zhs.CSH4gSZ5e6wQCRre4OKYHi.ajCxAnTX3gKPhxNAG,198-669-4838,98 Fairfield Way,true
667,tcrutchii,hkatzii@cocolog-nifty.com,$2a$04$RtpuRP1X9JsYmjmMTV4Pl.hBAY8inGL.Y6gdM.PsbMhu1uol4Db.m,569-990-4956,6698 Cascade Avenue,false
668,bclearyij,abatripij@yale.edu,$2a$04$xkgAIv6v8GITl7Qgp9A2duI6IklSlvs8RHp7jGZ6b7j.C/ZqRC87.,653-370-9895,40 Kings Point,false
669,bullyattik,rodesonik@army.mil,$2a$04$aRyfuxt5uZOgXc9viHcd/Ovs8VOSKTye7AGJoSOItqDf9cJf5p7JK,459-558-9611,7083 Larry Lane,true
670,gwollandil,cwoolaghanil@illinois.edu,$2a$04$Wv7lTc/GlnGltE2WxqooX.8BHRTad8cvq0o2XYbYZ1Q.9VX41Vd5W,976-259-0298,7933 Springview Pass,false
671,fadrianelloim,aparradineim@over-blog.com,$2a$04$3zr1iqDdjBgVrnPk2UDgPOxUIkgv0O/DE0.7CjqcOH1vZhw.Enc2q,994-761-3531,2417 Golf View Center,true
672,vruddochin,mbufferyin@netlog.com,$2a$04$a4VAGnnbXfknU.KHk6rCxewZqHLB0ccyH7rU1KKiZzeKfEwXXz.pe,283-591-0408,73275 Mandrake Crossing,false
673,vringio,rcowinsio@netlog.com,$2a$04$BU02AyRavG0nQU90cT5cSOlXl/B0XKoNyxIGItC8DxoFaIjxjELfq,916-272-3193,919 Steensland Hill,false
674,elegierip,mharvettip@tamu.edu,$2a$04$lhu72W2EV8Wz4dpW2VV28usCsH5e5zIExM6e.BKA/Mlmr9NP0.b1a,218-871-6137,86 Veith Junction,false
675,lrosenstengeliq,arewcasselliq@salon.com,$2a$04$2N5IICpi8nYNGdJ6dT7WYOQQU2ZqTVxChKTP7Pe5.v24InyWTJy7O,974-108-3521,55135 Moulton Parkway,false
676,rdooleyir,tpuddenir@wisc.edu,$2a$04$KIJ43Za3Ev5AEguQ.sEflO8vW4npRgLqQXhvrLiRfRVenYsdF1DYO,619-586-2065,67417 Harper Circle,false
677,hsyddallis,vrayneis@state.gov,$2a$04$Z3Ba7FgqlEB4CZzSifytsezg.XLuCPvwWEGQjILd9K.Y3e3KhTzqK,973-897-3246,7144 East Pass,false
678,cgirtonit,omoaklerit@last.fm,$2a$04$sRqvsf860qFpCTEhYIgJ.u90lSdkgxIxpmjaR.hcAkIL2.62BrdsS,248-974-6161,73 Riverside Park,true
679,aglackeniu,dyoudeiu@edublogs.org,$2a$04$Gb3AnTnsSac8Z9m7bGzj5OoVLEDcvNutbshHV9yDl.N.4TA09BZ/2,411-670-4552,96 Red Cloud Alley,false
680,nkenealyiv,tspurretiv@uol.com.br,$2a$04$uNP1N/eeH/qeL/HaC/XpJOc2vw5z.B/mMbR.OKCHSpqtOLHV14onG,270-116-4049,27540 Mosinee Park,false
681,apinsentiw,blethardyiw@apple.com,$2a$04$OmowoOw46KNabc1nBTFZHOKze2HX..j6Nj2Qz12gXvM58oYyqZg0O,879-908-2454,1 Northwestern Road,false
682,jroomeix,jkorbaix@squarespace.com,$2a$04$ds/e8UBoGGqiDfhotME/jenoGYLlGbiWy2tV.wrv4XpkmppdNQhvO,182-495-3054,1 Mayer Avenue,false
683,aarmatysiy,cparviniy@intel.com,$2a$04$Sa5wUobMv.URJyDK0nKiJ.TPPCi6dlbdUc3j1b1jGKRMhNwXEq0EG,705-376-9866,28070 Beilfuss Drive,true
684,lphillippiz,tmountainiz@tripod.com,$2a$04$uhPkDw8UkHB7S/h2tcBOs.3m.5UAMLsORLLQ/Lji/Ltm5MLXzHSHW,126-306-8052,833 Clarendon Center,true
685,cbrandij0,aluckesj0@msu.edu,$2a$04$ZVAKfmGvwfuJRRINYZXEUeQlhsh8ZjpZvOClRQZswc4iWZhngMRuW,820-959-9998,81285 Caliangt Road,false
686,awandsj1,aattwaterj1@indiegogo.com,$2a$04$hcHWRJpQl4oV2Ac.1ip4u.ZVtAUTG5z1slHxVugofA7dxmL6gLXPW,249-923-2533,05 Di Loreto Center,true
687,tredheadj2,gjeremaesj2@biblegateway.com,$2a$04$URX3wTbYpiBQP1F8yMJYZuU8jvY2pWkHYsGpMJ2iy08q5MGkiat/a,436-349-8287,25960 Morrow Avenue,false
688,ayerrallj3,rjouanotj3@creativecommons.org,$2a$04$UM5WQ4LgJofuI8FmhiqwK.64NeMD0zJOgy.5Ko1jK0PDRSS0rdKBK,985-256-0223,17704 Knutson Circle,true
689,lnovisj4,posullivanj4@pbs.org,$2a$04$vrbhva2n.TmmMsVLjfc7GOEOJsKZPCtQFezypG/7JbTxzrVwnaXSO,155-296-7281,3129 Amoth Parkway,true
690,felgeyj5,nloosleyj5@whitehouse.gov,$2a$04$rimfijBH7pRJz7VjO2Ps5ul8sBNhG23TJdzm25oSRsGoxDrLS/G7i,882-962-8586,0 Green Ridge Road,false
691,jarlingj6,jactonj6@rambler.ru,$2a$04$KrULeNuX0u6dZVQYLhz2Lei0iX8OfRae/LlOXJ.vpqJqwH3lTBrD6,837-973-1378,9 Arrowood Crossing,false
692,ktrinerj7,lbransomj7@ask.com,$2a$04$DHdu0ragRvAa7KHjYhPCseDkM7eAArFffNXlDhhXGW8T/tmtDXd1i,225-901-2206,037 Summerview Street,false
693,lwedgej8,mbaukhamj8@mashable.com,$2a$04$YfEXMqSk2L8p4La0P.4NZORRtHBjgECstu3gX/VL.YZz1HzhIWU7C,191-867-3109,051 Truax Drive,true
694,cmcilwreathj9,hweirj9@umn.edu,$2a$04$BueLbWZW.IkdHa4LD7KK4.SergsqUZBJ3p2zOVHX21VXrwqtl67YG,581-696-4576,78879 West Point,false
695,bstopforthja,mfaceja@theguardian.com,$2a$04$oM4ujGGHxCsXEdTQmd0Vve/MsMSiGH8E4zixQ3SFt7WhlgMKj9PTy,283-843-2660,92961 Londonderry Plaza,true
696,gsteerjb,estoutherjb@pbs.org,$2a$04$/mK6Iv2TK5I/KV2gkQFTCuLKzS/i67PcfKy6Xk0gDr17grrZjn19m,767-647-9678,0790 Southridge Terrace,true
697,fcastelynjc,xblankingjc@guardian.co.uk,$2a$04$ytu1pGzFt/KKsMv0oTU9buaG/LDKTkzB.q3n6mtzL84BEDp6N4ECa,817-354-5640,6 Tomscot Trail,false
698,mdunkertonjd,ivowellsjd@wiley.com,$2a$04$pXJk2QNiuZUx7zxNwa4/LeJiNdiTqAhOIU/6TEQbZBVRrLpk2cy/e,494-781-5445,68 Atwood Center,false
699,aabberleyje,bcoiteje@unblog.fr,$2a$04$9K54EATV5sFj7hliYbzxY.8HpejtLwnLSU7OtxkPtK9qMT3UcAuNy,739-806-6801,1 American Court,false
700,ldougaryjf,ljedrzejczakjf@google.pl,$2a$04$/wAnclhL03cvFcnJ2Gx1suF/Z9V0aXMHIciSDaMOzmZXuwRxkNKzG,802-546-4863,13050 Nova Avenue,true
701,ktatejg,mswaddenjg@pbs.org,$2a$04$ZqR5xucnF1FAU42QSrC/m.ZiTyjXmVsa2llc3fi65w/zRvChAWIFe,464-521-7678,80 Burning Wood Street,true
702,bbrewittjh,blamsheadjh@usgs.gov,$2a$04$91PoTbhpN7FFKL.K7CwnjOCSy6vhJYyHcTqSsC59L/WMDlPsRaSfu,425-699-2081,507 Oakridge Way,false
703,vkopferji,ceshelbyji@sogou.com,$2a$04$.NUw/Pq.NQ/RBhjaMkYUWeSrKj23tEBbF4U9mam3mB.A4X2nt/hwO,129-268-7465,52 Welch Court,true
704,ruccellijj,pryderjj@123-reg.co.uk,$2a$04$hQjznEhOHwgFDQuPbxMfXeRaPucwOEmp6ezeRE0w5xzxSI.Bb9S2C,962-900-9618,05 Bartelt Center,true
705,arenisonjk,tschimkejk@discuz.net,$2a$04$rOmKIGyoYuggmyv2zvPBRePAMqecjZecjuXH6ma.SEsTOqX29hPni,467-322-6593,51804 Banding Alley,false
706,eblacklyjl,rmuneelyjl@amazon.co.uk,$2a$04$nwWQT8AF77MqZD36hSjGne3yKtd8WzQ9zoJjmsLQlawXXzKn6z.ni,867-116-2531,16217 Dapin Plaza,false
707,cgoginjm,guttridgejm@biblegateway.com,$2a$04$aKcZr09se9FzbCqPg5vNvObDemz6sJpLVmEF5cCeKwTd1jBWThwq.,899-786-4173,4 Sauthoff Road,false
708,edruganjn,ybomfieldjn@msn.com,$2a$04$GGB1B7g0oopjlweydrtsjuPR/RbljGcgKAsnhoiDPLyhFIBCjnROa,319-215-7362,564 Service Drive,true
709,qmalshingerjo,igianninottijo@archive.org,$2a$04$7YQmliETlmSyq18z6O/sfuRBR71m8Z7wc21oNRn/rn7VV9yvfUTK2,335-673-4154,3790 Northland Court,true
710,bgatwardjp,ahorlickjp@disqus.com,$2a$04$eGB3v7dpwqSXJ7Tle1lE3up.PmpITPNwFzNScxb9JiqmZPKXrc6Wq,868-272-4079,01810 Brown Center,false
711,fdownesjq,ioldershawjq@sfgate.com,$2a$04$hkL6uVqjLwonkcwNnfxMz.VToq7Q/yRspm1sAmPcPdlqUG2rLtaXq,482-677-8788,893 Forster Terrace,true
712,lpackjr,wcabralesjr@deviantart.com,$2a$04$NUSGP3lIyz4JMcnOTi3Aueuy0YWsf4xARshAzaaQsNjisVbR8oG2e,954-877-0118,2887 Vermont Road,false
713,jlegrovejs,swashtelljs@epa.gov,$2a$04$k1rfyI5WhXtDuLqjytheN.44lTZ8x/0rFy8fhIJWz.BsRH7E/MIXS,729-142-9150,9163 Elgar Crossing,false
714,gbeenhamjt,lbourkejt@fda.gov,$2a$04$1jUSw77apCJG6qHKWswaFeQdBR24vADg2DmoEI9pJwEwVvxDjUwFC,828-714-8015,647 Acker Hill,true
715,udomoneju,jlesaunierju@wisc.edu,$2a$04$e2FPqRDVfp4ZiUx1eN4sZeHfv7pjdi7fzN4alTRjeyJgOPWXigAam,489-139-3208,76861 Amoth Court,true
716,grameletjv,rkilbournjv@intel.com,$2a$04$5tIiLCyIIfBrLB4oOVnllOvog70yllLBrJhnmFm1IUCNlUeUBq8UG,817-748-6262,08 Oak Avenue,false
717,rcopnerjw,vlessliejw@exblog.jp,$2a$04$sdPJepVwx0lDY4BVF9fL/uiZNdgUA8wufWQu.ZiEp5UmubL2JXL32,564-535-4569,232 Bunker Hill Terrace,true
718,cremerjx,wfesslerjx@cnn.com,$2a$04$iaV0diHIVs5sV8Aymrey1OjPILRyFS2qxAGRKcdL4gHfyAYRY/HCi,996-513-5634,77 Harper Terrace,true
719,bastberyjy,ghumphersonjy@google.co.uk,$2a$04$KxGksD4I13mF1A65Kly4Z.LjWgiLkQ65KqE3uV19zQ2IHhWn8AFWq,571-765-4848,139 Darwin Road,false
720,akeanejz,tgerriejz@intel.com,$2a$04$2lZIe/IAcit0ep0unYAqwu3I2uIHKgyzlODNUczXLsxFgdka23mHO,879-561-5883,6 Ridgeway Crossing,true
721,cskoulingk0,wrosenblumk0@bloomberg.com,$2a$04$PZJ2l1cpAHuFMyoerqGJG.IrKiIflSBinfHBhecNpGrWL9lH7AnZ2,478-952-8581,18869 Starling Lane,false
722,vkeenork1,clogsdalek1@squidoo.com,$2a$04$bLcCuMwmiKKWpVDsIbwJaO/.RCyColPHIJszr45OrsN6PwD0u2Uqm,574-169-1952,9 Ilene Court,true
723,aneggrinik2,apennigark2@disqus.com,$2a$04$f4m1/Gu3e2nqW.6G1fVB2exMwapeweeSH72MWHg1a20..d.KCCiC2,995-668-7979,8748 Burrows Place,false
724,ataylork3,bollarenshawk3@imdb.com,$2a$04$LwtJJt9u.UboZ2JU3qVYGuUINjwgyhafgYv.wBcG3s6wtYsJRoJRK,466-896-4040,60 Carey Junction,false
725,qgarmentk4,mgrugerrk4@japanpost.jp,$2a$04$YHWbLwmskc8g/GX10j/tROw/xQvcSwqYdUzjAVfllNvCB2WQhrXoC,377-938-7885,137 Graceland Avenue,true
726,lvasyunichevk5,erobjohnsk5@weebly.com,$2a$04$xKbNmUqBjOujyppEFpYoSuXewerx3dGzaiSkcXvvfMng5fVwopUPS,510-489-6055,1 Scott Terrace,true
727,hmuckloek6,dheuglek6@google.nl,$2a$04$j20ydQlkh.ps0GkWlxQJle9lj.34Hy76KM0as6nd5FoRTTpsloRiW,524-145-2725,7109 Autumn Leaf Center,true
728,ejusticek7,rskeelsk7@fema.gov,$2a$04$gj.knQY5aonQXWcdir/T7eET3JRNKXhZ1iGE0952lMxVOyk08hOKq,504-584-2900,8565 Kinsman Lane,false
729,ccellierk8,hdeshortsk8@biblegateway.com,$2a$04$4krYMn8juSvIgA25ZRSuWewn/0smMKp1LFDDm1A0oC9VZ2m5FS/fe,862-559-2467,853 Manley Street,true
730,ugabbottsk9,sblakerk9@over-blog.com,$2a$04$kp1.KObe58PHoILviY7TS.P.z1w9pX1k4lsiPDrw4RFvurY/fuZCi,290-801-7800,2130 Upham Pass,false
731,teadmeadka,ddmisekka@nps.gov,$2a$04$d/Te9lq.yYmmy8i64urW8eet/AshnBVLQBwN4Yzjufl2FTDiRnoli,744-859-7899,14369 Killdeer Parkway,true
732,amackowlekb,ctremontekb@census.gov,$2a$04$FPzvQLecwiHHjSRLLN7AyO0MdmK8a9OuJDOQPoqGQ3S5cTqSwqUsq,492-974-4231,51835 High Crossing Road,true
733,slaightkc,jkallkc@wired.com,$2a$04$uvcBLBhWtDttUy.yJC7JZOv5lSODce8TyfiqPeiCHj.W./U7CNtBm,636-223-4193,783 Amoth Trail,false
734,kcoathupkd,bdavydzenkokd@prnewswire.com,$2a$04$vX0pxxw2P3qF6C9IOt/G7uTDqHNt6xx6vVODNLWr1QD2NI7.9P.cW,584-242-8523,6733 Carioca Court,true
735,jdewanke,oricholdke@gnu.org,$2a$04$NELR73CIcFHHjoeCietAse2/zO1KfBt46ohpq9SBjjobOSNfvNCPq,814-890-8353,67225 Bunker Hill Terrace,false
736,bgartenfeldkf,istubskf@blinklist.com,$2a$04$z8OMdNWdZMQaGiYE7obnCe.C1NNKGw6WASDCZ2GDqER6aiTI3zL/.,871-317-1295,8082 Ridgeview Plaza,true
737,edriffillkg,gcawthornekg@unicef.org,$2a$04$UtUqwZYmtN9WeFqzCsgpYeihzRi.m6a9PlTkWMQJNstdaf/g71AJW,201-203-6915,32 Hayes Circle,true
738,afacerkh,uallnerkh@bloglovin.com,$2a$04$jV1yeiyZJZ6sCYx2QWFJReoShM0A3SFpmJBViS2SO.PWD.uzLfZba,560-117-4513,78 Weeping Birch Plaza,false
739,urowlsonki,ngoschalkki@nytimes.com,$2a$04$jeFhtCJu73CU0kZLuOykvOgRmqK2DkD1bqJ2buppCYeDkESCgtHWa,821-735-0068,130 Morning Terrace,false
740,ematejakj,etrotmankj@hugedomains.com,$2a$04$1HTbTSMxL7/dWS3XZIXKi.Votm.a4IAvx5ICo2XClEEAdQ7f8BSeS,487-312-9394,12 Clemons Road,false
741,aplastowkk,woatteskk@adobe.com,$2a$04$kF1.O/3JAaf.bARzE.LXoOWqNrvZmWky75JzDth0Wh0PVpuQrnAP2,293-867-0998,9282 Fuller Point,false
742,juebelkl,fbertelmotkl@a8.net,$2a$04$fdiouRruN4URSW65YeVfyOx3J3Y0QqDMt1VN596hSdA0LzJj70tBu,614-353-0952,00741 Transport Way,false
743,fsudddardkm,sduffillkm@theatlantic.com,$2a$04$ve7lIXSRlzN4ynGdnsXRcexYwsUYu7ObOV7dzoVsSguKpmPawzyP2,550-731-6634,523 Everett Street,false
744,lsizzeykn,kreinhardtkn@de.vu,$2a$04$..d3sI6c4K5FMZE4Iizb/eRAEi5dIAYp.ijL.ykhbnTVnuxhRh912,524-242-0428,5227 Commercial Center,true
745,drowlsonko,bblowesko@smugmug.com,$2a$04$9KJfVXbXloH8pBdkNrgDWOxK1rsYJCs2lq5I5IOoNLGfhnBBSGSja,761-928-6862,062 Killdeer Pass,false
746,bdoolandkp,jdescoffierkp@wordpress.com,$2a$04$RZjl8X2YIOu6dVuZ7PUB..m7UCgF8ZOvyC3fDoCsRxSpFHht5yVvG,937-354-1441,88 Sunfield Road,false
747,acobbledkq,dcoultardkq@comsenz.com,$2a$04$pu7vFcoZARz56AWY1WQu8Oo3gN6S0T8Rs.al1dkIp2SF0kfwalJ/y,217-212-7201,0522 Golf Course Point,true
748,kbaldungkr,jrehmkr@mayoclinic.com,$2a$04$qK/dVrxpC5x2ceeI/x6Hru.eYxKLoeAse7700Zg1u63ryut79/OKW,329-188-9826,88 Debra Trail,false
749,mcecereks,mmadisonks@bloglines.com,$2a$04$PG2eQXFO08AuAWmVrp2SIOpTa.CnWcn2tXzadbrhmhKAqNyuZQvUa,583-407-1780,80534 Lawn Circle,true
750,dwatkinkt,mghionikt@simplemachines.org,$2a$04$EAjKkJfmd0pD0bCnn1PCCuo3JB2cZzHz6zyR0RSIFK/RO.CPxAAQm,894-598-1928,1 Chinook Way,true
751,ocomelliku,trichardonku@ucoz.ru,$2a$04$C62TCIaw6pqGgZLst4e1uuB4MksJ.lzMZaysNasHQL0c.6kKlBl.e,972-410-8062,81 Utah Court,false
752,aharriagnkv,nconnichiekv@creativecommons.org,$2a$04$J5JeLGP5baXplYhDXXwA8OvqFeI/Cv.RaczyayjWWEOmuklQ0grGq,257-114-5676,26601 Arapahoe Crossing,true
753,dhardypigginkw,ballderkw@cnbc.com,$2a$04$rwXMFqG9RG7odfnOcCr8i.2Y4bK7uRSLzJYiwX./e8CKKaeYL1NRO,808-791-5506,289 Cherokee Place,false
754,lcurwoodkx,tpridhamkx@stumbleupon.com,$2a$04$dbklKXvxoSUxj7eTW8pHMelsyr2J4oqvTd2vTmmngP1TnRCPclLyC,842-497-6269,1 Helena Street,true
755,dhallockky,jandererky@nifty.com,$2a$04$sNIbRM52wWlsH6Sr3RY5oOgzwPuohppzIVaN1SyNRUy4fzc.BFA7a,857-773-1707,3623 Maryland Parkway,false
756,omahonykz,rgetcliffekz@ft.com,$2a$04$rT2MfMl1qbjpSyUcIngPxOqBLMBnF97CUYSFd8dIgi2rTAuDy0V0e,427-222-1191,746 Monica Avenue,false
757,sbudgel0,tsicklingl0@stumbleupon.com,$2a$04$aULscI0RbH7ovInFt/PvduohnpgjAPINRG0PRUWYJ9qWCoocuplFy,311-462-1749,4 Ramsey Center,true
758,abenmorel1,eyakuntzovl1@simplemachines.org,$2a$04$Jqg.tc8HN9u/t9EJHcU76.WaT9/GYRvNh9Ay1qFhLVqBCS2rVYEg.,775-488-7033,443 Drewry Way,true
759,flarmettl2,cvedenichevl2@canalblog.com,$2a$04$iTjHFuvwcrapmWr7X9Vw8umxGyV4Bbu3IWnAKkRS0xwwOj7dcnJRi,788-807-1430,651 Bellgrove Park,false
760,kskeltonl3,scopemanl3@soup.io,$2a$04$BylprojyuA10xMUGjE4T4uUjPAawtdPcv8fc4h2WgZknSw3wcSRCi,364-585-8187,52 David Alley,true
761,tmournianl4,rchiltonl4@topsy.com,$2a$04$4C1AYsqrge8.wHnHbM1poec7kSuJGsuaF0lm/u7MNz19Zpz7l0LTC,928-972-8327,490 Toban Road,true
762,hruncimanl5,plippattl5@youtube.com,$2a$04$LHgF9ZRwzHlt5Kn6kNkN5.YlsYhq9S/jAFOkB7uCOAXVFtm2ZNxE6,887-240-4351,56 Melody Parkway,false
763,aledraml6,hpugsleyl6@gravatar.com,$2a$04$K2AWRfFMjZvQ7Uw4UnIXrewdg7bT/1HcrLc3TcUY8NpNSpQTN2qEK,635-858-8575,137 Dwight Pass,false
764,gnunneryl7,mattenbrowl7@yahoo.com,$2a$04$aQLndlRKxj64y9I2yKLLxOHJtSbomiptuBwG0IiteHUbdcMDEIk.q,441-503-4742,01659 Porter Place,true
765,lhainsl8,aranglel8@thetimes.co.uk,$2a$04$Nqt1eFke7hypTRkpVwdyrueWUhHlg/0aiU0aRLrPOZYLJ2NpljcyS,375-696-7956,1 Pine View Street,true
766,ktroyesl9,fchurchilll9@vimeo.com,$2a$04$QMccTv2nMa9U.UolCGrIYe9f6P6J4LmbBCaWs5Y8JFJS45wSQ20tG,108-313-1660,66 Morrow Street,false
767,rcollingela,flabbezla@utexas.edu,$2a$04$qIbQSVhVczGBXaBSbJSrgewOGvC1k7j4hMXyuqV1pqCah2XiY87qi,817-977-7048,08428 Fisk Trail,false
768,hlaffoleylanelb,vkleinertlb@sfgate.com,$2a$04$3v3c1UdmUkaYsBxSLo9uRO2a8BwBl65UlsWrxHDIRHg6Qyz86Mifm,924-407-3782,330 Stang Point,true
769,sportinarilc,gvautreylc@bravesites.com,$2a$04$9/X.soLQBXPjh1k4cxIRb.zo01P76WKMPZGatfMdFTBgwC6qBZEj.,640-314-5917,3851 Linden Center,false
770,ipieronild,bdraceyld@elegantthemes.com,$2a$04$Be4gxfTxB/cM/ZA20aArIetw.VU0S6AcXirNPZPqyV1FWFT82jNjW,464-644-6283,53 Pearson Drive,true
771,pgregonle,tblarele@blogspot.com,$2a$04$mb.38TeINaVD0Lxo.5kIPuaCz1p2QPOIFxEiUE7n0FnVW67FCVvpm,752-457-4542,462 Loeprich Point,true
772,lgalerlf,mfreemanlf@yale.edu,$2a$04$nDqBzOpqdClPrpSl0Te1putU9hKUaerhO.RJayoPsNEzQqLIaEKVK,401-187-1388,58 Warrior Trail,true
773,dboothroydlg,afrainlg@networksolutions.com,$2a$04$tq6JKeM.l/LnDe3jN0/4o.5Ua6mEZCmb/I9Um6TVQzMyoKF2WM1Qi,198-803-9718,88 Heffernan Drive,true
774,dmcgiffinlh,rgatchelllh@yolasite.com,$2a$04$TtjfmDhx/KFPKy05kPT9puGcdj/w.RUie.mav/DYPdWgBvsZzJ75O,867-372-3692,6 Texas Center,true
775,dbritneyli,cwetherillli@google.ru,$2a$04$8XkQQ15R/TDi.gHefcGU6eZsuxsfyrHFflElIz7gOaVb5Q0YueY8.,183-396-4419,52838 Elka Hill,true
776,oorumlj,flightollerslj@de.vu,$2a$04$ucJ7vzcFx28cYAuTVY651Oj1LMgKK/UABUB7.SyRFGh5cNTxEEsfK,149-736-8761,519 Judy Pass,true
777,iiddisonlk,jgallaherlk@reddit.com,$2a$04$SZoJ/r/JfCiromXOyIZovORjgOpCs2YPrqY2izcNcOmANBM0fHD6S,386-535-4033,34 Spohn Hill,true
778,koxladell,blestrangell@fastcompany.com,$2a$04$s2L9rlVA7E5Bxgd.Ru8FR.PxSZXpDyJRbLIUfL3LHN246rjlbZsHW,126-427-6879,03923 Dottie Place,true
779,dfuchslm,selsmorelm@wp.com,$2a$04$FACDTi78LoHNThbDFWhaseM7dWuisPg2evkpkxTAK3VGUO6.iZfxm,747-607-3012,8 Fisk Center,true
780,mrubenovicln,shundeyln@twitter.com,$2a$04$wKQwkvj4FNPd/3zEkuPhCeZhu4QI0gaXzc9MiF3ogXUhAyfDxk48W,132-347-4579,351 Bartelt Parkway,true
781,esanterlo,tbirkslo@theglobeandmail.com,$2a$04$DF.2fcHCi49IlDpzzV2.EO6wIrg8DwX.j1VRGXCc1cSe2YuG4fvSa,164-811-4923,668 David Court,false
782,labramoviclp,dhanstocklp@columbia.edu,$2a$04$1twbqdYLAO2t84FyVRp.d.xz.IfepdlHOvylU1bqnbrZfvnGhiCQC,370-908-0878,0840 Scofield Avenue,true
783,hpruelq,nwillattlq@bloglines.com,$2a$04$cEgOMfjfuDh7Sku6j7MeCesHLf6/pOuulSqk2De9DEjjUn.xEWvWe,938-606-1670,2 Alpine Way,false
784,mbeadnalllr,rivielr@dion.ne.jp,$2a$04$tdouKlXT0tuv3yL/gNLTE.dxbitBFQcXY8fnmC41HsR/OjccDZHbW,593-213-5421,4 Anhalt Trail,false
785,jvasyushkhinls,rdeils@slashdot.org,$2a$04$ZzBOSZxlHF8sX/Lkazs6cOrBc4ESHlAfGcAX2oSgaRjxTj4HwRlZe,406-569-5350,04600 Grover Drive,true
786,aworsomlt,ageroklt@uol.com.br,$2a$04$MRpTxQ5quw6CiJhssxFS7.qbgvYq5Px3sMDQQoBjsJQdPZStT.EmO,628-831-5676,084 2nd Way,true
787,lcristofolinilu,awattinghamlu@virginia.edu,$2a$04$I/Mqyq2dAskW/IST840eg.MLude3mXPlvW63MQwCjBpCIHEuyus6e,563-855-7018,30 Oakridge Hill,false
788,amoiserlv,broskelleylv@nationalgeographic.com,$2a$04$MpFGtLnLJj.MW5KnBqgNKu.nNKAm27mtnpjf2EyBU9pBLbJq45Snq,621-926-4162,832 Fieldstone Court,false
789,shawkelw,htrayfordlw@weibo.com,$2a$04$48FS9FAnZ0GsJaGJbvm.TODdAoBGlabThYPbIpmIrPgJK8D2dsAWW,955-140-3112,51 Randy Court,true
790,gfaulolx,tmaginnlx@princeton.edu,$2a$04$oFJ1ch2G5zqYo1lP1QpG4.96kaY5FQoES.uZqHg3CqT.YiH2vwruC,809-536-7199,78 Nevada Center,false
791,esnaddinly,ksewellly@photobucket.com,$2a$04$CHlYH8lJU81o4WOEcM3c.eo99pqzswY0/w7ehYQN8E1amHSlrVkOm,771-249-8561,1507 Everett Court,true
792,mellinorlz,cmerceylz@blinklist.com,$2a$04$FPjkq688.zO8ihaI7V9pcOWoPkNS0EkcptoIZ6GygTdTyPom5ovW.,414-971-0333,7337 Sage Park,false
793,fjovicevicm0,dpetruskevichm0@mayoclinic.com,$2a$04$t9AUdAVs.5C7wOHrl1WNuOS6t96uAZ0rQpG0cgIBPW7OZcqedYZke,318-109-3992,913 Center Circle,false
794,dnewm1,pduxbarrym1@sogou.com,$2a$04$1mc0ir6gZh8nbPZ8IVROK.5HHrWsXxURjbltQqE8VcFIFlXt8gjJG,322-391-3209,4 Dwight Avenue,false
795,jhorseym2,tbalazinm2@unicef.org,$2a$04$v5qOdIIGEzoZYDcdmLChn.iZjBEPJ3x/x042x3N2S5eJNVg2b0X3a,628-184-1772,24 Elgar Avenue,false
796,msapeym3,wbentem3@ocn.ne.jp,$2a$04$CgfxrOcBniCZ44sMBAKh3eDM3eM3tRfm/eWdfbJUIhQWRWxfiioJq,197-878-2166,080 Portage Lane,true
797,dgodspeedem4,mskunem4@ifeng.com,$2a$04$0B0arrd7i9o7Xc60BLrdaevIaEHcoCg5z5AQTZJYZ30geR4gJrhgm,641-964-3690,6 Graceland Plaza,true
798,mroelvinkm5,kpaulichm5@themeforest.net,$2a$04$VEz1f2fJfrLCjQIUa/gzU.60UJ1CfYjzDPDM9EPfOpGoWO9EOBQqC,151-859-9518,79 Corry Pass,false
799,cmanjotm6,odowsem6@csmonitor.com,$2a$04$ajPiap7sGs8jiiMqVn1Vye9.CFeaoCQCS0pAjqFgLGITvrAwLp6pG,452-685-9393,16265 Pepper Wood Plaza,true
800,jronchkam7,kgolbym7@joomla.org,$2a$04$WeLpmT9NrKTDaQ1mYfI/Zuec72qTBb0N6MrkgBCrGHJNtZzaA3TZC,989-550-4287,13 Starling Hill,true
801,lkayserm8,kgrishkovm8@vk.com,$2a$04$sQhFp.IePxfDXEg0uhJbDOtLENOg5xEnUfi543PSs/qYI2gyILzz2,916-783-1396,09714 Cherokee Terrace,true
802,bzecchettim9,ccrollam9@npr.org,$2a$04$51m0M6XH2Ih30PN8JFr9Ve9Ql/7fUOtjVWlFUjgHnPvGvoDDt8RRu,693-347-7761,6 Del Mar Crossing,true
803,dsoppettma,llosanoma@weebly.com,$2a$04$7o0U81oe606z0wobbw3A2.bcRZgur7/29f63DMGMqaXGS6GZRkGty,289-340-9937,27566 Meadow Vale Place,true
804,slautiemb,smasurelmb@noaa.gov,$2a$04$ocrt6fvXYc1UWE/D0bK1puzy4sgNkxcKvsN.XRnzHLFs9PEIC5FgS,448-822-6576,95 West Drive,true
805,eflindersmc,rhinstridgemc@wsj.com,$2a$04$G/7UZfMtU9Sv8I7F3D6LFOyfjlK5cOEyFDemWXSVfgMJhA9GBZ8k6,301-213-7071,671 Tony Plaza,true
806,obuttlermd,kbromeheadmd@google.com.br,$2a$04$EvNcMLJH140lFXem1OObNebFmDvq2lR41nGVcOiWTKf6ek2QjiYji,938-251-8023,28220 Judy Road,false
807,jrugierime,djanissonme@fema.gov,$2a$04$VqWXCCN3kJMYT2FaUafOxeO/7pHdd7zzZlW9rxvqlgreb1G3To4dG,712-880-6723,2 Anthes Junction,false
808,rkhristyukhinmf,nprozesckymf@biblegateway.com,$2a$04$ASWsO0dv9HuWKHSai/RMbO3KWv/tE2mRdHtB/KLhaHfZ5galNGWkW,740-360-1399,8 Butternut Center,true
809,avainmg,jespinetmg@oakley.com,$2a$04$r6w5cewPfzEcaYwBMUT0Iu9OUvjO.Tnu0NVXkfqS0riQT1jcd3Ey2,309-515-7363,8772 Lake View Center,false
810,agirardettimh,pcoathmh@thetimes.co.uk,$2a$04$KPgD6Xudr2GHasqpjOE4Muf0brQx90Dbs7QedXP4zGoQ6oqERFBea,609-515-6462,62718 Oneill Drive,false
811,temmermi,rdollarmi@sciencedaily.com,$2a$04$8We0MPVY/fOEOudndNBimemg0YhrSYb.sZo7hOAdGYnHXV/49U7zS,336-835-5050,9 Forest Court,false
812,idurranmj,ppetomj@wsj.com,$2a$04$ViOieQ/th07pwAntDtCiFeUnNZ5OskSfJa.qzpmQ88w0D.jB8pjcy,642-868-1962,480 Tennessee Court,false
813,dnorcopmk,cnowlandmk@canalblog.com,$2a$04$KlZfBMCuU1oQa2fIf.jVm.llev8xG/Vkca9IViey1rkVYfQ/ZQIuu,457-681-8025,927 Bluejay Center,false
814,fshiresml,jguilletonml@narod.ru,$2a$04$0ePpDRxErTj7lozuEdPg4eKK.2UFQRxOqOFMpQ5Os.Z8y8Bo1GptW,146-724-7329,37487 Myrtle Way,true
815,dfieldersmm,atorticemm@altervista.org,$2a$04$kGqeu9.QWQ/VQlErbTd9Pu4JI.djMP/q/EpfRWz75WZ9vORgrcFwi,891-226-3330,9 Huxley Road,false
816,eharbormn,dgrunsonmn@java.com,$2a$04$Sow/70Yu.b.QiMNbT/kM3.6CJHhpFJa47wqdFX/6d5xm2Z7q2tHRe,608-708-6165,5197 Garrison Road,false
817,atoulamainmo,aloreitmo@technorati.com,$2a$04$Up684Xwr4mC90UQF/B1fMeV/DbLSYIB..4pHSHRpP5aCLmkuvZJvq,405-187-8271,20673 Talisman Alley,false
818,mdonisimp,jtrokermp@amazon.co.jp,$2a$04$x/e8jndmah4BnHJ07rWRJOZLVOBuZijbXh0tf40M2eoAhiOTriHDG,933-698-4079,46685 Corscot Place,true
819,mullettmq,gnewingmq@businessweek.com,$2a$04$aWBnhlqvIRuZo9xcbGR2F.04ouX7lyLPfxgzH//3LlRQFWiI5BzOm,602-316-6038,384 Kedzie Junction,true
820,lbisphammr,fswansburymr@domainmarket.com,$2a$04$F7J34h/aewhUuaRDX4BgPuHgCfbbc1CYOWn2RFusIwX7/OfgSlXTe,438-773-8124,28 Express Court,false
821,bhewinsms,hkeitchms@sitemeter.com,$2a$04$F28u/ISg52Xy5GGB.ZMrwuJqiyzJBY0YldgA4KOG9VSvJU4QBfk3O,507-634-7179,64178 Rieder Terrace,false
822,mharrowsmithmt,mmcgettiganmt@blogs.com,$2a$04$uYjUou82ovbFK8ERT9ooFe3M0wDQArbrvwMnCfgikLM6uZrvTSBtK,214-330-9313,80973 Evergreen Pass,false
823,lpiercemu,hcrecymu@twitter.com,$2a$04$7wisxdugFHaahZERWo/eKu2R7X43slFB2DoG1etNlUJQYC/0LHjrC,722-839-2582,43 Arkansas Circle,false
824,pfurneauxmv,mknightsbridgemv@house.gov,$2a$04$WAG5O2n/JFp7YsqufERa1OZrl00ROMEzTlS8xv7xQ2KP3SGmiy6ru,816-137-7315,8279 Starling Center,false
825,sprofitmw,jlackintonmw@sphinn.com,$2a$04$t4DPb6JCmlt/Y5dDnoLNt.MbAWnZ6u.MEwzLgtXRe6wmIT7mgTK1K,488-754-1373,9440 Russell Hill,true
826,cpricemx,cpengellymx@vinaora.com,$2a$04$5ry.1XpxxdojF/pVrRkP2uJZXVxQrV6KRa8NXEuVfKUDL9wE.VgxC,443-769-1584,619 Dahle Crossing,true
827,dghiomy,dkettlestringesmy@vimeo.com,$2a$04$7d.kL70O27yrn6Sp1qXUVuQQM4okXFaV12SLAcExaSyInZLv9e1ja,764-613-6209,2 Fisk Circle,true
828,nsholemmz,bjoemz@blogtalkradio.com,$2a$04$zuGNs9hN9NikcsoIIpRikupgTLxYuzeoodLYi8rBwM0KlxtGm3F/W,685-948-8219,01 Lighthouse Bay Lane,true
829,pcrewthern0,dbaumertn0@walmart.com,$2a$04$DID3GINpYtaLaQsp5jCunOzQz5oTwNmhE8WHEUXu5y9lZDReZD9qq,127-186-7336,5519 Toban Way,false
830,jbrabbann1,lramlotn1@europa.eu,$2a$04$D/fnmTGGfGFAfESW5gAjY.ExSBCzv12OSHkcM7N3mCQWsQxLL6cc2,547-864-0273,36 Loftsgordon Place,true
831,lenderleinn2,gdriffen2@narod.ru,$2a$04$9CBVIYPSoVIoPeyBfChBkOMZ3LNc4OLB0yw.rh/H1mBH2pZW4.XYO,243-344-1443,34 Banding Crossing,true
832,dgleden3,mbharn3@addthis.com,$2a$04$uCP4gMjF/f0r0j4Q/SPWGuUtCJ1Dd7SW/zd2ca52mNNVCNguqkSIy,388-291-7092,05810 Burning Wood Crossing,true
833,pcollardn4,jtemln4@statcounter.com,$2a$04$zUfWvaJqq11Njw8k1.V.beD5NWU.0FbEg8s38WaWjljzPqrbI44/S,861-258-7578,35 Swallow Place,false
834,smuneelyn5,baldisn5@illinois.edu,$2a$04$Dvz8bf75Sln1vO7XUf4/Qu8TtrgxmUOaZc8xidczvJtp49MjGaZVm,555-104-0806,83159 Meadow Vale Crossing,true
835,arubanenkon6,tfurleyn6@walmart.com,$2a$04$paUJqQwJtivG01NPkW9n0.XKQ9MxNnAYP.f/HuyddlhROMESwcx0u,796-930-0487,0 Quincy Park,false
836,edallinn7,nrosewalln7@baidu.com,$2a$04$8MA.dJhrwVj7Dc4Os8MRIONrIXKX.VxrQ4yLNIGBSfksUio.XtBdK,806-802-5231,2576 Sheridan Hill,false
837,tabellan8,wgogginsn8@statcounter.com,$2a$04$/SPwbE58Z4CnTzb9y2bQB.ZfN7FhpucJyFfzeFRC.htVrxDR2xoFq,147-744-6190,46731 Bay Street,false
838,iburrusn9,ahryncewiczn9@list-manage.com,$2a$04$eqavSUfDun60/pB/Pd0dt.eFyc8gqDmC/AZ0lfjb7rRqcFVd07Dhm,492-663-7100,0982 Hanover Junction,false
839,pcabanena,agaddna@sphinn.com,$2a$04$kMXnb1Cng.L69ktG1r9vPOmlkN1bmIa2rciWyjsTV0ck0MVYCCdfu,525-456-2153,0288 Buell Court,false
840,afinenb,cpartridgenb@jalbum.net,$2a$04$6HlwMsJaGR3SfxDzigsXEunGRPA4tJ9whkfDD5IgcvmcZKzokcyiO,992-941-1203,726 Kings Alley,false
841,kwelbecknc,yeytelnc@engadget.com,$2a$04$KqDsBqYWf/09tKjChS8yguEjMlE7ZECnilWRYqNJVrP/g7FeOYWoa,476-683-5995,229 Dottie Point,true
842,eplumridegend,mdrewellnd@booking.com,$2a$04$e1oFAWdWMajHbpcsnGuIVe4BHLMJWqMGRetWTUrxQuHpwIIhi/Zya,158-598-8229,8410 Bay Avenue,true
843,mmarrillne,bmonkne@networksolutions.com,$2a$04$.qDdIsfufXgQIOQtF5lRReo0aA5jv7VZV9jBgEWOpkWqIhuFe8DLG,222-576-5233,9 Ramsey Point,true
844,pdacrenf,dwildborenf@oaic.gov.au,$2a$04$jgabQGF4ezV70wcTvFueReN5h9zDudm7q4P1Ku88e/jATdxzJY67G,550-975-1711,7373 Hoard Alley,true
845,bperaccong,sshrawleyng@rediff.com,$2a$04$NjPcQvtKc6VHPzfLP1YCBe9CpWUOSywQAleOgQQPgRfqcOIi6sLbG,229-371-5503,1305 Ludington Junction,false
846,bcharonnh,bwedgwoodnh@hatena.ne.jp,$2a$04$Yw5aSSJ9nTu3ercK6dwLnei96Xg8i4yNrlYJezKJsR11SBFHy3g/.,410-386-4201,49 Derek Circle,true
847,hnowlandni,gphysicni@tamu.edu,$2a$04$jeS6JL48IdpoOjERxr0Qq.w8ejwWTkk18KlXdpDI/z6l/qUnOc.km,821-897-0530,0 Miller Trail,true
848,fmageenj,aannottnj@google.ru,$2a$04$1ooSkOg/CYGRARXkXoMjfOaWQNRbre84L5dm3Fbj900Yes38t6n/u,140-763-8702,8217 Graedel Trail,false
849,atiltnk,zguesfordnk@unblog.fr,$2a$04$rHbkgM.E0dJ8v7RsNvIavuHPjuk.K5It6miZNFn5cOyNgpMUHxYqe,231-738-4971,1646 2nd Way,true
850,mdeehannl,creemannl@nba.com,$2a$04$Gkq8nmGp0xvzhboxtKNRa.ybHWqNf2aFpelZsmelH7D/MuQrjzYK.,531-663-1236,41049 Havey Lane,false
851,kkleinlerernm,abamellnm@github.io,$2a$04$vjDR4jfwwormw3R1QTaQFOT.l0IgcL/3WHtHIVM54lOS7VTmnNLM.,577-678-5222,6 Porter Place,true
852,jlickessnn,mdoughterynn@nsw.gov.au,$2a$04$sMc7m4zMql8oYIi5Nqpi/.mhwla03mUqZx9Af1ez/6G6sZb15joPa,736-927-2620,385 Luster Avenue,false
853,roakerno,daberdeenno@histats.com,$2a$04$t54dKtpE7fCm1JWSfG/MgOoVt1AwVCPB6IcPZO6MxjX6URJKLUj9a,115-986-5593,05575 Pleasure Crossing,true
854,mcornelissenp,mduckeringnp@globo.com,$2a$04$tPl1XzfjE.AH6cfA/VvLFuREndx2O9XmtHOMHsBJI9o6.qGYEpkPu,324-600-0984,2 Welch Parkway,true
855,lmaletrattnq,fkaddnq@istockphoto.com,$2a$04$K8FKmuo2aYDOHMfkHXKuyOsxh4bOr3g5G37npi0o/Y6oHg9Ck59Ou,630-416-5413,3 Lakewood Gardens Plaza,false
856,vllewellinnr,tdecayettenr@mapquest.com,$2a$04$kuKRGH2aEuaSEeyLl7DwKubk2Lk8AeXtEGFCPGrTSfDXU.a94ih9G,952-627-6358,17 Welch Court,false
857,eaxupns,rfindersns@plala.or.jp,$2a$04$MskRHlZJLQZkdIyye6zFr.Pr4mxdU/YMNV4dxhI6hvxHiK9tbnJs2,126-137-7984,6634 Sycamore Park,false
858,hfurnellnt,wcoggernt@geocities.com,$2a$04$/bLBG/jjGgvAJYEWnpSrlOuN2Wwvg6SN7SuuwRw6KDj8gmnKlG4g6,630-156-4359,37 Graedel Parkway,true
859,fstandbrooknu,hknowldennu@dailymail.co.uk,$2a$04$aUaMrpmco/Vr1M/vFZxSqu4Vb33mGLKlKPdN7Sc7x2wCPWvy0d.TW,796-376-8464,93747 Almo Center,true
860,amoverleynv,lkretchmernv@deliciousdays.com,$2a$04$iQxuompBEjZUFBcW//v/r.KPO1Iv1CBwFixB5IMCj3yAcfrKDX4jm,199-504-3387,6187 Bluestem Plaza,false
861,rdugdalenw,mjakubovitchnw@printfriendly.com,$2a$04$FMzz0VETQl4rEiS0OvmO1.OpwluLJpJdYQF1ObnTl4YasnU.mpQX.,148-641-6191,7 Mifflin Pass,false
862,cfreschinx,hbenfieldnx@ovh.net,$2a$04$qIhWUUzlMnR3at.q9gN0Teo5oU6OfK21M.4i90zNC3kpm2axWAuPC,347-821-5381,97 Esch Center,false
863,jdiganceny,clamzedny@theglobeandmail.com,$2a$04$.yHAyn9I.dUQkKndGS81tebUK.vkMcmliJMyoCPtngQoOH.Sj3hjG,700-532-0656,7 Badeau Center,false
864,ggooderednz,sbrislandnz@soup.io,$2a$04$KUc6GS8KnMejQ11hq2tcl.WxFu774klysnirWoRfbkqO2FtvsGg4e,819-645-5755,86 Dahle Drive,false
865,htrevartheno0,kmendenhallo0@marketwatch.com,$2a$04$hJaBebDAm06AzSowvpUEGudaLXv8CcJY/aO07fddjqfdMgmJI54ze,261-524-1941,668 Portage Circle,false
866,dhacquoilo1,apeplayo1@adobe.com,$2a$04$jwc0iOyEvm3IjsgTdoPpWOmDAsCh/C0n2m0/eaC8PJG5wI5pS2Y/O,982-463-8286,13236 Havey Pass,true
867,ryusupovo2,citzkovskyo2@china.com.cn,$2a$04$g0Ck8l/YPjxmxr5amjDlmucPrmzL8.Yrb9Nl6FqT0UX1XY53Ekd6W,568-682-8124,2 Carioca Center,false
868,cadairo3,rblanco3@pagesperso-orange.fr,$2a$04$dcgGkL0TAb6/2ZKd9A3Qxueok9.3vJHtVkAcVbrtIdVLh2Asr4teG,554-278-4532,0 Meadow Vale Crossing,true
869,zlagoo4,lberreyo4@springer.com,$2a$04$E4nlj3G7zsHnnM4Cri7D4uJWqNcfDLmujnqSevtW44bT/kTjPpHwK,444-869-9941,81917 Meadow Ridge Lane,false
870,bmagero5,iwilseo5@list-manage.com,$2a$04$UsUm6JSCN.DJF6mY1UN0guUAEeIsUtnZUzASyge5oGhZTPQqME3tu,557-236-8567,3 Lotheville Pass,false
871,teschelleo6,mbellamyo6@psu.edu,$2a$04$yMciiHgJp6YquX8QTZrK6.nRlUNLihIPVTbTyV.LkKwQvZ0ogQpLa,394-568-5322,2 Schlimgen Parkway,false
872,jcordeixo7,tcreffeildo7@mayoclinic.com,$2a$04$4fwdQIkSihUswgg6XCNHX.Av9SwgZjkqGeTtPbWUpMAJLzUPCoT/S,508-752-4149,1181 Forster Drive,false
873,mawtyo8,rcurlo8@ameblo.jp,$2a$04$F4IdyxiN3cIQUb.ECf/jveIc7/a7fvbB2W6qh/UKmJJ9mMb13bhN.,211-617-2031,426 Grover Parkway,false
874,asebrooko9,esandwitho9@bing.com,$2a$04$XagtRWcuYvk.QgLIbm6vGuZ.kCUEkuBcUC9OHROAG1VQ7L6jRB9Nm,960-656-9243,560 Red Cloud Hill,false
875,fbernadonoa,fmcinnernyoa@reverbnation.com,$2a$04$YZmxBIc3chljNNmaRpunkO7Umray397jV0e4NPs2ak6GuBcpxiTMe,983-331-6157,757 Park Meadow Point,false
876,cdybaldob,jloosob@feedburner.com,$2a$04$7OdA1GDxdNDIv0Kg6f/N1ez8xZ7uD2cLY2UG2wzxpM5o2vZZX7rKu,861-575-1275,08140 Dakota Road,false
877,kingeroc,hbegbieoc@sphinn.com,$2a$04$.XArrunLw1WfWplUyj4gi.RIvusvntNq7CsqalOIdIrlcTWtrRo7.,452-762-4717,96 Crowley Place,false
878,lsansonod,bwellmanod@yahoo.com,$2a$04$gL6lLT0pUAxELDvOLTpdFu3rZfb1iF./R3.cRztjozTO5SSYP1LAK,391-570-2563,21 Talisman Terrace,false
879,lleyrroydoe,cdelaguaoe@ox.ac.uk,$2a$04$jKDuds1I5u7K1uwR29phe.xSd2Z3clZiZ1.yKZWt67L8etRlgSJIe,830-849-1351,37418 Dryden Avenue,false
880,mpeplawof,hraffelsof@t.co,$2a$04$RkKXyaEHuJ2Mju/jtMLT2OGRABSUtth8HphO5MhOH88wBETHLxcqC,648-658-3894,09 Waxwing Street,true
881,mraseog,ojerattog@printfriendly.com,$2a$04$Vnl6uM98HYDjwic5DwKFcOli5kDaENIw6UElumOWLIH7qfiphXPTq,627-904-1375,5 Dapin Parkway,false
882,gmitchardoh,mcheakoh@feedburner.com,$2a$04$CpMtOVCceci95asYJesKNu4h4Jd5C7E/Zqi4ARFfELQv6LH//ZbPG,489-976-9793,38427 Armistice Plaza,false
883,dcaldronioi,jcrottyoi@amazon.de,$2a$04$G3Ei.aHZTw.NFhaBzv/KWOhwynWeOzpsoY6fPpDJ6Pizw0SseBUIm,665-275-9059,02987 Del Mar Junction,false
884,hdobbinsoj,lemminsoj@deliciousdays.com,$2a$04$tC7G0MrC8sxzgKrKeV.VtuQAvbbBbbEU/xvP1Oh8Qn/BcRAjPdbJ.,514-245-9182,39 Ramsey Court,false
885,naronok,eguidiniok@umn.edu,$2a$04$xSTMeaCll0BjSeDBsAOYhuSQZahJnoCnugbD1Ruavuq13.9jwGdlm,312-461-6406,075 Namekagon Court,false
886,dswidenbankol,rfairburneol@nbcnews.com,$2a$04$vQH.zc.rPtxZbY24xa5qIOrnXsv2cRO31y94my3woQTHqvAz6XRpu,489-597-0841,299 Anderson Road,true
887,mroseburghom,llorrimanom@hp.com,$2a$04$NDD/bEPv4ZcQnS9xdE0QRuRGw2x0XKhy2Bdi0VSB1dmHWTS2gMvwm,360-315-7038,166 Buhler Junction,false
888,ldenzeyon,aocahernyon@livejournal.com,$2a$04$i3BdDQ/WgOsETv2B2ueB3O91yp.JUMqZA2D9XmAnxL44LDJTEb2Sy,208-531-8722,0692 Morning Plaza,true
889,mmingeyoo,scowdroyoo@ucoz.ru,$2a$04$d7O34ZccxnFClpOrl2cueeqU7jRTOTzchXEQ2ViQRyW7bittUL0DC,403-970-3177,9 Beilfuss Junction,true
890,pflahyop,ggullefordop@cdbaby.com,$2a$04$o5s/Yvv770qO19bowNoV.OkWIkjYfBXDn4W/xfA6P2vZ4DBE7ud.W,537-869-0606,46981 Lakeland Street,true
891,ayeendoq,dbissexoq@wsj.com,$2a$04$PVjL6xxXRjPuiZvC6.xADeOsyUJP7eFDJK3cIR3cXIXkNI3JmpXHe,608-654-1459,996 Mesta Drive,false
892,kkopkeor,ekettlestringesor@hhs.gov,$2a$04$2iidfb56m4vlPWzkjvQGz.RRl5DREwKpCoffw4Ej0xZQ/t4ZR5O4S,323-706-3040,2 Raven Road,false
893,cmershos,kgowlettos@home.pl,$2a$04$6jYyMlgKqzsnRdkYxLejg.GpLZiPoq/zAu0LDGFZQw0tQ2NlF0W9i,179-303-8568,7848 Shasta Circle,true
894,lffrenchot,bportsmouthot@so-net.ne.jp,$2a$04$4umT0uQMaig0AoSD3ruGKOy2fqnGsTUjT8yKCvHajDc1IMijeg6Ci,333-812-0701,218 Toban Park,true
895,pbrighamou,jziemsenou@smh.com.au,$2a$04$uSCndBjFpFf8IdKqoRco6ees5ldaKitE2UMOFLp.DgoegkN0747sO,427-849-1296,5 Fairview Junction,true
896,nwitheropov,nabbetov@baidu.com,$2a$04$rQ4cBVr7siQFbtEOaqn1bugB984tOQ5KLSn/CI3Z03rzmeAReuBvu,511-793-1324,99 Kenwood Street,true
897,qdibbleow,mhalliganow@bizjournals.com,$2a$04$UyBwC9/PW5RPAya.3JD1Met7FAWtNoSco.uSytjoFB6bU1z6ZCQh2,551-728-7821,7653 7th Road,true
898,mvellaox,cbahlmannox@sourceforge.net,$2a$04$5bx1hebGXJ2xoHresTRRiOlUXD4AaL88J/WeIbIXJkXwAhCsT/YTq,308-792-4752,58331 Anzinger Place,true
899,wborkinoy,cmaciaszczykoy@about.me,$2a$04$lM2VmEUoKOcu1LAI9QplMObw2OFvp9/ibJDuIHZesEXmFokWNezIa,194-325-2993,995 Merry Alley,false
900,smccluneyoz,eamossoz@un.org,$2a$04$wxThp28wUBCT4x.jWftSBelLCT6EODDjbIkKFS5MEmnkpcLd4LPzy,316-491-4614,28 Butternut Terrace,true
901,jfatharlyp0,wpaoluccip0@desdev.cn,$2a$04$ezYyRymIgqAbYpmxdnfg9.iTjZmVRnSe4GotllbjZ5oAILg1cURom,961-166-0840,70379 Parkside Parkway,false
902,amaddiep1,mfleischerp1@acquirethisname.com,$2a$04$BsuVKXBcfO1c/lSj.fin4O3VZCMlegWAvKmEJTxlkxsS1l0xNOld6,757-622-1599,348 Anniversary Street,false
903,ashillingtonp2,emottp2@artisteer.com,$2a$04$BxWzibdzClwkF6yEGwGnBONlkhU1BlYWlWOsBD1qlwBvxIV215PpW,219-766-3494,23506 Pleasure Trail,false
904,moxtibyp3,pnawtonp3@tamu.edu,$2a$04$BlHOG25RyqOCET4h2N/wG.pd/G7LWeaRgmDHNuUay/hMyNKEbZmke,564-381-7404,192 Waywood Park,false
905,lcoilsp4,emorop4@soup.io,$2a$04$xF7QWrFcqEqyvEvhQY.eEudLZY3PIeX6gpmmJ3M90rBYcNhwwsxjC,348-102-4020,86464 Oakridge Hill,false
906,econninghamp5,jesplinp5@etsy.com,$2a$04$j.CwpkcUVuEdipRD/6kSS.aABzQxJCa/5SzSZ8.QIj4DSb6dOxOFG,519-775-5044,89 Columbus Crossing,true
907,nmagauranp6,wgoldsburyp6@google.it,$2a$04$iktE90DIMcOR5umLFlaEU.L1VlvMlJR1fJLq2JchTKnhXTwW1kaMe,940-956-4117,4719 Veith Junction,true
908,jculliganp7,mmccolep7@jiathis.com,$2a$04$yEVkrhwEy2WGTHNkXc18m.v6QbhU5SSOiICz09jIN65NHGKKvR8Oi,237-921-9479,1 Schiller Center,false
909,cdewsp8,ecahernyp8@t-online.de,$2a$04$j.4jcbPDbkkwN1Dx3yEfWO/nflvc36km7JjOcbdPkCbSqNt/gIkK.,783-325-1683,9 Twin Pines Center,false
910,jpuckrinp9,ebasillp9@omniture.com,$2a$04$JMKow93AhIXt5jNlENN6e.Hixv06K6Gw3W5L.NFWHOh2bv8.d7QHi,830-176-5797,48 Tennessee Terrace,false
911,lhamilpa,zkilbanpa@java.com,$2a$04$fK2nH2/qmdKNZvWUO4uzZurh/2Bw2VcO2SBh0alyi7yFrOV4s6iea,199-203-9484,6106 Hoepker Drive,true
912,kaslingpb,tgartinpb@clickbank.net,$2a$04$XKS3tGZ4kPfqqRHAzwE2zexG13vA9Clry5BVorMSyIhBGumFNA3hq,369-231-4037,4656 Iowa Pass,false
913,htomasellopc,rmacknesspc@uiuc.edu,$2a$04$vhX8cUE6P9Tk3aNPsAZjAeqpLrt3yEIu0GWi15C51977bEpoyZhhW,348-872-9836,2 Northfield Street,true
914,ghannapd,splaschkepd@reddit.com,$2a$04$Mg446/XHzCj2gGhbLuWNOuRr4SuzdfJbK4HkVxf.f0Jz31ooIfB86,601-297-5430,2 Dawn Pass,true
915,eterrellpe,ithumannpe@economist.com,$2a$04$msTvYoMXB6W8kC0UUgIBnevcht1tWkOQtX2Qdgrj1prVpIZO1aYte,754-616-4473,6752 Hanover Crossing,true
916,fhudlestonpf,ltrevaskuspf@linkedin.com,$2a$04$.MUH52BfDbFKq2/70pnlGeT64YcHUHktF8ue4PyFYPXw.qNz7iUIW,929-509-7099,99 Longview Court,true
917,hbalkwillpg,kfellgattpg@woothemes.com,$2a$04$1co0fYqeDKgs/5o1W9Xc9uyoih7sc7IW4bUy1Wazx7OAs7X7nN8yO,223-233-6932,92151 Fulton Pass,true
918,momandph,pvallerph@newsvine.com,$2a$04$JJSWQSJUxizJWjnFbREJc.Udjtc7voIa54ZGYNWzZUorkSjjsBzf2,746-745-4705,34807 Eastwood Terrace,false
919,croosepi,bjewittpi@statcounter.com,$2a$04$cLxXxgew1vAjOU3YfEIhvO1sJ7Dtz0kEKYdyG4fSXrQ4awsRLQjhK,928-302-0466,7537 Boyd Court,true
920,vdonaldsonpj,mcabanepj@cafepress.com,$2a$04$E7IfH4j5I5PQ5JuycRL./.8I8GuvmqF3DfAxYSyFg4zI1LoUz09Gu,287-512-6421,7906 Cordelia Street,true
921,kdoringpk,bardypk@zimbio.com,$2a$04$ZOYZY92ZR7.vUS/3EMVnf.dc85viD6AbPiw9hlio1FNx8TbNS/qN6,257-586-5175,9534 Parkside Point,true
922,cbiesingerpl,gdalzielpl@omniture.com,$2a$04$CccoHPi4cxFc1vaQhLsSMOZvXUPca8tTq6obK5.ihK01vdPRn4OP.,569-846-1997,9235 Hazelcrest Avenue,false
923,efouracrepm,tnewsomepm@ox.ac.uk,$2a$04$ha5cAgIhUVAcYZF8KvfpAuzchBgBUe4bHzXAbmbWw3g8ON8cgtk6O,126-929-2178,55 Kings Terrace,false
924,aboulsherpn,dbazellepn@wisc.edu,$2a$04$2F6wqL33vSDSe3zmTyA0.OCc2ctHF3uVR7SCtrhH4V.0mT5B61AiG,876-645-9659,30 Judy Road,false
925,gpedronipo,zfelthampo@creativecommons.org,$2a$04$4DuNzXhy9NY5Fso54C0XDOHA2GcsvYRG/I28V5ynLDCnqA/EaqC7m,927-867-2722,49 Macpherson Trail,false
926,pbrownlowpp,eberickpp@irs.gov,$2a$04$5GN1EXUPbQ96HHdPOrk.yeYshVMfCSc/LNnRCJX2s9otVYT9D8UZG,654-761-8686,78 Northwestern Lane,true
927,amcgrawpq,lheavenspq@mysql.com,$2a$04$zGwh8tREt2kZ4U7u2zK0HeqZz9ZWkQcbgYGOJPmayAN.nX6Z8NTHm,814-837-5323,36396 Jackson Crossing,true
928,sslefordpr,sgullandpr@storify.com,$2a$04$eC21kytzTeT/xiCxFDOgkOsfS2isNg7NIWOm16n/pketKqbyo4oSy,622-245-5533,80792 Del Sol Crossing,false
929,glumblyps,lferronelps@infoseek.co.jp,$2a$04$QS1MB2fjX.deux0E6LVNPeYjaO.dPo.tBNnmOW3Gaz8bi1oxVyHX2,502-774-5460,8 Twin Pines Plaza,false
930,ceaclept,fschwantpt@yolasite.com,$2a$04$1KSIsM984y8AUcNwsttINOBGP2/cXitK.zy2yVsZnSeustb08qiT.,606-435-8081,0126 Canary Junction,true
931,dhectorpu,atredgetpu@1und1.de,$2a$04$icg69b8tD.l4mXnYSn5vHeRziTp.6BPutUAgp8w6RHyv23DpmDR9e,959-869-6154,3673 Cardinal Alley,true
932,gvanleeuwenpv,bcristoforipv@cnn.com,$2a$04$zJe4zXlbXsJJU4rMpfRPIeztK0YqrvhPmMBTena0355Uox.z.rdnO,616-833-7644,4343 Bowman Alley,true
933,nsalternpw,nmaccombepw@de.vu,$2a$04$oEHkOs35VUusZnHi4C/KYuApL.oRhiYSrv6iODYolQatfB0WWB9Yi,403-958-6618,992 Upham Road,true
934,vmacknockiterpx,chuffadinepx@mozilla.org,$2a$04$Ya51zIwHizQOetMBo2VHGuDeiQwzFThBcWIofy/6M2fCdf6Zsvh2O,561-229-3600,453 Emmet Pass,true
935,luphillpy,tgregorioupy@cyberchimps.com,$2a$04$MlBJZ.MwWecRf34kf/QndeS/exBvrnA1UbSbyy40SPiJDUfZ6gzly,503-670-1033,81 Lillian Parkway,false
936,tokelleherpz,ibearmanpz@t-online.de,$2a$04$Eqfu/CHLOZpYYql7jXfZe.hwpz09EDKhGpx7499sNx/PBgwNVvO76,133-242-6470,5 Summerview Terrace,true
937,cklaiserq0,chowellq0@theguardian.com,$2a$04$I11tuC1ECDkXw0uG3yIlpe0lHYwPCGCPk7lehCzremi9lNFxFXCrq,808-108-7920,88578 Bayside Plaza,true
938,rloffelq1,jshyramq1@prlog.org,$2a$04$Z7UnYw0xY0t6hmCu1c6tRuyx7HPoztrC86P2xteHlbZvy6Ka2xQ7G,434-220-7558,25 Fordem Lane,true
939,clemeryq2,jjohanssenq2@discuz.net,$2a$04$qKr5CaS9.Ilzdmyf3Rkj5uFEBqNTZguS.s42o5ka6/6BYCYV6yJS.,257-928-7696,23657 Basil Alley,true
940,vmeaq3,crestorickq3@taobao.com,$2a$04$loQ4UVB2d7GY9qLnaH2KguUe.MXAJQQH2vkDRsHPtEVc5Wwn4S9su,888-542-5177,76575 Helena Road,true
941,afilipchikovq4,lmattekq4@gov.uk,$2a$04$7Wep0taR38wzUbDd0y1PIOLhpdgWw2ZUdsR9iGWWzN/rS4748Dp8e,927-264-5519,390 West Street,true
942,bpaulsonq5,byouteadq5@tiny.cc,$2a$04$AndjWvgb71TnrOQB2b0xvOl4VYzVfmvAdaai5yuFVVck/ohJiRbJe,513-727-0151,3813 Dixon Plaza,false
943,kjenkersonq6,wsigartq6@usa.gov,$2a$04$cBQNoaD.B5iTkHEMvR2mre7NIFW2TczHkQRh.Hq6jPzc0Stn8UP/6,632-347-0250,424 Orin Park,false
944,tstewartsonq7,tcaldecottq7@google.ca,$2a$04$7DCH48qVYoNKkR5e4m6rBes25P9eLV57WEVGopB6hC74xj0fpXhHm,731-899-8620,81 Crownhardt Way,false
945,ggarraltsq8,emattiazzoq8@home.pl,$2a$04$vAgmMs1emctF8I/yx5LyC./qlnx9NovHjIWNosR0VeCMSeMrXY.IK,433-543-5685,60390 Kensington Junction,false
946,misaacsonq9,jjeacockq9@reference.com,$2a$04$Ypoi1MuZWSwK9DkluWlH0.g4dzb4L1k5sbG.E.jXlJFhq7TvjeiZ6,124-844-8986,39 Annamark Lane,true
947,hjesteqa,slighternessqa@ftc.gov,$2a$04$j7DoWbnyGqcuuQ56bslhhOXyuyJ8/NucDXcN7l2dkCzHgxMdxoT6W,424-419-8895,925 Meadow Ridge Court,false
948,rabbysqb,gmothqb@apple.com,$2a$04$1lSSKkcsGur3Wk3IvzMwn.7NxSfTv/Tr2/3TfGBtmYz/AiLbn9BIy,125-949-0734,71806 Del Sol Street,true
949,wwhostonqc,barchanbaultqc@bing.com,$2a$04$RW4OAgn7k8VVj07GEqRI4uHUoJZL.4a8mXsZeLnNIZZ392UfLlhKG,383-736-0298,1581 Meadow Valley Alley,false
950,shearnesqd,ilambrickqd@time.com,$2a$04$.bECZMEl.CwhV2UGet5XmuXYyETN57APrgb8B/HLPEcCEszk2lDze,669-867-0428,288 Twin Pines Parkway,true
951,ufernantqe,mchandersqe@japanpost.jp,$2a$04$MJgOANxL/UFO9jSlOE8fgeWNr11lHv7u7ytKFjxaHkfKUgTwVxw7O,461-687-3309,2 Upham Park,true
952,adrainqf,dbosankoqf@tiny.cc,$2a$04$xW8h7cuhAumBqjYmi57arOTItPb84fbkB07SpywiG0yBqZml9uup.,884-283-7438,81 Elka Pass,false
953,hsharmanqg,bwinsletqg@pen.io,$2a$04$dha4j7KZq4UhOwRO3bKqc.dLlCO1tNwbLOm44MMmAjyYXEEeslLLi,451-464-3975,06990 Forest Road,true
954,tbonomeqh,rgoodlettqh@technorati.com,$2a$04$aUrX4gQ17q3k947m0cF4pue.WVautXA1FGoCj45c/X5t2dlhcHCoa,828-985-2060,62038 Roxbury Lane,false
955,ralldenqi,sabryqi@live.com,$2a$04$0XBXmWqb.pn6kyO4.VgTru7KDwYO/bSVqYwnYUULeIh.Wd7GZkQoi,411-735-2562,45217 Helena Avenue,true
956,nhurnqj,djobsonqj@dell.com,$2a$04$y7NcRQlNI4OBc4lcf4j6Ge9TkUEqah8LmL6GNYHO6BqqFXsXxFHpy,830-405-5739,8860 Mosinee Hill,true
957,dmilhenchqk,lrobbertsqk@sitemeter.com,$2a$04$2SVykS1TIU0U742VbGPac.UHHDXAGuc0TLU0hi3xJlksDfcVgb2Va,948-198-0571,159 Jackson Avenue,true
958,rmigheliql,rriddickql@bandcamp.com,$2a$04$YFWLI/.O7N99COgT7WYjaOznTraBUMOIqmszNhfnnotNjoJ4WLHiq,502-946-1086,0 Dryden Road,true
959,gwhitearqm,ppinareqm@noaa.gov,$2a$04$XzfNCyjyX6Fmkg5Rq7k2tObOUnE9IUG6Nsq/zpp3tCJhWBSo3ISKG,887-469-1455,892 Springview Plaza,true
960,kmorridqn,jtorraqn@clickbank.net,$2a$04$EXC8H03uED3ULelKaZFhs.RwxBOCc1GTJHBZ2G9o9.lIf3nzwPRZG,444-362-9203,31 Shoshone Lane,false
961,srodwayqo,aconneelyqo@odnoklassniki.ru,$2a$04$rfpx.tKCS4eKHTEXXpirRObFgTBDjHdIZdKD9w0e2T.QA7ETSynLS,387-654-6804,4605 Rowland Point,false
962,dreggianiqp,cmcphateqp@ftc.gov,$2a$04$28Ntd/oo8yw0ESQqQvE/s.d5IyzFKsNdNMqAJhTXw3MxdHYvrWqnS,381-363-9382,60315 Annamark Avenue,true
963,gboocockqq,wbeethamqq@upenn.edu,$2a$04$XBtA9wWjyfPjrD.k.utZvOseexkuLCjUDTnofGf1aSp24s3qkgVF.,901-824-0398,2 Carey Plaza,false
964,rcatchesideqr,bsextiqr@cnn.com,$2a$04$xZTBvDWwgCGYetaSkdcjkeqIvDUy4Z.2H7GrpN7DaCtNjW7TteU2W,254-363-8101,4435 Dayton Point,false
965,ahowelqs,lphebyqs@google.ca,$2a$04$af7WhlAyb4o20vBjsgkwl.nJuGdCePh5Q68sah7ukhsvH4soVYA1W,288-843-8141,31982 Kedzie Plaza,false
966,lreiachqt,mboscherqt@japanpost.jp,$2a$04$uNZvXDe.zwIeKEhnVoJPbOz.iB5EI5QHNEuuggw37/kCEMMW6yPA.,948-810-8120,6 Heffernan Plaza,false
967,awynnqu,lpriddlequ@purevolume.com,$2a$04$eyAjQAU8AbX.P4IKv1EXce5OQPZtYeBb8SYjfW0yvI/snGGpynK2O,255-595-7269,97 Reinke Crossing,true
968,mlehrahanqv,hpabstqv@stumbleupon.com,$2a$04$rXvJBNwYCr465Kz4p3pgEu5MqZ00P6a6XVSdhlA1rdjwFsoh.bSHC,422-116-2607,06634 Bayside Drive,false
969,sgertzqw,kdawnayqw@tinypic.com,$2a$04$fSZFQVNK2agDFHO69o2fj.2Cfbat6hFJxD7IK80X0KmXGSzIsNNeq,917-410-7611,6092 Redwing Place,false
970,pbiddwellqx,scoryqx@va.gov,$2a$04$49TCRT9G0/tdie2SnwCXT.aeopo/D8If7wdI5xmYxNYVod8GLbkl2,350-501-7079,4 Declaration Crossing,true
971,ccowitzqy,whenrysonqy@w3.org,$2a$04$GgS/JnLt/HLBNwWRy5MwZu4nNtdfvtP00ZfFihrwFAPNcBRxZnL.6,694-316-0394,5616 Cherokee Pass,true
972,gkaasmanqz,tcorpeqz@php.net,$2a$04$xqRAlfBE..olS.fvBUpbMuhMnKMu7aNhXOOfmZrnGif3aXQ3kmTEm,540-154-3291,91 Carey Parkway,true
973,gbreeser0,bmowlamr0@huffingtonpost.com,$2a$04$XDALuN3EP.YA9weNcJI32.tpKX5dvQ7errTDxbPl6prb/H3iSe2N6,737-579-6870,0 Coolidge Park,false
974,cdarellr1,aantonettir1@newsvine.com,$2a$04$Z2CpwcIibpjMcIUKIMBtqejJH3iHFu2KVqBs4Wn/6GI5rybtAF/VC,596-416-6088,3 Derek Drive,false
975,joxleer2,rfechnier2@posterous.com,$2a$04$5TJZeEFVLx8daAkNcqmnrOEqAUVgqoT2qBrZfeX7qYGNfAIkZJhLC,869-799-0312,0 Talmadge Plaza,false
976,sclowneyr3,arobackr3@163.com,$2a$04$03pkoD9gtOHqmcuT8Ef6lePVGdsbb0rEutNfNmMDNbPUv6Pt3jEfm,201-306-7549,3 Ryan Parkway,true
977,lbeckeyr4,jreginar4@springer.com,$2a$04$4yxTbbFLs8bUnZrOiv2sQOrLX5oquH4woLW/ftl71PfAIJJ3uaWF2,474-251-5815,06799 Center Parkway,true
978,fharcarser5,cturmelr5@studiopress.com,$2a$04$gTYX.x4ZwZcqb3.NFebfc.Ew7pUVp2VnN/PbVpcHTtClb1cH3nppu,167-944-5184,8 Killdeer Terrace,false
979,tlarmetr6,akleesr6@mtv.com,$2a$04$RlUn1CekgBM1N0jicp22wukNW7Ju.QnLd/.AoDHGg4Zjtj7oL238.,413-542-0498,03452 Lunder Way,false
980,rdrinkaler7,ahuncoter7@scribd.com,$2a$04$WFLc.tEET/w2gbIB01xRie0cvCblXclCtFo0ehqijxYYQVpCYkXUu,593-373-0678,8 Loomis Point,false
981,iklimpr8,mpattingtonr8@cloudflare.com,$2a$04$l2P0R2LoFcvJtfU8Lx4tVO7kW8kFtp27ubGOYcc/Rm7t2wq9nL4WK,772-525-4660,27 Blackbird Court,true
982,vgreenleafr9,edaggettr9@deliciousdays.com,$2a$04$xTKyn2/xhck5nNHKEsuQdem4GjbKs9YsRhLjhljzAQgM.6sB1h37i,402-447-2661,362 Ridgeway Pass,true
983,zdumphyra,kledleyra@mapy.cz,$2a$04$PgczT6XjuBpEYxT0tSRiiuzVzUuTU1r7fMT0POIBwIZVIJJQ1Ay1e,877-161-1899,08 Vahlen Hill,true
984,jdensonrb,wjarretterb@wunderground.com,$2a$04$WFsflAg5V4QNNlm0Dr1dBu9OqIrLzKhYQwZ7gsnhqiRKpkvrkExS2,562-627-0221,6237 Hovde Road,false
985,mstephenrc,mwakelingrc@skyrock.com,$2a$04$sNGJSmVuetxNO4KAUBwQReBb5TQZCw9tFv5pC11xE5SH5EtiGDXvy,220-503-3784,092 Goodland Terrace,true
986,vtreebyrd,aellicomberd@who.int,$2a$04$Ufr6qMJ//Yee3iyLg2kdT.SXFhZdRbUe3RBVecTjcolHxH.5.UJDq,936-362-6725,980 Sherman Hill,false
987,ccockramre,ttreverre@google.co.uk,$2a$04$hdp36/hsXYeyubJjV.YyYeEncV85I91uoi7Wj0QEWrrIlc9OvuAL6,445-140-3537,178 Summer Ridge Terrace,false
988,gjohannesrf,batheyrf@flickr.com,$2a$04$eOV575mZaMoK2Wn..1EPGO88mM9L1aNNnObGlAWdvl5jAKJMB7eIC,795-632-3779,9330 Stoughton Way,true
989,evalettrg,kmaccaughanrg@thetimes.co.uk,$2a$04$XcgQuc8lMoRtrvRMk4Sq0uMS6GtrTexmytBJpESjcNZ8LeLQ6/SLm,128-148-2310,4 Jenifer Junction,false
990,jmusselwhiterh,ffieldhouserh@multiply.com,$2a$04$WxtwKMjGhnaXsTaEJuVOpODYyJ2BKwPoPJo3MRWVWxVz7oGNtWzlq,204-483-1305,37 Heffernan Alley,false
991,cdeverri,abiaggiottiri@tamu.edu,$2a$04$VStYP02hhcwXI48tm5vBkO3kcmjvb8CzJSSWiBk.bVQeVStkAT5Va,898-631-6500,19752 2nd Alley,true
992,srolesrj,jbrachrj@alibaba.com,$2a$04$eRZWCpY0NPvvLvJ.jcqj2.JkiimWBNghxWgpgm9EZ2gl8nKGFxfui,333-597-2464,720 Ronald Regan Way,true
993,agianasirk,jlangthornrk@tripod.com,$2a$04$qxsNbs70/CNMdzQNXzVLs.764YBdM9gbleXNVZAb0/9Y6MhIqee.S,382-855-9961,345 5th Plaza,true
994,mmccluinrl,bclowsrl@sfgate.com,$2a$04$mJgJaa9yp9odvfd67l5uaOxvFMnIh0p0DRhrpwGg7t4QYtg71z1yW,903-144-7134,0113 Kipling Center,false
995,wdunyrm,ddavernrm@creativecommons.org,$2a$04$vy4A01aTRXGGnlqcOhfgjewvLThoLMpDNMrj6Dvu8GDz6KWy.O3cK,450-332-9971,8614 Manitowish Drive,false
996,pcarpenterrn,edealeyrn@thetimes.co.uk,$2a$04$IxMX0OWvIqI6UyVeES4nKeJRGF5lhkKjPNb3AZXC9a5lk5jVQodc6,330-651-1198,61 Vernon Circle,true
997,cfathersro,evertiganro@homestead.com,$2a$04$Lu1q4T2F0UKcDF4FgRhskurRS8lg2DyGEPcTIyy8bRO/TW4oHGkLG,894-976-5337,809 Quincy Way,false
998,cmathelyrp,bcreekrp@alibaba.com,$2a$04$f1HGu5ixMLap3BZe2u08hexBaA9vV8a06qGuO1GEE6rdskp2MBr0G,412-713-4517,31587 Warrior Alley,false
999,mbennenrq,gmulcasterrq@ihg.com,$2a$04$hXc23h3PgVPe0y3hbHIaS.RQeaNucLSZe9cSyMAY7Mmu/0loGT3uG,968-885-6567,646 Pawling Trail,true
1000,dpalphreymanrr,pgodsellrr@jigsy.com,$2a$04$emYssyXnFWtBRdDhSk6Sy.A8c8ic6/xuNUk78/.IWo9On5mKmTfOa,440-785-9428,1 Anhalt Avenue,true
