game_id,title,description,price,platform,genre,developer,stock_quantity,release_date
1,NIBH IN HAC HABITASSE,Duis consequat dui nec nisi volutpat eleifend. Donec ut dolor.,32,PS5,stealth,Welch Group,44,2009-07-14
2,EU MAGNA VULPUTATE,"Pellentesque ultrices mattis odio. Donec vitae nisi. Nam ultrices, libero non mattis pulvinar, nulla pede ullamcorper augue, a suscipit nulla elit ac nulla.",15,PC,horror,Turner and Sons,170,2008-05-24
3,HAC,"Nam nulla. Integer pede justo, lacinia eget, tincidunt eget, tempus vel, pede.",16,PC,puzzle,"Green, Dickens and Howe",6,2010-01-17
4,MUS ETIAM VEL,"Cum sociis natoque penatibus et magnis dis parturient montes, nascetur ridiculus mus. Vivamus vestibulum sagittis sapien. Cum sociis natoque penatibus et magnis dis parturient montes, nascetur ridiculus mus.",39,PS5,music,Zulauf and Sons,294,2009-07-25
5,IN PORTTITOR PEDE JUSTO,Ut at dolor quis odio consequat varius. Integer ac leo. Pellentesque ultrices mattis odio.,44,Xbox,adventure,"Volkman, West and Franecki",343,2018-10-14
6,LAOREET UT RHONCUS ALIQUET PULVINAR,Integer ac leo. Pellentesque ultrices mattis odio.,18,PS5,puzzle,Bosco-Rolfson,16,2010-06-21
7,DONEC UT DOLOR MORBI VEL,Morbi porttitor lorem id ligula. Suspendisse ornare consequat lectus.,28,PC,platformer,Swift-Heller,7,2022-02-09
8,LOBORTIS,Curabitur at ipsum ac tellus semper interdum.,12,PC,adventure,Roberts-Waters,30,2002-05-09
9,SUSPENDISSE ORNARE CONSEQUAT LECTUS IN,Vestibulum sed magna at nunc commodo placerat.,12,Switch,horror,"Hauck, Stehr and Gibson",251,1994-12-19
10,VULPUTATE NONUMMY MAECENAS,"Nam nulla. Integer pede justo, lacinia eget, tincidunt eget, tempus vel, pede.",47,Switch,simulation,Fritsch-Klocko,464,1995-11-15
11,ID SAPIEN,Sed vel enim sit amet nunc viverra dapibus. Nulla suscipit ligula in lacus. Curabitur at ipsum ac tellus semper interdum.,57,Xbox,sandbox,Rohan-Sanford,127,2022-09-03
12,MAURIS ULLAMCORPER PURUS SIT,"Cras in purus eu magna vulputate luctus. Cum sociis natoque penatibus et magnis dis parturient montes, nascetur ridiculus mus.",52,Xbox,fighting,Kshlerin and Sons,114,2008-11-29
13,NUNC VESTIBULUM,Duis bibendum. Morbi non quam nec dui luctus rutrum.,5,Switch,party,Mayert LLC,209,2017-07-01
14,EGET TEMPUS VEL PEDE MORBI,"Cras pellentesque volutpat dui. Maecenas tristique, est et tempus semper, est quam pharetra magna, ac consequat metus sapien ut nunc.",19,Xbox,sports,"Strosin, Dickens and Fadel",308,1998-04-20
15,EGET SEMPER,In quis justo. Maecenas rhoncus aliquam lacus.,3,Xbox,sports,"Bartoletti, O'Kon and Schaden",65,2012-10-20
16,EGET,Maecenas pulvinar lobortis est.,47,Switch,horror,Wintheiser and Sons,133,2006-09-12
17,ORCI,Ut tellus. Nulla ut erat id mauris vulputate elementum. Nullam varius.,29,Switch,stealth,"Waelchi, Turcotte and Jerde",253,2004-10-20
18,EU MI NULLA AC ENIM,Pellentesque at nulla. Suspendisse potenti. Cras in purus eu magna vulputate luctus.,58,Switch,stealth,"Langosh, Douglas and Crooks",406,2015-12-17
19,NISI AT NIBH IN HAC,"Fusce congue, diam id ornare imperdiet, sapien urna pretium nisl, ut volutpat sapien arcu sed augue. Aliquam erat volutpat.",36,Switch,horror,"Fritsch, Gutkowski and Torp",378,1999-08-20
20,NEC,"Sed sagittis. Nam congue, risus semper porta volutpat, quam pede lobortis ligula, sit amet eleifend pede libero quis orci.",2,Xbox,action,"Christiansen, Gibson and Predovic",449,2014-02-12
21,IPSUM DOLOR SIT,Morbi a ipsum. Integer a nibh.,56,Switch,music,"Kiehn, Mayer and Luettgen",367,2007-03-14
22,CURAE DUIS,Nulla suscipit ligula in lacus.,19,PS5,music,Bechtelar Inc,171,2017-03-19
23,QUISQUE UT ERAT CURABITUR GRAVIDA,Proin at turpis a pede posuere nonummy.,13,PS5,fighting,Nienow-Schmitt,245,2019-12-31
24,UT BLANDIT,Suspendisse accumsan tortor quis turpis. Sed ante. Vivamus tortor.,2,PC,music,"Murphy, Dietrich and Russel",341,2005-06-10
25,GRAVIDA SEM PRAESENT ID MASSA,In hac habitasse platea dictumst.,11,PC,stealth,Schumm-Ernser,468,2016-01-02
26,NEQUE AENEAN,Integer ac leo. Pellentesque ultrices mattis odio.,51,Xbox,strategy,"Gorczany, Mayert and Ernser",486,2013-01-04
27,A IPSUM,"Donec odio justo, sollicitudin ut, suscipit a, feugiat et, eros.",31,PC,simulation,Rath-Wehner,224,1997-10-19
28,FACILISI CRAS,Vestibulum rutrum rutrum neque. Aenean auctor gravida sem. Praesent id massa id nisl venenatis lacinia.,22,Switch,simulation,"Stroman, Tromp and Hauck",57,1995-02-10
29,VESTIBULUM VESTIBULUM ANTE IPSUM,"Integer aliquet, massa id lobortis convallis, tortor risus dapibus augue, vel accumsan tellus nisi eu orci. Mauris lacinia sapien quis libero.",42,PC,sports,Schoen-White,489,2016-03-16
30,ID ORNARE IMPERDIET SAPIEN URNA,Proin eu mi.,31,Switch,sandbox,Spencer Inc,428,2000-04-24
31,NIBH LIGULA NEC SEM DUIS,Nulla nisl. Nunc nisl.,51,PS5,music,Deckow-McClure,7,2013-08-19
32,QUIS LECTUS,"Cum sociis natoque penatibus et magnis dis parturient montes, nascetur ridiculus mus. Vivamus vestibulum sagittis sapien. Cum sociis natoque penatibus et magnis dis parturient montes, nascetur ridiculus mus.",52,PS5,party,Bins-Pollich,409,1997-10-11
33,ENIM LEO RHONCUS,Quisque porta volutpat erat.,42,Switch,puzzle,"Mueller, Pouros and Ferry",98,2014-04-02
34,VOLUTPAT DUI,Vestibulum ante ipsum primis in faucibus orci luctus et ultrices posuere cubilia Curae; Mauris viverra diam vitae quam. Suspendisse potenti. Nullam porttitor lacus at turpis.,18,PC,stealth,Parisian LLC,491,2022-11-27
35,LUCTUS CUM,"In sagittis dui vel nisl. Duis ac nibh. Fusce lacus purus, aliquet at, feugiat non, pretium quis, lectus.",42,PC,party,"Reynolds, Littel and Zboncak",195,2023-11-16
36,EGET TINCIDUNT EGET,"Phasellus id sapien in sapien iaculis congue. Vivamus metus arcu, adipiscing molestie, hendrerit at, vulputate vitae, nisl.",54,Switch,racing,"Ondricka, Hettinger and Schuppe",323,1996-01-07
37,ORNARE IMPERDIET SAPIEN,Sed ante. Vivamus tortor.,17,Xbox,sandbox,Conroy LLC,123,2002-09-23
38,UT ODIO CRAS MI PEDE,Aliquam non mauris. Morbi non lectus.,13,PC,RPG,Tillman-Pagac,8,2012-04-04
39,QUIS,Nullam sit amet turpis elementum ligula vehicula consequat. Morbi a ipsum. Integer a nibh.,29,PS5,music,Lang-Abshire,488,2011-01-23
40,PRETIUM IACULIS,"Fusce congue, diam id ornare imperdiet, sapien urna pretium nisl, ut volutpat sapien arcu sed augue.",12,Switch,adventure,Ratke Inc,262,2018-11-26
41,NULLA ELIT AC NULLA,"Morbi quis tortor id nulla ultrices aliquet. Maecenas leo odio, condimentum id, luctus nec, molestie sed, justo. Pellentesque viverra pede ac diam.",24,PC,racing,Klocko-Grant,388,2013-01-21
42,PENATIBUS,Nunc purus.,34,PS5,RPG,Glover-Kilback,453,2011-01-30
43,CURSUS VESTIBULUM PROIN,"Integer non velit. Donec diam neque, vestibulum eget, vulputate ut, ultrices vel, augue. Vestibulum ante ipsum primis in faucibus orci luctus et ultrices posuere cubilia Curae; Donec pharetra, magna vestibulum aliquet ultrices, erat tortor sollicitudin mi, sit amet lobortis sapien sapien non mi.",21,PC,strategy,Hammes Group,198,1994-02-22
44,INTEGER AC NEQUE DUIS BIBENDUM,Etiam faucibus cursus urna. Ut tellus.,37,PS5,RPG,Bernhard-Auer,323,2015-02-15
45,AT VELIT VIVAMUS VEL,Nulla ut erat id mauris vulputate elementum. Nullam varius. Nulla facilisi.,34,Switch,racing,Barrows-Abernathy,482,1996-01-01
46,TEMPOR TURPIS NEC EUISMOD SCELERISQUE,"Mauris enim leo, rhoncus sed, vestibulum sit amet, cursus id, turpis.",40,PC,stealth,"Langworth, Ernser and Yost",314,1996-01-11
47,SIT AMET CONSECTETUER ADIPISCING ELIT,Pellentesque at nulla. Suspendisse potenti. Cras in purus eu magna vulputate luctus.,3,PC,horror,"Goyette, Murray and Jacobs",90,2002-03-09
48,METUS ARCU ADIPISCING,Integer tincidunt ante vel ipsum. Praesent blandit lacinia erat.,58,Xbox,adventure,"MacGyver, Frami and Ward",184,1995-09-07
49,QUIS TURPIS SED ANTE,"Nulla neque libero, convallis eget, eleifend luctus, ultricies eu, nibh. Quisque id justo sit amet sapien dignissim vestibulum. Vestibulum ante ipsum primis in faucibus orci luctus et ultrices posuere cubilia Curae; Nulla dapibus dolor vel est.",34,Switch,sandbox,Koss Group,282,1997-01-19
50,FUSCE CONSEQUAT NULLA NISL,"Nulla neque libero, convallis eget, eleifend luctus, ultricies eu, nibh. Quisque id justo sit amet sapien dignissim vestibulum. Vestibulum ante ipsum primis in faucibus orci luctus et ultrices posuere cubilia Curae; Nulla dapibus dolor vel est.",25,Xbox,adventure,Bauch-Ruecker,41,2019-11-21
51,PELLENTESQUE ULTRICES PHASELLUS ID,"Proin risus. Praesent lectus. Vestibulum quam sapien, varius ut, blandit non, interdum in, ante.",24,Xbox,music,"Purdy, Botsford and Ondricka",434,1996-03-21
52,SIT AMET LOBORTIS,Aenean lectus. Pellentesque eget nunc.,44,Switch,stealth,Nader Group,389,2019-06-30
53,AMET,"Duis ac nibh. Fusce lacus purus, aliquet at, feugiat non, pretium quis, lectus. Suspendisse potenti.",31,Switch,fighting,Effertz-Schowalter,84,2007-03-29
54,CONSEQUAT DUI NEC NISI VOLUTPAT,In eleifend quam a odio. In hac habitasse platea dictumst. Maecenas ut massa quis augue luctus tincidunt.,3,PC,strategy,Lemke-Crooks,41,2023-05-12
55,IN FELIS EU SAPIEN CURSUS,In eleifend quam a odio.,19,PC,music,"Rutherford, O'Kon and Ryan",59,2019-05-21
56,RUTRUM NULLA TELLUS,Vivamus vel nulla eget eros elementum pellentesque. Quisque porta volutpat erat.,25,Switch,simulation,"Emard, Johnston and Kub",14,1999-08-16
57,MASSA QUIS AUGUE,"Fusce posuere felis sed lacus. Morbi sem mauris, laoreet ut, rhoncus aliquet, pulvinar sed, nisl.",25,PS5,party,Wunsch and Sons,2,2016-02-13
58,CONVALLIS EGET ELEIFEND LUCTUS,Nulla ut erat id mauris vulputate elementum. Nullam varius.,17,PS5,action,Bechtelar Inc,144,2005-11-05
59,VELIT NEC NISI VULPUTATE NONUMMY,Suspendisse potenti. In eleifend quam a odio.,11,Switch,adventure,Dibbert and Sons,465,2024-03-12
60,PLATEA DICTUMST MAECENAS UT,"Fusce congue, diam id ornare imperdiet, sapien urna pretium nisl, ut volutpat sapien arcu sed augue. Aliquam erat volutpat.",4,Switch,fighting,Stehr and Sons,247,2023-04-02
61,MAURIS SIT AMET EROS SUSPENDISSE,Nullam molestie nibh in lectus. Pellentesque at nulla.,54,PC,RPG,Wintheiser LLC,470,2011-02-13
62,EGET EROS ELEMENTUM PELLENTESQUE QUISQUE,"Duis bibendum, felis sed interdum venenatis, turpis enim blandit mi, in porttitor pede justo eu massa. Donec dapibus. Duis at velit eu est congue elementum.",52,PC,simulation,Friesen and Sons,125,2024-01-30
63,INTERDUM IN ANTE,Nulla facilisi. Cras non velit nec nisi vulputate nonummy.,45,Xbox,puzzle,"Towne, Graham and Beier",492,2016-11-07
64,ULTRICES,Integer a nibh.,16,PC,strategy,"Ritchie, Gutkowski and Schmidt",330,2019-06-04
65,DONEC ODIO JUSTO,Pellentesque at nulla.,56,PC,action,Rogahn-Batz,276,2015-12-13
66,AENEAN AUCTOR GRAVIDA SEM,Pellentesque ultrices mattis odio.,55,Xbox,adventure,"Kshlerin, Swaniawski and Larson",412,2022-11-25
67,CUBILIA CURAE,Nulla justo.,45,PC,sports,Murazik LLC,271,2002-09-24
68,PLACERAT PRAESENT BLANDIT,"Praesent lectus. Vestibulum quam sapien, varius ut, blandit non, interdum in, ante. Vestibulum ante ipsum primis in faucibus orci luctus et ultrices posuere cubilia Curae; Duis faucibus accumsan odio.",43,Xbox,adventure,Osinski LLC,200,1995-11-10
69,MAURIS VIVERRA,"Cum sociis natoque penatibus et magnis dis parturient montes, nascetur ridiculus mus. Vivamus vestibulum sagittis sapien.",28,PS5,sandbox,Lang Group,266,1999-10-22
70,ORCI,Cras non velit nec nisi vulputate nonummy. Maecenas tincidunt lacus at velit. Vivamus vel nulla eget eros elementum pellentesque.,48,PC,simulation,Kuhic-Schiller,245,2008-02-10
71,NULLA QUISQUE,Proin at turpis a pede posuere nonummy. Integer non velit.,7,PC,adventure,"Sipes, Lockman and Stokes",378,2011-08-09
72,MONTES NASCETUR RIDICULUS,Integer ac neque.,28,Switch,horror,Heaney-Pollich,426,2016-06-20
73,LIGULA PELLENTESQUE ULTRICES,Integer tincidunt ante vel ipsum. Praesent blandit lacinia erat. Vestibulum sed magna at nunc commodo placerat.,8,PC,racing,"Flatley, Beatty and Lakin",473,2011-06-12
74,LOREM INTEGER TINCIDUNT ANTE,Proin eu mi.,49,Xbox,simulation,Goldner-Gottlieb,65,2002-04-17
75,ET MAGNIS,"Donec ut dolor. Morbi vel lectus in quam fringilla rhoncus. Mauris enim leo, rhoncus sed, vestibulum sit amet, cursus id, turpis.",22,Switch,simulation,Leffler-Barton,159,1996-07-06
76,VEL SEM SED SAGITTIS NAM,Sed ante.,20,Switch,party,"Morissette, Sanford and Hahn",391,1995-03-09
77,LIGULA,Vivamus tortor. Duis mattis egestas metus. Aenean fermentum.,4,Xbox,RPG,O'Conner Group,146,2009-08-11
78,FUSCE CONSEQUAT NULLA NISL,Etiam faucibus cursus urna. Ut tellus. Nulla ut erat id mauris vulputate elementum.,59,Xbox,horror,Rodriguez-Bahringer,323,2020-02-01
79,FUSCE,Sed sagittis.,57,Xbox,platformer,Reilly-Douglas,119,2002-06-25
80,ORCI LUCTUS ET ULTRICES,"Donec vitae nisi. Nam ultrices, libero non mattis pulvinar, nulla pede ullamcorper augue, a suscipit nulla elit ac nulla.",20,PS5,adventure,Jacobs-Kilback,364,2006-05-02
81,VULPUTATE,Quisque id justo sit amet sapien dignissim vestibulum. Vestibulum ante ipsum primis in faucibus orci luctus et ultrices posuere cubilia Curae; Nulla dapibus dolor vel est.,11,PS5,strategy,Abbott-Schulist,66,1997-04-28
82,NIBH,Nunc purus. Phasellus in felis.,57,Switch,action,Lehner Group,366,1998-11-13
83,SED TINCIDUNT EU,"In est risus, auctor sed, tristique in, tempus sit amet, sem. Fusce consequat.",1,PS5,party,"Wolf, Koch and Trantow",170,2010-10-29
84,BLANDIT NAM NULLA INTEGER,"Nulla ac enim. In tempor, turpis nec euismod scelerisque, quam turpis adipiscing lorem, vitae mattis nibh ligula nec sem.",16,PC,simulation,Schimmel Group,256,1995-12-14
85,LECTUS PELLENTESQUE AT,"Morbi quis tortor id nulla ultrices aliquet. Maecenas leo odio, condimentum id, luctus nec, molestie sed, justo.",21,Switch,music,Heller Inc,423,1998-02-24
86,VESTIBULUM,"Pellentesque ultrices mattis odio. Donec vitae nisi. Nam ultrices, libero non mattis pulvinar, nulla pede ullamcorper augue, a suscipit nulla elit ac nulla.",37,Xbox,strategy,Hodkiewicz Group,186,2013-12-23
87,AT VULPUTATE VITAE NISL,Donec dapibus.,58,Switch,music,"Ziemann, Bins and Daniel",213,2023-04-14
88,DONEC UT DOLOR,Donec ut dolor.,19,Switch,party,Rath-Bahringer,61,1999-07-13
89,NULLAM ORCI PEDE VENENATIS,Vivamus vel nulla eget eros elementum pellentesque. Quisque porta volutpat erat.,19,PS5,strategy,Williamson-Pfeffer,289,2002-10-13
90,ETIAM VEL AUGUE VESTIBULUM,"Nullam orci pede, venenatis non, sodales sed, tincidunt eu, felis. Fusce posuere felis sed lacus.",10,Xbox,RPG,Bashirian LLC,220,2019-09-17
91,LIBERO QUIS ORCI,"Vivamus vestibulum sagittis sapien. Cum sociis natoque penatibus et magnis dis parturient montes, nascetur ridiculus mus. Etiam vel augue.",37,PC,sandbox,Block-Kassulke,246,2019-07-16
92,POSUERE FELIS SED LACUS,Etiam vel augue. Vestibulum rutrum rutrum neque.,45,PC,music,Schowalter-Witting,186,1995-08-01
93,NIBH IN HAC HABITASSE PLATEA,"Maecenas leo odio, condimentum id, luctus nec, molestie sed, justo. Pellentesque viverra pede ac diam. Cras pellentesque volutpat dui.",41,PS5,adventure,Quitzon and Sons,312,1994-11-14
94,IN,"Praesent lectus. Vestibulum quam sapien, varius ut, blandit non, interdum in, ante.",57,PC,horror,"Howe, Huel and Gleason",313,2014-12-03
95,ID NISL VENENATIS LACINIA AENEAN,Aliquam quis turpis eget elit sodales scelerisque.,5,PS5,platformer,Ziemann-Sauer,354,2007-06-18
96,SEMPER,Donec semper sapien a libero. Nam dui.,37,PC,sports,Runolfsdottir and Sons,20,2024-09-06
97,NIBH,Ut tellus. Nulla ut erat id mauris vulputate elementum.,46,Switch,fighting,Harber-West,108,2020-08-22
98,ORCI,Aenean auctor gravida sem. Praesent id massa id nisl venenatis lacinia.,20,PS5,RPG,Runte-Yundt,308,2022-07-19
99,MAURIS ENIM LEO,Vestibulum ac est lacinia nisi venenatis tristique.,55,Switch,platformer,Strosin-Osinski,149,2013-12-19
100,SUSPENDISSE,Suspendisse potenti.,60,PS5,fighting,"Littel, Stoltenberg and Kuhn",167,2013-03-22
101,IN PURUS EU,"Quisque erat eros, viverra eget, congue eget, semper rutrum, nulla.",30,Switch,RPG,Denesik and Sons,238,1996-04-14
102,IN,Sed ante.,5,Xbox,fighting,Beer Group,218,2011-03-04
103,EGET VULPUTATE,"Quisque erat eros, viverra eget, congue eget, semper rutrum, nulla.",16,PS5,strategy,O'Conner and Sons,208,2009-07-15
104,QUIS AUGUE,In hac habitasse platea dictumst. Etiam faucibus cursus urna. Ut tellus.,2,PC,action,Von and Sons,106,2007-10-20
105,DUIS AC NIBH FUSCE,Aenean auctor gravida sem.,18,Switch,party,Feest Inc,72,2022-05-25
106,SED ANTE VIVAMUS,Morbi non lectus. Aliquam sit amet diam in magna bibendum imperdiet.,5,Xbox,racing,Ziemann LLC,91,1999-08-01
107,TORTOR DUIS,Suspendisse potenti. In eleifend quam a odio.,22,Switch,party,Steuber Inc,162,2004-01-06
108,PULVINAR NULLA,Maecenas ut massa quis augue luctus tincidunt.,60,Switch,stealth,"Glover, McLaughlin and Terry",193,2017-07-31
109,ULTRICES VEL AUGUE VESTIBULUM,Phasellus in felis.,38,Xbox,platformer,Walsh-Gutkowski,387,1997-04-28
110,CONSECTETUER,"Donec semper sapien a libero. Nam dui. Proin leo odio, porttitor id, consequat in, consequat ut, nulla.",37,Xbox,RPG,Morar-Ferry,241,2000-11-03
111,PHARETRA MAGNA VESTIBULUM ALIQUET,"Integer pede justo, lacinia eget, tincidunt eget, tempus vel, pede. Morbi porttitor lorem id ligula.",20,PS5,platformer,Harris LLC,405,2005-05-14
112,DOLOR VEL EST,Nullam varius. Nulla facilisi. Cras non velit nec nisi vulputate nonummy.,26,Xbox,music,"Marks, Yost and Dicki",57,2001-09-09
113,IMPERDIET ET,Nulla facilisi. Cras non velit nec nisi vulputate nonummy.,21,PS5,sports,Lowe and Sons,196,2002-05-27
114,EGET SEMPER,Vestibulum ante ipsum primis in faucibus orci luctus et ultrices posuere cubilia Curae; Mauris viverra diam vitae quam. Suspendisse potenti.,13,PS5,adventure,McDermott-Romaguera,422,2024-01-31
115,TINCIDUNT IN LEO,Suspendisse potenti. In eleifend quam a odio.,56,Switch,sports,Feeney Group,360,2014-09-04
116,HABITASSE PLATEA DICTUMST,Nullam sit amet turpis elementum ligula vehicula consequat. Morbi a ipsum.,10,PS5,racing,"Ratke, Rice and Wuckert",40,2013-10-08
117,NULLA NEQUE LIBERO,Aliquam non mauris.,20,Switch,strategy,"Stoltenberg, Osinski and Becker",329,2023-04-24
118,SED VESTIBULUM,Sed accumsan felis. Ut at dolor quis odio consequat varius. Integer ac leo.,41,Xbox,music,"Lebsack, Sawayn and Grimes",277,1997-10-11
119,ET ULTRICES POSUERE,Etiam vel augue.,23,Xbox,stealth,"Volkman, Thompson and Kirlin",342,1997-01-14
120,NON PRETIUM QUIS LECTUS SUSPENDISSE,Suspendisse potenti. In eleifend quam a odio. In hac habitasse platea dictumst.,19,PC,action,Dach Inc,100,2000-12-10
121,METUS AENEAN FERMENTUM DONEC,Etiam faucibus cursus urna. Ut tellus. Nulla ut erat id mauris vulputate elementum.,48,PS5,strategy,"McClure, Waters and Stoltenberg",320,2004-06-23
122,EGET,"Quisque erat eros, viverra eget, congue eget, semper rutrum, nulla.",32,Switch,RPG,"Runte, Turner and Dickens",155,2001-05-13
123,TINCIDUNT EGET,Nullam porttitor lacus at turpis. Donec posuere metus vitae ipsum. Aliquam non mauris.,17,PC,action,Purdy and Sons,355,1995-11-05
124,DOLOR MORBI VEL,Proin interdum mauris non ligula pellentesque ultrices. Phasellus id sapien in sapien iaculis congue.,28,Xbox,horror,Nolan Group,60,2017-08-25
125,EST PHASELLUS SIT AMET,Nulla suscipit ligula in lacus.,37,Xbox,action,Padberg-Bashirian,222,2006-06-14
126,CUBILIA,"Cras mi pede, malesuada in, imperdiet et, commodo vulputate, justo. In blandit ultrices enim.",11,Xbox,fighting,"Feil, Rutherford and Nitzsche",329,2002-02-10
127,AC TELLUS SEMPER INTERDUM MAURIS,Morbi non quam nec dui luctus rutrum. Nulla tellus. In sagittis dui vel nisl.,52,PS5,action,"Bergstrom, Schuppe and West",229,2010-03-11
128,MONTES,Ut tellus. Nulla ut erat id mauris vulputate elementum. Nullam varius.,47,PS5,stealth,O'Reilly Group,489,2019-12-28
129,NUNC PROIN AT,Duis bibendum. Morbi non quam nec dui luctus rutrum.,26,PS5,stealth,"Miller, Ratke and Hansen",22,1999-10-04
130,NISL NUNC RHONCUS,Vestibulum rutrum rutrum neque.,54,PS5,strategy,Bernier and Sons,127,2022-09-22
131,QUISQUE ERAT,"Duis at velit eu est congue elementum. In hac habitasse platea dictumst. Morbi vestibulum, velit id pretium iaculis, diam erat fermentum justo, nec condimentum neque sapien placerat ante.",60,Xbox,strategy,Breitenberg-Beer,223,2020-12-26
132,PRETIUM,"Fusce posuere felis sed lacus. Morbi sem mauris, laoreet ut, rhoncus aliquet, pulvinar sed, nisl.",35,Switch,strategy,"MacGyver, Russel and Klein",204,2012-06-20
133,NULLA ULTRICES ALIQUET MAECENAS,Phasellus sit amet erat.,41,Xbox,horror,"Pfeffer, Reichel and Adams",410,2006-12-25
134,DIS PARTURIENT MONTES NASCETUR RIDICULUS,"Nunc nisl. Duis bibendum, felis sed interdum venenatis, turpis enim blandit mi, in porttitor pede justo eu massa.",17,PS5,platformer,Block-Bergnaum,217,2024-10-27
135,NONUMMY,"Aliquam augue quam, sollicitudin vitae, consectetuer eget, rutrum at, lorem. Integer tincidunt ante vel ipsum. Praesent blandit lacinia erat.",21,Switch,adventure,Okuneva and Sons,384,2008-02-26
136,AUGUE,Proin interdum mauris non ligula pellentesque ultrices. Phasellus id sapien in sapien iaculis congue.,25,Switch,horror,McClure Group,470,2000-07-01
137,EST ET TEMPUS,Integer ac leo.,12,PS5,sandbox,Gerhold Inc,196,2024-08-11
138,ANTE VEL,Curabitur convallis.,55,Switch,adventure,Cartwright-Orn,303,2004-05-22
139,SIT AMET,Ut tellus. Nulla ut erat id mauris vulputate elementum.,30,PS5,party,Robel-Cummings,57,2004-01-22
140,NON,"Nam ultrices, libero non mattis pulvinar, nulla pede ullamcorper augue, a suscipit nulla elit ac nulla.",18,Switch,racing,Smitham Inc,238,2013-06-27
141,PELLENTESQUE VOLUTPAT DUI MAECENAS TRISTIQUE,Phasellus in felis. Donec semper sapien a libero.,56,PC,fighting,Huel Group,125,2005-05-08
142,QUAM FRINGILLA,Morbi non lectus.,14,Xbox,sports,"Klocko, Franecki and Roob",364,2017-12-23
143,LACUS CURABITUR AT,Vivamus vestibulum sagittis sapien.,20,PS5,action,Bartell Group,287,2011-02-28
144,LACUS,"Nullam orci pede, venenatis non, sodales sed, tincidunt eu, felis. Fusce posuere felis sed lacus.",33,PS5,simulation,Spinka Inc,340,1998-12-13
145,CURAE,Sed vel enim sit amet nunc viverra dapibus. Nulla suscipit ligula in lacus. Curabitur at ipsum ac tellus semper interdum.,32,Xbox,stealth,Okuneva-Kunze,470,2011-10-10
146,VEL SEM SED,Duis aliquam convallis nunc. Proin at turpis a pede posuere nonummy.,21,Switch,sports,Strosin-Sawayn,24,1994-01-20
147,RIDICULUS MUS ETIAM,"Vestibulum ac est lacinia nisi venenatis tristique. Fusce congue, diam id ornare imperdiet, sapien urna pretium nisl, ut volutpat sapien arcu sed augue. Aliquam erat volutpat.",7,Xbox,puzzle,Wehner-Homenick,464,2022-04-23
148,EGET,Mauris ullamcorper purus sit amet nulla.,51,PC,fighting,Morar-Fadel,118,1998-11-29
149,GRAVIDA SEM PRAESENT,"Quisque id justo sit amet sapien dignissim vestibulum. Vestibulum ante ipsum primis in faucibus orci luctus et ultrices posuere cubilia Curae; Nulla dapibus dolor vel est. Donec odio justo, sollicitudin ut, suscipit a, feugiat et, eros.",24,Xbox,party,"Zieme, Sipes and Hilpert",1,2016-12-14
150,IACULIS CONGUE,Nullam varius. Nulla facilisi. Cras non velit nec nisi vulputate nonummy.,5,PS5,action,"Ortiz, Kuvalis and Casper",158,2002-12-18
151,MORBI,"Lorem ipsum dolor sit amet, consectetuer adipiscing elit. Proin interdum mauris non ligula pellentesque ultrices.",51,Switch,strategy,Deckow Inc,214,1999-09-12
152,ENIM,Pellentesque viverra pede ac diam.,37,PS5,simulation,"Gerlach, Heathcote and Lockman",213,2008-05-31
153,ULTRICIES EU NIBH,"Integer aliquet, massa id lobortis convallis, tortor risus dapibus augue, vel accumsan tellus nisi eu orci.",48,PS5,party,Brakus LLC,379,2007-06-25
154,PELLENTESQUE QUISQUE PORTA,Nullam varius. Nulla facilisi.,43,Switch,racing,Watsica-Wilderman,359,2002-03-15
155,A LIBERO NAM DUI PROIN,Vivamus tortor.,49,Switch,fighting,Doyle-Gorczany,381,2004-02-07
156,MASSA QUIS AUGUE LUCTUS TINCIDUNT,"Integer aliquet, massa id lobortis convallis, tortor risus dapibus augue, vel accumsan tellus nisi eu orci.",47,Switch,stealth,Roob Group,380,1998-09-13
157,VEL NISL,Pellentesque viverra pede ac diam. Cras pellentesque volutpat dui.,26,Xbox,puzzle,Kuhic Group,323,2003-02-20
158,VOLUTPAT IN CONGUE ETIAM JUSTO,Vivamus tortor. Duis mattis egestas metus. Aenean fermentum.,18,Xbox,music,"Mertz, Kunde and Conn",482,2020-08-26
159,EGET CONGUE EGET SEMPER RUTRUM,"In hac habitasse platea dictumst. Morbi vestibulum, velit id pretium iaculis, diam erat fermentum justo, nec condimentum neque sapien placerat ante.",40,Xbox,sports,Goldner-Collier,341,2013-10-29
160,IN,"In sagittis dui vel nisl. Duis ac nibh. Fusce lacus purus, aliquet at, feugiat non, pretium quis, lectus.",50,PC,action,Collier LLC,429,1995-01-06
161,SIT AMET,Mauris sit amet eros.,24,PS5,sports,Christiansen and Sons,468,2015-04-11
162,SIT,Nullam varius. Nulla facilisi.,54,PS5,simulation,Collins-Bernier,37,2011-09-11
163,SUSPENDISSE POTENTI,Integer ac leo. Pellentesque ultrices mattis odio. Donec vitae nisi.,45,PC,puzzle,"Mraz, Lockman and Gusikowski",40,2010-12-07
164,ELEIFEND,"Lorem ipsum dolor sit amet, consectetuer adipiscing elit. Proin interdum mauris non ligula pellentesque ultrices.",29,PC,fighting,Mueller-Bahringer,208,2001-10-18
165,SAPIEN ARCU SED AUGUE ALIQUAM,Donec quis orci eget orci vehicula condimentum. Curabitur in libero ut massa volutpat convallis.,34,Xbox,racing,"Welch, Dickens and Beier",322,2007-06-05
166,QUAM PHARETRA,Nulla justo. Aliquam quis turpis eget elit sodales scelerisque.,17,PC,horror,"Mosciski, Schmitt and Hamill",461,2016-03-08
167,IN,"In sagittis dui vel nisl. Duis ac nibh. Fusce lacus purus, aliquet at, feugiat non, pretium quis, lectus.",32,PS5,sports,"Kassulke, Shanahan and Hoppe",410,2001-08-25
168,QUIS TORTOR,"Aliquam augue quam, sollicitudin vitae, consectetuer eget, rutrum at, lorem. Integer tincidunt ante vel ipsum. Praesent blandit lacinia erat.",20,PC,puzzle,"Kassulke, Harvey and Bernier",93,2001-05-15
169,NEC NISI,In hac habitasse platea dictumst. Etiam faucibus cursus urna.,15,PC,adventure,"Little, Ankunding and Heller",341,1994-05-23
170,SAGITTIS,Donec semper sapien a libero. Nam dui.,12,PC,fighting,Barrows Group,110,2004-04-23
171,IPSUM PRIMIS IN,"Fusce lacus purus, aliquet at, feugiat non, pretium quis, lectus. Suspendisse potenti. In eleifend quam a odio.",11,PC,simulation,Crist LLC,122,2013-07-22
172,SED INTERDUM VENENATIS,Pellentesque eget nunc. Donec quis orci eget orci vehicula condimentum.,43,Switch,racing,"Borer, Lowe and Cole",278,2023-11-28
173,ULTRICES POSUERE CUBILIA CURAE,Integer ac neque. Duis bibendum. Morbi non quam nec dui luctus rutrum.,9,PC,adventure,Mann-Stamm,264,2013-10-18
174,JUSTO ETIAM PRETIUM,"Vestibulum ante ipsum primis in faucibus orci luctus et ultrices posuere cubilia Curae; Nulla dapibus dolor vel est. Donec odio justo, sollicitudin ut, suscipit a, feugiat et, eros.",7,Xbox,sports,"Bernier, Mayert and Pouros",89,2009-09-11
175,ODIO CONDIMENTUM ID LUCTUS NEC,Suspendisse potenti. In eleifend quam a odio.,56,Xbox,adventure,"Graham, Prosacco and Gutkowski",477,2001-10-30
176,LUCTUS ET ULTRICES POSUERE CUBILIA,Etiam vel augue.,58,Switch,action,Nolan-Koch,211,2019-12-06
177,NISI NAM ULTRICES,"Proin risus. Praesent lectus. Vestibulum quam sapien, varius ut, blandit non, interdum in, ante.",31,Switch,simulation,"Beier, Spencer and Hoppe",263,2002-11-12
178,MONTES NASCETUR RIDICULUS MUS VIVAMUS,In hac habitasse platea dictumst.,12,Switch,simulation,Glover Inc,150,1994-04-27
179,LECTUS SUSPENDISSE,Praesent lectus.,1,Switch,music,Bradtke-Rice,321,2011-03-10
180,AT DOLOR QUIS,"Nulla neque libero, convallis eget, eleifend luctus, ultricies eu, nibh. Quisque id justo sit amet sapien dignissim vestibulum.",28,PC,RPG,Kohler-Zulauf,188,2011-02-11
181,VULPUTATE ELEMENTUM NULLAM,Etiam faucibus cursus urna. Ut tellus.,14,Switch,RPG,Keebler and Sons,427,2019-01-20
182,NON LECTUS ALIQUAM SIT,"Maecenas rhoncus aliquam lacus. Morbi quis tortor id nulla ultrices aliquet. Maecenas leo odio, condimentum id, luctus nec, molestie sed, justo.",7,Switch,puzzle,McClure and Sons,306,2009-05-28
183,EROS VESTIBULUM AC EST LACINIA,Suspendisse potenti. Nullam porttitor lacus at turpis.,23,Switch,simulation,Gibson LLC,243,2015-05-19
184,ULTRICES,Phasellus sit amet erat.,43,Switch,racing,"Parker, Weimann and Treutel",407,2024-07-25
185,EGET EROS ELEMENTUM,Nunc rhoncus dui vel sem. Sed sagittis.,16,Xbox,party,Hammes-Frami,303,1995-04-09
186,TEMPOR TURPIS,Mauris lacinia sapien quis libero. Nullam sit amet turpis elementum ligula vehicula consequat.,58,Xbox,RPG,Hackett LLC,101,2003-08-24
187,QUAM,Nunc rhoncus dui vel sem. Sed sagittis.,39,PC,platformer,Gislason-Moore,478,2004-01-09
188,ELEMENTUM IN HAC,"Integer pede justo, lacinia eget, tincidunt eget, tempus vel, pede. Morbi porttitor lorem id ligula. Suspendisse ornare consequat lectus.",29,PC,puzzle,Kirlin-Miller,19,1999-10-09
189,NUNC NISL DUIS BIBENDUM FELIS,Phasellus sit amet erat.,33,PC,sandbox,Leannon-Kessler,319,1997-06-09
190,LOBORTIS EST,Morbi porttitor lorem id ligula. Suspendisse ornare consequat lectus.,2,Switch,sandbox,"Howe, Schultz and Gleichner",299,1995-10-15
191,IN HAC HABITASSE PLATEA,Sed ante.,47,PC,stealth,Kerluke and Sons,77,2013-12-23
192,IN,"Nulla ac enim. In tempor, turpis nec euismod scelerisque, quam turpis adipiscing lorem, vitae mattis nibh ligula nec sem.",49,Xbox,stealth,O'Reilly-Howe,449,2007-11-05
193,DUI NEC NISI VOLUTPAT ELEIFEND,"Vivamus vestibulum sagittis sapien. Cum sociis natoque penatibus et magnis dis parturient montes, nascetur ridiculus mus.",38,Switch,fighting,"Becker, Sanford and Littel",260,2011-06-18
194,NISI VULPUTATE NONUMMY,In eleifend quam a odio. In hac habitasse platea dictumst.,13,Xbox,RPG,Bartell LLC,310,2001-08-10
195,MATTIS ODIO,"Nam nulla. Integer pede justo, lacinia eget, tincidunt eget, tempus vel, pede.",45,PS5,fighting,Emard Group,248,1995-09-14
196,DIAM CRAS,Duis bibendum. Morbi non quam nec dui luctus rutrum.,2,PC,puzzle,"Crooks, Sawayn and Stark",287,2023-11-19
197,NULLAM SIT AMET TURPIS ELEMENTUM,"Curabitur gravida nisi at nibh. In hac habitasse platea dictumst. Aliquam augue quam, sollicitudin vitae, consectetuer eget, rutrum at, lorem.",46,Switch,platformer,"Fritsch, Swift and VonRueden",474,2015-12-06
198,AENEAN AUCTOR GRAVIDA SEM,Nulla tellus. In sagittis dui vel nisl. Duis ac nibh.,51,Switch,RPG,Greenholt-Medhurst,402,2002-01-01
199,ORCI VEHICULA CONDIMENTUM CURABITUR IN,"Nam dui. Proin leo odio, porttitor id, consequat in, consequat ut, nulla.",42,PC,music,"Johnston, Buckridge and Grant",267,2024-12-29
200,RHONCUS ALIQUAM LACUS,Nulla facilisi. Cras non velit nec nisi vulputate nonummy. Maecenas tincidunt lacus at velit.,47,Xbox,horror,"Hilll, Osinski and Roberts",100,2001-01-07
201,VOLUTPAT,"Aliquam augue quam, sollicitudin vitae, consectetuer eget, rutrum at, lorem. Integer tincidunt ante vel ipsum. Praesent blandit lacinia erat.",27,Switch,adventure,Spencer Inc,188,1996-03-10
202,MAURIS ENIM LEO,"Suspendisse potenti. Cras in purus eu magna vulputate luctus. Cum sociis natoque penatibus et magnis dis parturient montes, nascetur ridiculus mus.",13,PC,sandbox,Gleichner-Wolff,56,2000-08-13
203,MORBI NON,"Nam dui. Proin leo odio, porttitor id, consequat in, consequat ut, nulla. Sed accumsan felis.",8,PC,sports,Raynor-Wiegand,432,2015-01-30
204,VESTIBULUM SIT AMET CURSUS,Praesent blandit.,34,Xbox,music,Lebsack-Dibbert,175,2013-08-04
205,MAGNA AC CONSEQUAT,Integer ac leo. Pellentesque ultrices mattis odio. Donec vitae nisi.,16,PS5,platformer,Hodkiewicz-Rath,466,2020-04-17
206,AUGUE VEL ACCUMSAN TELLUS,Curabitur gravida nisi at nibh.,34,Switch,RPG,Reichel Inc,216,2012-02-19
207,IN,Maecenas pulvinar lobortis est. Phasellus sit amet erat.,40,PS5,platformer,Wehner and Sons,175,2002-11-29
208,PLATEA DICTUMST MAECENAS UT,Integer ac neque. Duis bibendum.,52,Xbox,fighting,"Fisher, King and Bernhard",150,2008-10-07
209,IMPERDIET ET COMMODO,"Aenean sit amet justo. Morbi ut odio. Cras mi pede, malesuada in, imperdiet et, commodo vulputate, justo.",54,Switch,music,Cartwright LLC,149,2021-12-20
210,LACUS CURABITUR AT IPSUM,Nulla facilisi. Cras non velit nec nisi vulputate nonummy.,54,Xbox,horror,"Harris, Yundt and Graham",250,2013-12-24
211,ERAT,"Lorem ipsum dolor sit amet, consectetuer adipiscing elit. Proin risus.",39,PS5,RPG,Gleichner-Fadel,430,2018-06-02
212,FAUCIBUS ORCI LUCTUS,Nullam porttitor lacus at turpis. Donec posuere metus vitae ipsum. Aliquam non mauris.,21,PS5,music,Crooks and Sons,266,2022-06-01
213,PURUS ALIQUET,Donec vitae nisi.,55,Switch,racing,"Dickinson, Satterfield and Kautzer",432,2001-01-26
214,NULLA TEMPUS VIVAMUS,Mauris ullamcorper purus sit amet nulla.,32,Xbox,strategy,Beer-Keebler,87,1995-03-04
215,VIVERRA,Mauris sit amet eros. Suspendisse accumsan tortor quis turpis.,56,PC,sandbox,Deckow-Wisoky,174,1994-11-04
216,A FEUGIAT,Vivamus in felis eu sapien cursus vestibulum. Proin eu mi.,52,Xbox,simulation,"Champlin, Bogan and Carroll",321,2012-04-07
217,LEO ODIO PORTTITOR,"Integer pede justo, lacinia eget, tincidunt eget, tempus vel, pede. Morbi porttitor lorem id ligula. Suspendisse ornare consequat lectus.",5,PS5,simulation,Corwin Group,362,1995-11-16
218,CONGUE EGET SEMPER,"Integer aliquet, massa id lobortis convallis, tortor risus dapibus augue, vel accumsan tellus nisi eu orci. Mauris lacinia sapien quis libero.",30,PC,horror,"Berge, West and Kihn",249,2002-02-17
219,VESTIBULUM RUTRUM,Nulla mollis molestie lorem. Quisque ut erat. Curabitur gravida nisi at nibh.,22,Xbox,stealth,"Gleason, Koss and Emard",210,2007-06-03
220,UT MASSA VOLUTPAT,"Nulla neque libero, convallis eget, eleifend luctus, ultricies eu, nibh. Quisque id justo sit amet sapien dignissim vestibulum. Vestibulum ante ipsum primis in faucibus orci luctus et ultrices posuere cubilia Curae; Nulla dapibus dolor vel est.",30,PS5,music,Hegmann LLC,251,2011-10-27
221,A IPSUM INTEGER,"Curabitur in libero ut massa volutpat convallis. Morbi odio odio, elementum eu, interdum eu, tincidunt in, leo. Maecenas pulvinar lobortis est.",22,Xbox,platformer,"Batz, Nader and White",452,2007-07-19
222,VITAE CONSECTETUER EGET RUTRUM AT,Proin at turpis a pede posuere nonummy.,12,Xbox,sports,"Cole, Green and Weimann",141,2003-12-02
223,NON VELIT,Proin at turpis a pede posuere nonummy. Integer non velit.,8,PC,sports,Orn LLC,43,2004-04-13
224,LUCTUS ET ULTRICES,"Mauris enim leo, rhoncus sed, vestibulum sit amet, cursus id, turpis. Integer aliquet, massa id lobortis convallis, tortor risus dapibus augue, vel accumsan tellus nisi eu orci.",8,Xbox,horror,Larson-Heathcote,79,2020-10-20
225,VESTIBULUM ANTE IPSUM,Mauris ullamcorper purus sit amet nulla.,18,Xbox,action,McLaughlin and Sons,253,1996-09-06
226,IN HAC HABITASSE PLATEA,Aliquam quis turpis eget elit sodales scelerisque.,53,Xbox,puzzle,Harber-Barton,317,2018-04-11
227,PLACERAT ANTE NULLA,"Aliquam augue quam, sollicitudin vitae, consectetuer eget, rutrum at, lorem.",52,Switch,puzzle,Padberg-Conroy,23,2022-06-24
228,LACUS,Nulla tellus.,42,Xbox,music,Lowe Group,308,2011-04-28
229,PORTTITOR LACUS AT TURPIS DONEC,"Morbi non lectus. Aliquam sit amet diam in magna bibendum imperdiet. Nullam orci pede, venenatis non, sodales sed, tincidunt eu, felis.",45,PC,RPG,Mayer and Sons,96,2024-11-18
230,ARCU LIBERO RUTRUM AC LOBORTIS,Mauris lacinia sapien quis libero. Nullam sit amet turpis elementum ligula vehicula consequat.,49,Switch,racing,Nicolas Inc,144,1997-12-28
231,AC,Fusce posuere felis sed lacus.,37,PS5,simulation,"Predovic, Stoltenberg and Casper",293,2009-08-02
232,JUSTO NEC CONDIMENTUM NEQUE,"Donec diam neque, vestibulum eget, vulputate ut, ultrices vel, augue. Vestibulum ante ipsum primis in faucibus orci luctus et ultrices posuere cubilia Curae; Donec pharetra, magna vestibulum aliquet ultrices, erat tortor sollicitudin mi, sit amet lobortis sapien sapien non mi. Integer ac neque.",29,PS5,action,"Block, Prosacco and Boehm",470,2000-02-17
233,VOLUTPAT,"Cras in purus eu magna vulputate luctus. Cum sociis natoque penatibus et magnis dis parturient montes, nascetur ridiculus mus. Vivamus vestibulum sagittis sapien.",29,PS5,puzzle,"Sawayn, Ritchie and Jacobson",119,2007-02-28
234,ULLAMCORPER PURUS SIT AMET NULLA,Etiam faucibus cursus urna. Ut tellus.,55,PC,horror,Wunsch LLC,407,2022-09-11
235,NASCETUR RIDICULUS MUS VIVAMUS VESTIBULUM,"Nulla neque libero, convallis eget, eleifend luctus, ultricies eu, nibh.",22,Switch,fighting,Swift LLC,371,2019-01-12
236,NULLA JUSTO ALIQUAM,"Maecenas leo odio, condimentum id, luctus nec, molestie sed, justo. Pellentesque viverra pede ac diam. Cras pellentesque volutpat dui.",28,Xbox,strategy,Lakin-Hilll,18,2001-10-12
237,NEQUE SAPIEN PLACERAT ANTE NULLA,"Cum sociis natoque penatibus et magnis dis parturient montes, nascetur ridiculus mus.",20,PC,sandbox,"Schneider, Cole and Botsford",495,2005-05-10
238,PROIN LEO ODIO,"Cum sociis natoque penatibus et magnis dis parturient montes, nascetur ridiculus mus. Vivamus vestibulum sagittis sapien.",2,PC,racing,"Bartoletti, Konopelski and Kilback",293,2001-11-11
239,IN,"Morbi vestibulum, velit id pretium iaculis, diam erat fermentum justo, nec condimentum neque sapien placerat ante. Nulla justo.",51,PC,fighting,Schmitt LLC,461,1995-05-29
240,PHARETRA MAGNA AC CONSEQUAT,Vestibulum sed magna at nunc commodo placerat. Praesent blandit.,41,PC,horror,Emmerich-Bruen,147,2022-06-06
241,TRISTIQUE IN TEMPUS,"Quisque porta volutpat erat. Quisque erat eros, viverra eget, congue eget, semper rutrum, nulla.",51,Switch,fighting,"Donnelly, White and Considine",49,2013-10-15
242,CONSEQUAT MORBI A,Vestibulum sed magna at nunc commodo placerat. Praesent blandit. Nam nulla.,18,PC,music,"O'Kon, Zulauf and Windler",322,2000-11-12
243,LOBORTIS VEL DAPIBUS,"In hac habitasse platea dictumst. Morbi vestibulum, velit id pretium iaculis, diam erat fermentum justo, nec condimentum neque sapien placerat ante.",52,PC,music,Luettgen-Rosenbaum,55,2007-08-21
244,LIBERO NAM DUI PROIN LEO,Proin eu mi. Nulla ac enim.,57,Xbox,puzzle,"Price, Davis and Orn",472,2018-04-17
245,FUSCE LACUS,Curabitur gravida nisi at nibh.,21,PS5,sandbox,Mohr-Stehr,28,2001-06-24
246,ERAT ID MAURIS VULPUTATE ELEMENTUM,Pellentesque at nulla. Suspendisse potenti.,22,Switch,platformer,Johns Group,417,1996-02-02
247,DUIS AT,Praesent blandit lacinia erat. Vestibulum sed magna at nunc commodo placerat. Praesent blandit.,3,PS5,stealth,Yundt-Hartmann,386,1994-03-13
248,PLATEA,Maecenas rhoncus aliquam lacus. Morbi quis tortor id nulla ultrices aliquet.,19,Xbox,platformer,"Kautzer, Bogisich and Hoppe",42,2014-09-28
249,NAM TRISTIQUE,Donec quis orci eget orci vehicula condimentum. Curabitur in libero ut massa volutpat convallis.,49,PS5,puzzle,"Zboncak, Anderson and Doyle",420,2009-05-30
250,LOBORTIS CONVALLIS TORTOR RISUS,"Nam ultrices, libero non mattis pulvinar, nulla pede ullamcorper augue, a suscipit nulla elit ac nulla.",17,Xbox,platformer,Predovic LLC,389,2019-07-01
251,VEL NULLA EGET EROS,"Lorem ipsum dolor sit amet, consectetuer adipiscing elit. Proin risus. Praesent lectus.",21,Switch,music,Mohr-Hammes,136,1998-08-25
252,UT MASSA VOLUTPAT CONVALLIS MORBI,Etiam justo. Etiam pretium iaculis justo. In hac habitasse platea dictumst.,14,Switch,stealth,"Armstrong, Mayer and Hilpert",245,2016-02-01
253,FEUGIAT ET EROS VESTIBULUM,"Nulla neque libero, convallis eget, eleifend luctus, ultricies eu, nibh. Quisque id justo sit amet sapien dignissim vestibulum.",23,Switch,puzzle,Dickens Inc,213,2020-03-24
254,MAECENAS UT MASSA QUIS AUGUE,Aenean sit amet justo. Morbi ut odio.,8,PS5,stealth,Oberbrunner and Sons,45,2006-12-04
255,NULLAM MOLESTIE,Proin risus. Praesent lectus.,28,Xbox,adventure,"Cruickshank, Hyatt and Parker",24,2003-12-30
256,ALIQUAM CONVALLIS NUNC PROIN AT,"Aenean fermentum. Donec ut mauris eget massa tempor convallis. Nulla neque libero, convallis eget, eleifend luctus, ultricies eu, nibh.",33,Xbox,horror,"Howell, Johns and Powlowski",84,2018-09-22
257,SIT AMET NUNC,"Nam congue, risus semper porta volutpat, quam pede lobortis ligula, sit amet eleifend pede libero quis orci. Nullam molestie nibh in lectus. Pellentesque at nulla.",39,PS5,platformer,Boehm-Kuhn,330,2008-08-20
258,INTEGER AC NEQUE DUIS BIBENDUM,"Quisque porta volutpat erat. Quisque erat eros, viverra eget, congue eget, semper rutrum, nulla.",33,Xbox,sports,"Bradtke, Harber and Volkman",160,2007-09-14
259,AT,"Nam congue, risus semper porta volutpat, quam pede lobortis ligula, sit amet eleifend pede libero quis orci. Nullam molestie nibh in lectus. Pellentesque at nulla.",13,Switch,puzzle,Dooley-Graham,113,1997-11-24
260,AT,Donec quis orci eget orci vehicula condimentum. Curabitur in libero ut massa volutpat convallis.,15,Xbox,sandbox,Rempel and Sons,424,2000-01-27
261,MASSA DONEC,Praesent blandit lacinia erat. Vestibulum sed magna at nunc commodo placerat.,15,PS5,strategy,"Morissette, Jerde and Marvin",237,2014-10-20
262,QUIS AUGUE LUCTUS,Duis consequat dui nec nisi volutpat eleifend. Donec ut dolor. Morbi vel lectus in quam fringilla rhoncus.,48,PC,fighting,Yundt LLC,344,2025-02-22
263,MAGNA BIBENDUM IMPERDIET NULLAM,"Donec semper sapien a libero. Nam dui. Proin leo odio, porttitor id, consequat in, consequat ut, nulla.",41,Xbox,puzzle,Kassulke-Kirlin,219,2003-01-01
264,CURSUS ID TURPIS INTEGER,Aliquam quis turpis eget elit sodales scelerisque.,31,Switch,RPG,Ortiz LLC,22,2000-12-02
265,AUCTOR GRAVIDA SEM PRAESENT ID,"Donec ut dolor. Morbi vel lectus in quam fringilla rhoncus. Mauris enim leo, rhoncus sed, vestibulum sit amet, cursus id, turpis.",29,Xbox,simulation,"Buckridge, Orn and Mayert",346,2023-11-28
266,TELLUS NULLA,Pellentesque at nulla. Suspendisse potenti.,14,PS5,adventure,"Johnson, Schimmel and Dooley",125,2010-08-05
267,IN,Curabitur convallis.,45,PS5,strategy,"Predovic, Bogisich and Hammes",139,1999-01-25
268,SCELERISQUE MAURIS SIT,Praesent id massa id nisl venenatis lacinia. Aenean sit amet justo. Morbi ut odio.,58,Switch,sports,Roberts Inc,93,2002-10-21
269,ERAT,"Nulla neque libero, convallis eget, eleifend luctus, ultricies eu, nibh. Quisque id justo sit amet sapien dignissim vestibulum. Vestibulum ante ipsum primis in faucibus orci luctus et ultrices posuere cubilia Curae; Nulla dapibus dolor vel est.",5,PS5,platformer,Harris Group,328,2008-02-04
270,MAURIS LACINIA SAPIEN,Donec semper sapien a libero.,21,PS5,fighting,"Swaniawski, Gorczany and Gerlach",312,2025-03-09
271,VELIT EU EST CONGUE,Quisque id justo sit amet sapien dignissim vestibulum. Vestibulum ante ipsum primis in faucibus orci luctus et ultrices posuere cubilia Curae; Nulla dapibus dolor vel est.,9,PS5,music,Fahey-Ferry,479,2016-07-04
272,DONEC,Suspendisse potenti. In eleifend quam a odio. In hac habitasse platea dictumst.,17,PC,simulation,Smith-Dickens,263,2022-05-06
273,PRETIUM IACULIS DIAM ERAT FERMENTUM,Nam nulla.,3,PC,strategy,Mohr-Braun,267,2005-05-25
274,VIVAMUS,Vestibulum sed magna at nunc commodo placerat. Praesent blandit. Nam nulla.,54,PC,platformer,Deckow Inc,82,2015-06-27
275,SIT,"Nam ultrices, libero non mattis pulvinar, nulla pede ullamcorper augue, a suscipit nulla elit ac nulla. Sed vel enim sit amet nunc viverra dapibus.",54,Xbox,party,"Daniel, Williamson and O'Reilly",137,2021-11-26
276,LIBERO UT MASSA,Maecenas ut massa quis augue luctus tincidunt. Nulla mollis molestie lorem. Quisque ut erat.,9,Switch,party,"Hermiston, Witting and Veum",176,2010-09-27
277,AMET CURSUS ID,In congue.,30,Xbox,sandbox,Corkery LLC,275,1994-02-06
278,SUSPENDISSE,Maecenas tincidunt lacus at velit. Vivamus vel nulla eget eros elementum pellentesque.,55,PC,racing,Feeney-Bins,200,2021-06-09
279,MORBI ODIO ODIO ELEMENTUM EU,Cras in purus eu magna vulputate luctus.,32,Xbox,sports,"Leuschke, Heathcote and White",267,2004-01-01
280,NUNC,Sed accumsan felis. Ut at dolor quis odio consequat varius. Integer ac leo.,47,Xbox,sandbox,Muller-Medhurst,108,2012-10-06
281,MAGNA,"Vestibulum ac est lacinia nisi venenatis tristique. Fusce congue, diam id ornare imperdiet, sapien urna pretium nisl, ut volutpat sapien arcu sed augue.",15,PC,horror,Johnston Group,456,2002-02-23
282,CONSEQUAT NULLA,"Donec odio justo, sollicitudin ut, suscipit a, feugiat et, eros.",56,Switch,sports,Schimmel-Paucek,118,2015-10-13
283,TELLUS,Donec dapibus. Duis at velit eu est congue elementum. In hac habitasse platea dictumst.,5,PC,fighting,"Boyle, Hintz and Wolf",11,1994-11-09
284,IN EST,Nunc purus. Phasellus in felis. Donec semper sapien a libero.,6,Switch,simulation,"Swift, Spinka and Pfeffer",74,2002-06-03
285,DAPIBUS NULLA,Mauris sit amet eros. Suspendisse accumsan tortor quis turpis. Sed ante.,4,PS5,puzzle,"Beahan, Ratke and Gerhold",3,2017-06-23
286,NON LECTUS,Nulla tempus.,46,PS5,action,Rosenbaum-Zieme,23,2010-12-02
287,ACCUMSAN TELLUS NISI EU ORCI,Mauris sit amet eros. Suspendisse accumsan tortor quis turpis.,4,PC,stealth,Miller Inc,317,2021-01-30
288,FAUCIBUS ORCI LUCTUS,"Vestibulum ante ipsum primis in faucibus orci luctus et ultrices posuere cubilia Curae; Donec pharetra, magna vestibulum aliquet ultrices, erat tortor sollicitudin mi, sit amet lobortis sapien sapien non mi.",53,Switch,puzzle,Dicki Inc,109,2007-05-28
289,NISL NUNC,Nulla justo. Aliquam quis turpis eget elit sodales scelerisque.,7,PS5,platformer,Kuhlman-Koepp,95,1999-05-07
290,AUGUE ALIQUAM,"Curabitur in libero ut massa volutpat convallis. Morbi odio odio, elementum eu, interdum eu, tincidunt in, leo. Maecenas pulvinar lobortis est.",11,Switch,sandbox,"VonRueden, Cole and Baumbach",409,2017-03-09
291,POSUERE,Integer ac leo.,38,PS5,racing,"Hirthe, Metz and Schuppe",188,2023-08-28
292,PULVINAR SED NISL NUNC,Sed sagittis.,23,PC,sports,Stehr-Thompson,205,1995-12-07
293,CONGUE RISUS SEMPER,Praesent blandit lacinia erat. Vestibulum sed magna at nunc commodo placerat.,53,Switch,sandbox,Baumbach-Witting,400,2023-05-30
294,NULLA,"Cras pellentesque volutpat dui. Maecenas tristique, est et tempus semper, est quam pharetra magna, ac consequat metus sapien ut nunc. Vestibulum ante ipsum primis in faucibus orci luctus et ultrices posuere cubilia Curae; Mauris viverra diam vitae quam.",41,PS5,strategy,Langosh LLC,130,2016-07-28
295,QUAM,"Fusce congue, diam id ornare imperdiet, sapien urna pretium nisl, ut volutpat sapien arcu sed augue. Aliquam erat volutpat. In congue.",20,Switch,simulation,Murphy Group,451,2023-05-03
296,SED INTERDUM VENENATIS TURPIS,Nulla suscipit ligula in lacus.,33,Xbox,racing,Dickinson-Lemke,199,2008-04-15
297,TEMPUS VIVAMUS IN FELIS,"Mauris ullamcorper purus sit amet nulla. Quisque arcu libero, rutrum ac, lobortis vel, dapibus at, diam. Nam tristique tortor eu pede.",44,Xbox,sandbox,"Hahn, Emard and Wunsch",402,2021-05-14
298,SUSCIPIT A FEUGIAT ET EROS,"Lorem ipsum dolor sit amet, consectetuer adipiscing elit. Proin risus.",29,Xbox,fighting,Connelly Inc,422,2003-05-08
299,DUI LUCTUS,"In hac habitasse platea dictumst. Aliquam augue quam, sollicitudin vitae, consectetuer eget, rutrum at, lorem. Integer tincidunt ante vel ipsum.",48,Switch,platformer,Towne Group,194,2017-10-01
300,SED TINCIDUNT EU,"Morbi vestibulum, velit id pretium iaculis, diam erat fermentum justo, nec condimentum neque sapien placerat ante. Nulla justo. Aliquam quis turpis eget elit sodales scelerisque.",38,Switch,strategy,Purdy-Volkman,238,2000-12-11
301,NISI AT,Sed accumsan felis. Ut at dolor quis odio consequat varius. Integer ac leo.,17,Switch,party,Ruecker-Zulauf,70,2013-03-11
302,MAECENAS TINCIDUNT LACUS AT,Mauris lacinia sapien quis libero. Nullam sit amet turpis elementum ligula vehicula consequat.,29,Switch,sports,Koch Group,189,1995-03-12
303,NAM NULLA INTEGER PEDE,Fusce consequat.,15,PS5,sandbox,Harber-Schinner,435,1996-04-20
304,PRIMIS,Vivamus vestibulum sagittis sapien.,49,PC,strategy,Blick-Boehm,97,2014-06-27
305,MONTES,Nullam molestie nibh in lectus. Pellentesque at nulla. Suspendisse potenti.,44,PC,horror,Bednar-Hilpert,123,2008-05-17
306,TINCIDUNT,Suspendisse potenti.,59,Switch,sports,Heathcote-Ruecker,497,2003-01-08
307,ULTRICES ALIQUET MAECENAS LEO ODIO,"Suspendisse ornare consequat lectus. In est risus, auctor sed, tristique in, tempus sit amet, sem.",11,Xbox,party,Hintz Inc,28,2015-04-20
308,TINCIDUNT LACUS AT VELIT VIVAMUS,Donec ut dolor.,20,Xbox,sandbox,"Orn, Schowalter and Feeney",378,2013-01-13
309,A LIBERO,Integer non velit.,44,Xbox,fighting,Keebler Inc,468,1994-06-14
310,PELLENTESQUE QUISQUE PORTA,"Nam dui. Proin leo odio, porttitor id, consequat in, consequat ut, nulla.",38,PS5,simulation,Ritchie-Hermiston,152,2004-12-14
311,LACUS AT VELIT VIVAMUS,Aliquam erat volutpat. In congue.,57,Xbox,horror,"Pfeffer, Brekke and McDermott",381,2015-01-04
312,NAM DUI PROIN,Mauris ullamcorper purus sit amet nulla.,17,Xbox,adventure,"Jones, O'Reilly and Borer",398,2016-12-23
313,MAGNA BIBENDUM IMPERDIET,Vivamus vel nulla eget eros elementum pellentesque. Quisque porta volutpat erat.,60,Xbox,fighting,Effertz-Mayert,455,2012-01-31
314,ORCI EGET ORCI VEHICULA CONDIMENTUM,"Aliquam augue quam, sollicitudin vitae, consectetuer eget, rutrum at, lorem. Integer tincidunt ante vel ipsum. Praesent blandit lacinia erat.",41,Xbox,horror,Lindgren and Sons,296,2000-08-02
315,AT TURPIS A PEDE,"Quisque id justo sit amet sapien dignissim vestibulum. Vestibulum ante ipsum primis in faucibus orci luctus et ultrices posuere cubilia Curae; Nulla dapibus dolor vel est. Donec odio justo, sollicitudin ut, suscipit a, feugiat et, eros.",30,PS5,stealth,Pacocha LLC,458,2012-12-04
316,DUI NEC NISI VOLUTPAT ELEIFEND,Ut tellus.,50,Switch,fighting,Batz Inc,259,2006-07-15
317,POSUERE METUS,"Duis bibendum, felis sed interdum venenatis, turpis enim blandit mi, in porttitor pede justo eu massa. Donec dapibus.",16,Xbox,strategy,"Huel, Pfeffer and Cole",409,2000-09-12
318,IMPERDIET,"Cum sociis natoque penatibus et magnis dis parturient montes, nascetur ridiculus mus. Etiam vel augue.",31,PC,music,"Maggio, Crist and Auer",237,2020-09-05
319,SOLLICITUDIN MI SIT AMET,In quis justo. Maecenas rhoncus aliquam lacus. Morbi quis tortor id nulla ultrices aliquet.,14,Xbox,puzzle,Volkman-Volkman,299,2014-07-24
320,CONSEQUAT MORBI A IPSUM,Mauris lacinia sapien quis libero.,11,PC,fighting,Dooley LLC,87,2024-04-14
321,AMET DIAM IN,"Phasellus id sapien in sapien iaculis congue. Vivamus metus arcu, adipiscing molestie, hendrerit at, vulputate vitae, nisl.",11,PC,strategy,Moore Inc,5,2015-09-13
322,COMMODO VULPUTATE JUSTO IN BLANDIT,Suspendisse accumsan tortor quis turpis. Sed ante. Vivamus tortor.,5,Switch,strategy,Shields Inc,496,2008-07-23
323,HABITASSE PLATEA DICTUMST MORBI,Nullam porttitor lacus at turpis. Donec posuere metus vitae ipsum. Aliquam non mauris.,45,PS5,sports,"Purdy, Weber and Schulist",384,2019-12-19
324,AT FEUGIAT NON PRETIUM QUIS,Nunc purus.,5,Xbox,platformer,Wisozk LLC,471,1995-05-30
325,SED,"Nulla neque libero, convallis eget, eleifend luctus, ultricies eu, nibh. Quisque id justo sit amet sapien dignissim vestibulum.",56,PS5,RPG,Fay-Schuppe,271,2012-11-29
326,EROS SUSPENDISSE ACCUMSAN TORTOR,"Curabitur at ipsum ac tellus semper interdum. Mauris ullamcorper purus sit amet nulla. Quisque arcu libero, rutrum ac, lobortis vel, dapibus at, diam.",8,PC,racing,Witting Inc,195,2005-05-11
327,PRAESENT BLANDIT LACINIA,"Morbi non lectus. Aliquam sit amet diam in magna bibendum imperdiet. Nullam orci pede, venenatis non, sodales sed, tincidunt eu, felis.",32,PC,simulation,Bogisich and Sons,240,2021-07-26
328,SOCIIS NATOQUE PENATIBUS ET MAGNIS,Suspendisse potenti.,26,PC,sandbox,Moen LLC,283,2019-08-03
329,CUM SOCIIS NATOQUE PENATIBUS,Curabitur gravida nisi at nibh. In hac habitasse platea dictumst.,5,Switch,puzzle,"Howe, Feest and Friesen",496,2004-11-05
330,INTEGER ALIQUET,Suspendisse potenti.,8,PS5,horror,"Roberts, Renner and Beer",88,2015-01-27
331,DONEC POSUERE METUS,Integer ac leo.,21,PS5,adventure,"Pfeffer, Jenkins and Collins",11,1995-04-15
332,ARCU ADIPISCING MOLESTIE,"Lorem ipsum dolor sit amet, consectetuer adipiscing elit.",14,PC,racing,Tromp-Predovic,296,2009-07-08
333,CONDIMENTUM CURABITUR IN LIBERO,"Nulla neque libero, convallis eget, eleifend luctus, ultricies eu, nibh. Quisque id justo sit amet sapien dignissim vestibulum.",24,PC,RPG,"Bartoletti, Turner and Kreiger",150,2001-07-15
334,NON,"Donec diam neque, vestibulum eget, vulputate ut, ultrices vel, augue. Vestibulum ante ipsum primis in faucibus orci luctus et ultrices posuere cubilia Curae; Donec pharetra, magna vestibulum aliquet ultrices, erat tortor sollicitudin mi, sit amet lobortis sapien sapien non mi. Integer ac neque.",11,Switch,adventure,Little Inc,55,2009-06-24
335,PARTURIENT MONTES,"Maecenas tristique, est et tempus semper, est quam pharetra magna, ac consequat metus sapien ut nunc.",14,PS5,simulation,"Turner, Hessel and Pagac",392,2013-03-21
336,FUSCE LACUS PURUS ALIQUET AT,"Mauris ullamcorper purus sit amet nulla. Quisque arcu libero, rutrum ac, lobortis vel, dapibus at, diam. Nam tristique tortor eu pede.",29,Xbox,adventure,"Paucek, Feil and Price",222,1997-04-28
337,LACUS AT VELIT VIVAMUS,Vestibulum ante ipsum primis in faucibus orci luctus et ultrices posuere cubilia Curae; Duis faucibus accumsan odio.,38,PS5,sports,Purdy-Kuvalis,216,2007-05-25
338,PRIMIS IN FAUCIBUS ORCI,Pellentesque eget nunc.,18,Switch,party,Strosin-Connelly,385,2017-06-06
339,POSUERE FELIS SED LACUS,Phasellus sit amet erat.,42,Xbox,horror,"Weissnat, Weber and King",437,1998-02-04
340,DICTUMST MAECENAS UT MASSA QUIS,Nullam varius. Nulla facilisi.,33,PC,party,Zulauf-Dibbert,467,2023-05-04
341,IN IMPERDIET ET,Integer non velit.,40,PC,platformer,Pouros-Reichert,125,1996-11-15
342,NON,Suspendisse ornare consequat lectus.,33,PC,action,"Goldner, Schuster and Kunde",85,2012-04-28
343,VELIT,Praesent id massa id nisl venenatis lacinia. Aenean sit amet justo.,29,Switch,sandbox,Mayer-Leannon,386,2021-07-19
344,JUSTO NEC,"Cras pellentesque volutpat dui. Maecenas tristique, est et tempus semper, est quam pharetra magna, ac consequat metus sapien ut nunc.",18,PS5,racing,Satterfield-King,136,2005-06-06
345,DONEC POSUERE METUS VITAE IPSUM,"Nunc nisl. Duis bibendum, felis sed interdum venenatis, turpis enim blandit mi, in porttitor pede justo eu massa. Donec dapibus.",38,PC,fighting,"Kohler, McCullough and Sporer",147,1995-01-07
346,SIT AMET LOBORTIS SAPIEN SAPIEN,Proin eu mi.,49,Xbox,strategy,Abernathy-Collier,349,2010-01-02
347,CONVALLIS,Phasellus sit amet erat.,14,Xbox,simulation,"Steuber, Hoeger and Baumbach",416,2023-08-20
348,IN EST RISUS,Proin at turpis a pede posuere nonummy. Integer non velit.,40,PS5,sandbox,"Schimmel, Brown and Padberg",287,1999-05-09
349,DAPIBUS,Proin interdum mauris non ligula pellentesque ultrices. Phasellus id sapien in sapien iaculis congue.,16,PC,platformer,"Hayes, Towne and Thiel",76,2000-03-17
350,IMPERDIET ET COMMODO VULPUTATE JUSTO,Mauris lacinia sapien quis libero. Nullam sit amet turpis elementum ligula vehicula consequat. Morbi a ipsum.,5,PC,platformer,Halvorson Inc,500,2011-11-07
351,ORCI LUCTUS ET,Nunc purus. Phasellus in felis. Donec semper sapien a libero.,4,Switch,horror,"Flatley, Ebert and Abshire",388,2015-07-23
352,VESTIBULUM RUTRUM RUTRUM NEQUE AENEAN,Vestibulum rutrum rutrum neque.,41,Xbox,simulation,"Nolan, Weissnat and Stamm",250,2005-01-25
353,VELIT EU EST CONGUE ELEMENTUM,Quisque ut erat.,12,PS5,adventure,"Olson, Turcotte and Maggio",93,2014-10-16
354,ALIQUAM NON MAURIS MORBI NON,Aenean fermentum. Donec ut mauris eget massa tempor convallis.,5,PS5,party,"Williamson, Gibson and Grimes",26,1998-12-05
355,VESTIBULUM VESTIBULUM ANTE IPSUM PRIMIS,Nullam sit amet turpis elementum ligula vehicula consequat.,54,PC,party,Reichert-Shields,429,2019-08-11
356,NULLAM PORTTITOR,"Integer aliquet, massa id lobortis convallis, tortor risus dapibus augue, vel accumsan tellus nisi eu orci. Mauris lacinia sapien quis libero.",56,Xbox,party,"Renner, Dare and Haag",78,2016-08-16
357,ULTRICES VEL,Vestibulum rutrum rutrum neque. Aenean auctor gravida sem.,38,Switch,fighting,"Hartmann, Schmitt and Bogan",78,2015-06-26
358,NULLA INTEGER,"In tempor, turpis nec euismod scelerisque, quam turpis adipiscing lorem, vitae mattis nibh ligula nec sem.",25,PS5,simulation,Kshlerin-Maggio,477,2006-01-16
359,SUSPENDISSE POTENTI NULLAM PORTTITOR,Duis bibendum.,2,PC,horror,Nicolas and Sons,420,2007-11-26
360,MI,Maecenas ut massa quis augue luctus tincidunt. Nulla mollis molestie lorem.,20,Xbox,adventure,Bartoletti-Kohler,128,2013-06-03
361,NAM,Vestibulum rutrum rutrum neque.,60,Switch,racing,Goldner-Kessler,430,2002-09-07
362,RHONCUS,"Mauris enim leo, rhoncus sed, vestibulum sit amet, cursus id, turpis.",6,PS5,horror,"Brakus, Mayert and Parker",381,2008-08-30
363,ELEIFEND LUCTUS ULTRICIES,"Quisque erat eros, viverra eget, congue eget, semper rutrum, nulla. Nunc purus.",40,Xbox,adventure,Kerluke-Stroman,498,2011-10-04
364,SED NISL NUNC RHONCUS DUI,Maecenas tincidunt lacus at velit. Vivamus vel nulla eget eros elementum pellentesque. Quisque porta volutpat erat.,40,Xbox,action,"O'Reilly, Stokes and Berge",166,2011-07-19
365,PELLENTESQUE,In quis justo. Maecenas rhoncus aliquam lacus. Morbi quis tortor id nulla ultrices aliquet.,6,Xbox,puzzle,"Torphy, Larkin and Ryan",281,2024-06-29
366,RUTRUM NULLA NUNC,Sed vel enim sit amet nunc viverra dapibus. Nulla suscipit ligula in lacus. Curabitur at ipsum ac tellus semper interdum.,18,Xbox,party,Hodkiewicz and Sons,7,2001-04-25
367,SEMPER EST,In sagittis dui vel nisl.,27,Switch,racing,"Farrell, O'Kon and Ward",1,2006-08-15
368,NUNC DONEC,Proin eu mi. Nulla ac enim.,47,PC,puzzle,"Beahan, Thompson and Harber",169,2011-07-25
369,DIAM,"Suspendisse potenti. Cras in purus eu magna vulputate luctus. Cum sociis natoque penatibus et magnis dis parturient montes, nascetur ridiculus mus.",3,PS5,puzzle,"Hoeger, Kassulke and Parker",203,2011-01-01
370,NISI AT NIBH IN HAC,"Donec odio justo, sollicitudin ut, suscipit a, feugiat et, eros. Vestibulum ac est lacinia nisi venenatis tristique.",58,Switch,fighting,Ondricka Group,392,2011-06-23
371,SUSPENDISSE POTENTI CRAS IN PURUS,Ut at dolor quis odio consequat varius. Integer ac leo. Pellentesque ultrices mattis odio.,15,PS5,party,"Murray, Simonis and Schroeder",117,2001-12-25
372,MORBI NON,"Quisque erat eros, viverra eget, congue eget, semper rutrum, nulla.",12,Xbox,stealth,Osinski-Huels,148,2013-08-05
373,VIVERRA PEDE AC DIAM CRAS,Praesent blandit lacinia erat.,12,PS5,sports,Langworth-Hodkiewicz,489,2004-04-28
374,VELIT DONEC DIAM NEQUE VESTIBULUM,"Proin leo odio, porttitor id, consequat in, consequat ut, nulla. Sed accumsan felis.",52,Switch,puzzle,Schumm-Casper,490,1994-08-03
375,BLANDIT,"In blandit ultrices enim. Lorem ipsum dolor sit amet, consectetuer adipiscing elit.",55,Xbox,RPG,"Crooks, DuBuque and Schuppe",285,2013-10-28
376,ALIQUAM SIT AMET DIAM IN,Etiam vel augue.,9,PC,sandbox,"Williamson, Mraz and Pollich",465,2018-08-27
377,A LIBERO NAM,"Lorem ipsum dolor sit amet, consectetuer adipiscing elit.",60,PC,racing,Becker-Farrell,97,2007-03-07
378,FELIS DONEC SEMPER,Morbi non quam nec dui luctus rutrum.,5,Xbox,racing,"Satterfield, Jacobi and Treutel",339,1995-01-07
379,INTEGER ALIQUET MASSA ID,Suspendisse potenti.,15,Switch,sandbox,"Hintz, Pagac and Armstrong",221,2007-06-10
380,MORBI ODIO ODIO ELEMENTUM EU,"Quisque porta volutpat erat. Quisque erat eros, viverra eget, congue eget, semper rutrum, nulla. Nunc purus.",46,Xbox,adventure,"Barrows, Paucek and Rodriguez",305,2007-10-10
381,NEQUE VESTIBULUM EGET,"Morbi vestibulum, velit id pretium iaculis, diam erat fermentum justo, nec condimentum neque sapien placerat ante.",41,Xbox,racing,Lindgren-Ullrich,17,2007-04-05
382,VESTIBULUM ANTE IPSUM PRIMIS,Nunc purus. Phasellus in felis. Donec semper sapien a libero.,5,PS5,sandbox,"Grimes, Welch and Kautzer",410,2023-03-30
383,MAECENAS UT MASSA QUIS,"Morbi odio odio, elementum eu, interdum eu, tincidunt in, leo. Maecenas pulvinar lobortis est. Phasellus sit amet erat.",24,PS5,stealth,Zemlak-Nikolaus,69,2016-02-12
384,ULLAMCORPER PURUS SIT AMET NULLA,Vivamus in felis eu sapien cursus vestibulum.,44,Xbox,RPG,"Lakin, Corwin and Hane",135,2000-11-16
385,PROIN AT,"Lorem ipsum dolor sit amet, consectetuer adipiscing elit. Proin risus.",28,PS5,horror,"Bernier, Barrows and Hodkiewicz",139,2010-06-20
386,SEMPER RUTRUM NULLA,Aenean sit amet justo. Morbi ut odio.,22,PC,action,Lind-Kohler,497,1999-07-17
387,PRIMIS IN FAUCIBUS ORCI,Vivamus in felis eu sapien cursus vestibulum.,51,Xbox,adventure,Kassulke Group,43,2021-07-07
388,MATTIS NIBH LIGULA NEC,Vestibulum ante ipsum primis in faucibus orci luctus et ultrices posuere cubilia Curae; Nulla dapibus dolor vel est.,2,Switch,simulation,Graham LLC,40,1999-09-09
389,ERAT VESTIBULUM,Nulla tempus.,58,PS5,simulation,"Tremblay, Gleichner and Ledner",287,2014-09-27
390,COMMODO VULPUTATE JUSTO,Praesent id massa id nisl venenatis lacinia. Aenean sit amet justo. Morbi ut odio.,21,PS5,platformer,"Harris, Borer and Paucek",322,2014-06-05
391,ENIM LOREM IPSUM DOLOR SIT,"Nulla neque libero, convallis eget, eleifend luctus, ultricies eu, nibh.",18,Xbox,racing,"Swift, Torphy and Hudson",161,2022-05-30
392,VESTIBULUM,Sed ante. Vivamus tortor.,41,Xbox,sandbox,Bogan Inc,459,2003-09-15
393,PLATEA DICTUMST ETIAM FAUCIBUS CURSUS,Maecenas ut massa quis augue luctus tincidunt. Nulla mollis molestie lorem.,22,PC,fighting,Lindgren-Frami,288,2012-12-05
394,ID SAPIEN IN SAPIEN IACULIS,Curabitur in libero ut massa volutpat convallis.,25,Xbox,sandbox,Murray Inc,384,2021-12-19
395,CRAS MI PEDE,"Vestibulum ante ipsum primis in faucibus orci luctus et ultrices posuere cubilia Curae; Donec pharetra, magna vestibulum aliquet ultrices, erat tortor sollicitudin mi, sit amet lobortis sapien sapien non mi.",28,PC,puzzle,Murray LLC,410,2020-10-06
396,RIDICULUS MUS,Morbi non quam nec dui luctus rutrum. Nulla tellus. In sagittis dui vel nisl.,41,Switch,sports,Ferry and Sons,153,2006-11-09
397,PRAESENT BLANDIT LACINIA ERAT,"Donec vitae nisi. Nam ultrices, libero non mattis pulvinar, nulla pede ullamcorper augue, a suscipit nulla elit ac nulla. Sed vel enim sit amet nunc viverra dapibus.",47,Switch,sandbox,O'Hara LLC,9,2013-11-23
398,INTEGER ALIQUET MASSA ID LOBORTIS,Praesent id massa id nisl venenatis lacinia.,52,Xbox,fighting,"Ortiz, Robel and Lesch",16,2004-03-24
399,VESTIBULUM,"Proin at turpis a pede posuere nonummy. Integer non velit. Donec diam neque, vestibulum eget, vulputate ut, ultrices vel, augue.",30,PS5,fighting,Bayer-Ankunding,68,2020-05-01
400,EU ORCI MAURIS LACINIA SAPIEN,"Donec vitae nisi. Nam ultrices, libero non mattis pulvinar, nulla pede ullamcorper augue, a suscipit nulla elit ac nulla. Sed vel enim sit amet nunc viverra dapibus.",9,Xbox,platformer,VonRueden-Lakin,413,2013-10-14
401,NULLA ELIT AC,Ut at dolor quis odio consequat varius.,21,PS5,racing,Brekke and Sons,109,2003-08-10
402,POTENTI NULLAM,"Donec vitae nisi. Nam ultrices, libero non mattis pulvinar, nulla pede ullamcorper augue, a suscipit nulla elit ac nulla. Sed vel enim sit amet nunc viverra dapibus.",26,PS5,platformer,"Batz, Kutch and Lakin",215,2000-06-18
403,IN,Suspendisse potenti.,16,Switch,racing,Beer-Beatty,98,2017-08-17
404,TINCIDUNT EGET TEMPUS VEL,Etiam pretium iaculis justo. In hac habitasse platea dictumst. Etiam faucibus cursus urna.,50,PS5,adventure,Terry Inc,72,1995-03-28
405,AT NULLA SUSPENDISSE,Nullam porttitor lacus at turpis.,39,PC,racing,"Walker, Block and Leuschke",459,2003-04-13
406,VIVERRA DIAM,Cras non velit nec nisi vulputate nonummy. Maecenas tincidunt lacus at velit.,39,Xbox,adventure,Hirthe-Stanton,253,2019-03-30
407,DONEC VITAE NISI NAM,"Cum sociis natoque penatibus et magnis dis parturient montes, nascetur ridiculus mus. Etiam vel augue.",35,Xbox,platformer,Armstrong-Olson,441,1997-11-29
408,FRINGILLA,"Duis bibendum, felis sed interdum venenatis, turpis enim blandit mi, in porttitor pede justo eu massa.",52,Xbox,puzzle,"Satterfield, Veum and Osinski",493,2011-11-09
409,IPSUM,Donec semper sapien a libero.,27,PS5,racing,"Greenfelder, Waelchi and Marks",480,2001-09-24
410,QUIS JUSTO MAECENAS,Sed ante. Vivamus tortor.,5,Xbox,music,"Hirthe, Torphy and Fahey",445,2022-10-12
411,LACINIA AENEAN SIT,Vestibulum ante ipsum primis in faucibus orci luctus et ultrices posuere cubilia Curae; Mauris viverra diam vitae quam.,19,Xbox,horror,"Pollich, Ankunding and Deckow",371,1999-08-18
412,QUAM PHARETRA MAGNA,"Morbi vestibulum, velit id pretium iaculis, diam erat fermentum justo, nec condimentum neque sapien placerat ante. Nulla justo.",33,PS5,sports,"Weimann, Olson and Torp",120,2002-08-18
413,PROIN INTERDUM,Nulla tellus. In sagittis dui vel nisl. Duis ac nibh.,1,PS5,puzzle,Ward-Thiel,82,2009-09-24
414,VENENATIS TRISTIQUE FUSCE CONGUE DIAM,"Maecenas leo odio, condimentum id, luctus nec, molestie sed, justo. Pellentesque viverra pede ac diam.",39,Xbox,stealth,Yost-Runolfsdottir,111,2011-08-21
415,DONEC POSUERE METUS VITAE IPSUM,"Integer pede justo, lacinia eget, tincidunt eget, tempus vel, pede. Morbi porttitor lorem id ligula. Suspendisse ornare consequat lectus.",2,PC,party,Cole-Waelchi,51,2003-07-09
416,DIS,"Donec semper sapien a libero. Nam dui. Proin leo odio, porttitor id, consequat in, consequat ut, nulla.",28,Switch,puzzle,Boyle Group,348,2019-11-16
417,IPSUM DOLOR SIT AMET CONSECTETUER,In eleifend quam a odio.,4,PC,RPG,"Dickinson, Marks and Larson",19,2014-03-05
418,TORTOR RISUS DAPIBUS AUGUE,"Morbi quis tortor id nulla ultrices aliquet. Maecenas leo odio, condimentum id, luctus nec, molestie sed, justo.",3,PS5,racing,"Simonis, Macejkovic and Ullrich",107,2006-01-21
419,JUSTO ALIQUAM QUIS TURPIS EGET,Mauris lacinia sapien quis libero. Nullam sit amet turpis elementum ligula vehicula consequat.,7,Xbox,puzzle,"Thiel, Zboncak and Botsford",20,2018-02-22
420,ORCI NULLAM MOLESTIE NIBH,In hac habitasse platea dictumst.,24,PC,platformer,Kerluke LLC,171,2017-01-07
421,SODALES,"In tempor, turpis nec euismod scelerisque, quam turpis adipiscing lorem, vitae mattis nibh ligula nec sem. Duis aliquam convallis nunc. Proin at turpis a pede posuere nonummy.",42,PC,fighting,"Walsh, Terry and O'Keefe",86,2012-12-14
422,ET ULTRICES POSUERE CUBILIA,"Donec odio justo, sollicitudin ut, suscipit a, feugiat et, eros.",44,Xbox,music,"Lind, McCullough and Williamson",273,2021-10-17
423,VEL,Aenean lectus.,7,PC,stealth,"Gerhold, Grady and Kshlerin",245,2010-01-18
424,SODALES SED TINCIDUNT,Integer a nibh. In quis justo.,15,PC,party,Moen-Okuneva,127,1998-09-01
425,EGET,Curabitur convallis.,3,Switch,simulation,"Miller, Wuckert and Hayes",328,2002-01-30
426,EST PHASELLUS,Aenean auctor gravida sem. Praesent id massa id nisl venenatis lacinia. Aenean sit amet justo.,11,Switch,stealth,"Beer, Terry and Waters",12,2007-06-08
427,POSUERE METUS,"Proin interdum mauris non ligula pellentesque ultrices. Phasellus id sapien in sapien iaculis congue. Vivamus metus arcu, adipiscing molestie, hendrerit at, vulputate vitae, nisl.",18,Xbox,fighting,Durgan-Zemlak,52,2006-03-07
428,ALIQUET MAECENAS LEO,Nulla ut erat id mauris vulputate elementum. Nullam varius.,39,Xbox,music,Ernser-Marquardt,174,2010-01-31
429,NULLAM,Morbi non lectus. Aliquam sit amet diam in magna bibendum imperdiet.,10,Switch,racing,Heathcote and Sons,268,2013-07-18
430,RIDICULUS MUS,Etiam pretium iaculis justo. In hac habitasse platea dictumst. Etiam faucibus cursus urna.,41,PC,action,Purdy Group,137,2023-08-10
431,VELIT DONEC DIAM,Etiam pretium iaculis justo. In hac habitasse platea dictumst.,53,PS5,platformer,"Treutel, Runolfsdottir and Nolan",29,2012-09-07
432,DICTUMST ALIQUAM AUGUE QUAM,In hac habitasse platea dictumst.,7,Switch,RPG,Cummerata-VonRueden,227,2014-05-02
433,ELEMENTUM NULLAM,"Vestibulum ante ipsum primis in faucibus orci luctus et ultrices posuere cubilia Curae; Nulla dapibus dolor vel est. Donec odio justo, sollicitudin ut, suscipit a, feugiat et, eros. Vestibulum ac est lacinia nisi venenatis tristique.",37,Switch,RPG,"Okuneva, Cassin and Sipes",343,2020-02-27
434,RIDICULUS,"Cras pellentesque volutpat dui. Maecenas tristique, est et tempus semper, est quam pharetra magna, ac consequat metus sapien ut nunc.",17,PS5,RPG,Waters-Koss,420,2021-03-17
435,IPSUM PRIMIS IN FAUCIBUS ORCI,Morbi a ipsum. Integer a nibh. In quis justo.,52,Xbox,horror,"Halvorson, Huels and Murphy",202,2025-02-14
436,DOLOR SIT AMET,Quisque porta volutpat erat.,55,PS5,music,Homenick-Rippin,338,2004-06-26
437,QUAM A ODIO IN,Etiam faucibus cursus urna.,49,PC,stealth,"Halvorson, Connelly and Connelly",52,2004-02-04
438,VEL AUGUE,"Nam ultrices, libero non mattis pulvinar, nulla pede ullamcorper augue, a suscipit nulla elit ac nulla. Sed vel enim sit amet nunc viverra dapibus. Nulla suscipit ligula in lacus.",14,PC,action,Heller-Walsh,22,1998-08-20
439,PROIN,Duis ac nibh.,15,PC,stealth,"Schiller, Baumbach and Watsica",192,2003-02-13
440,EU SAPIEN CURSUS VESTIBULUM,Etiam justo.,45,Switch,platformer,Harvey and Sons,107,2010-08-07
441,BLANDIT LACINIA ERAT VESTIBULUM SED,"Donec odio justo, sollicitudin ut, suscipit a, feugiat et, eros.",28,PC,fighting,Treutel-Bogan,261,1997-07-23
442,CONSEQUAT METUS SAPIEN,Etiam faucibus cursus urna.,34,Switch,sports,"Heidenreich, Bailey and Walker",442,2009-11-08
443,EGET,Cras non velit nec nisi vulputate nonummy. Maecenas tincidunt lacus at velit.,32,PS5,strategy,"Kihn, Bartoletti and Keebler",30,2021-02-24
444,NULLA TEMPUS VIVAMUS,"Lorem ipsum dolor sit amet, consectetuer adipiscing elit.",54,PS5,party,Weissnat-Fritsch,449,1997-12-21
445,LIBERO QUIS,Nam dui.,45,PS5,platformer,Mosciski-Schinner,251,2004-12-06
446,RISUS DAPIBUS AUGUE VEL,Vestibulum sed magna at nunc commodo placerat. Praesent blandit.,48,Switch,puzzle,Block-Schinner,424,1996-12-02
447,PRETIUM IACULIS JUSTO IN HAC,Nunc purus.,28,Xbox,sports,Reynolds Group,434,2011-06-12
448,LIGULA SUSPENDISSE ORNARE,Donec quis orci eget orci vehicula condimentum.,25,PC,stealth,Schulist and Sons,370,2021-02-26
449,METUS SAPIEN UT NUNC VESTIBULUM,Nulla justo. Aliquam quis turpis eget elit sodales scelerisque. Mauris sit amet eros.,49,Switch,racing,Wehner-Monahan,106,1997-05-06
450,VOLUTPAT IN,Phasellus in felis. Donec semper sapien a libero.,51,Xbox,fighting,Crooks Group,293,2001-06-02
451,BIBENDUM IMPERDIET,Duis at velit eu est congue elementum.,9,PC,adventure,Dibbert Group,383,2020-08-13
452,ENIM LEO RHONCUS,Nulla justo. Aliquam quis turpis eget elit sodales scelerisque.,54,Switch,racing,Mitchell LLC,156,2015-08-31
453,FUSCE,Suspendisse potenti.,10,Switch,party,"Trantow, Blanda and Pfeffer",435,2022-06-25
454,TRISTIQUE IN TEMPUS SIT AMET,Proin at turpis a pede posuere nonummy. Integer non velit.,35,PC,party,"Jones, King and Schroeder",81,2002-06-21
455,SED VESTIBULUM,Etiam justo. Etiam pretium iaculis justo.,37,Xbox,stealth,Nitzsche Inc,397,2019-04-05
456,LACINIA NISI VENENATIS TRISTIQUE,"Morbi odio odio, elementum eu, interdum eu, tincidunt in, leo.",23,PC,simulation,"Jones, Flatley and Watsica",138,1997-11-27
457,NASCETUR RIDICULUS MUS,Nullam porttitor lacus at turpis. Donec posuere metus vitae ipsum.,13,Xbox,platformer,"Abshire, Greenfelder and Kutch",454,1997-01-22
458,ADIPISCING ELIT PROIN INTERDUM,Duis aliquam convallis nunc.,24,PC,horror,Jones-Abshire,84,2007-07-17
459,PRETIUM,Morbi non lectus.,23,Switch,sports,"Crona, Runte and Effertz",489,2008-04-24
460,UT MASSA,Etiam faucibus cursus urna.,5,Switch,music,Kirlin-Renner,237,1997-11-29
461,DIS PARTURIENT MONTES NASCETUR RIDICULUS,"Vivamus metus arcu, adipiscing molestie, hendrerit at, vulputate vitae, nisl.",55,Switch,racing,Dickens-Gorczany,249,2004-02-13
462,BIBENDUM IMPERDIET NULLAM,Nulla ac enim.,50,Xbox,puzzle,"Kris, Bailey and Stroman",238,2005-02-10
463,PELLENTESQUE QUISQUE,"Pellentesque ultrices mattis odio. Donec vitae nisi. Nam ultrices, libero non mattis pulvinar, nulla pede ullamcorper augue, a suscipit nulla elit ac nulla.",56,Switch,adventure,"Dietrich, Gleichner and Abshire",184,1997-07-08
464,ET ULTRICES POSUERE CUBILIA,"Cum sociis natoque penatibus et magnis dis parturient montes, nascetur ridiculus mus. Etiam vel augue. Vestibulum rutrum rutrum neque.",56,Xbox,RPG,Bednar Group,228,2015-07-18
465,MI INTEGER,"Maecenas tristique, est et tempus semper, est quam pharetra magna, ac consequat metus sapien ut nunc. Vestibulum ante ipsum primis in faucibus orci luctus et ultrices posuere cubilia Curae; Mauris viverra diam vitae quam.",11,Xbox,sports,Gleason Group,421,2002-08-16
466,AC,"Morbi ut odio. Cras mi pede, malesuada in, imperdiet et, commodo vulputate, justo.",52,PS5,fighting,Feeney Inc,413,2020-11-25
467,SCELERISQUE MAURIS SIT,Maecenas tincidunt lacus at velit. Vivamus vel nulla eget eros elementum pellentesque.,6,Xbox,music,Nolan Group,386,2021-05-12
468,VITAE,Quisque porta volutpat erat.,53,Switch,puzzle,O'Keefe-Botsford,339,2023-01-06
469,CUBILIA CURAE MAURIS VIVERRA,Morbi ut odio.,27,Xbox,music,"Mante, Quigley and Kemmer",90,2005-07-26
470,IN FELIS EU SAPIEN,Quisque porta volutpat erat.,28,Xbox,RPG,Yundt-Johnston,127,2005-06-07
471,TELLUS NISI,"Maecenas tristique, est et tempus semper, est quam pharetra magna, ac consequat metus sapien ut nunc.",25,PS5,simulation,Wyman Inc,269,2003-07-23
472,CONSECTETUER,Aenean auctor gravida sem. Praesent id massa id nisl venenatis lacinia.,48,Xbox,action,Turcotte-Mueller,420,2001-01-26
473,IN FAUCIBUS,Proin eu mi. Nulla ac enim.,50,PC,horror,"Feil, Spinka and Olson",464,2014-08-13
474,TINCIDUNT NULLA MOLLIS MOLESTIE LOREM,Duis consequat dui nec nisi volutpat eleifend.,30,Xbox,strategy,"Volkman, Douglas and Ferry",157,2005-06-24
475,UT SUSCIPIT,Suspendisse accumsan tortor quis turpis. Sed ante.,54,Switch,RPG,"Jacobson, Homenick and Deckow",312,2024-07-03
476,AENEAN LECTUS PELLENTESQUE EGET,"Curabitur gravida nisi at nibh. In hac habitasse platea dictumst. Aliquam augue quam, sollicitudin vitae, consectetuer eget, rutrum at, lorem.",33,Switch,puzzle,Reilly-Larkin,495,1994-06-21
477,FELIS UT AT,Nulla mollis molestie lorem.,15,PC,stealth,"Ferry, O'Hara and Price",101,2003-12-01
478,VENENATIS NON,Praesent id massa id nisl venenatis lacinia.,34,Switch,adventure,"Marquardt, Okuneva and Hauck",17,2023-01-22
479,QUAM,Pellentesque eget nunc. Donec quis orci eget orci vehicula condimentum. Curabitur in libero ut massa volutpat convallis.,39,PC,platformer,Gislason and Sons,441,2014-06-30
480,MAGNA VULPUTATE LUCTUS CUM SOCIIS,Donec dapibus. Duis at velit eu est congue elementum.,16,Switch,sports,"Mraz, Schulist and Roob",238,1996-10-21
481,DIAM CRAS,Duis bibendum.,15,Switch,adventure,"Runolfsdottir, Stehr and Thiel",9,2011-06-02
482,VENENATIS TURPIS,Integer non velit.,28,Switch,party,Cruickshank-Hahn,304,2024-09-05
483,RUTRUM NULLA NUNC,"Vestibulum quam sapien, varius ut, blandit non, interdum in, ante. Vestibulum ante ipsum primis in faucibus orci luctus et ultrices posuere cubilia Curae; Duis faucibus accumsan odio.",48,Switch,sports,Schoen-Sauer,362,2000-04-17
484,AMET SAPIEN,Vestibulum rutrum rutrum neque. Aenean auctor gravida sem.,48,Switch,sports,"O'Conner, Boyer and Torphy",90,2003-12-20
485,SEM PRAESENT,Vestibulum ante ipsum primis in faucibus orci luctus et ultrices posuere cubilia Curae; Duis faucibus accumsan odio. Curabitur convallis.,56,PC,simulation,"Kunde, Toy and Nicolas",152,2002-05-19
486,INTERDUM,Sed ante. Vivamus tortor.,40,Switch,horror,Oberbrunner and Sons,322,2011-05-04
487,IN LEO MAECENAS,Aliquam non mauris.,59,PS5,puzzle,"Heller, Murphy and Hoppe",6,2021-10-02
488,TEMPUS SEMPER EST QUAM PHARETRA,Vestibulum sed magna at nunc commodo placerat.,26,Xbox,stealth,Barrows LLC,109,2001-05-09
489,NASCETUR RIDICULUS MUS VIVAMUS,"Nam dui. Proin leo odio, porttitor id, consequat in, consequat ut, nulla.",52,PC,platformer,Cronin LLC,405,2005-06-25
490,EGET ELIT SODALES SCELERISQUE MAURIS,Morbi vel lectus in quam fringilla rhoncus.,32,Xbox,racing,Quigley-Monahan,424,2015-06-10
491,DAPIBUS DUIS,Nullam varius.,20,Xbox,platformer,Breitenberg Inc,103,2017-06-13
492,PORTTITOR PEDE JUSTO EU MASSA,"Maecenas leo odio, condimentum id, luctus nec, molestie sed, justo. Pellentesque viverra pede ac diam.",34,PS5,fighting,"Oberbrunner, Tremblay and Koelpin",136,2015-10-19
493,JUSTO ETIAM PRETIUM,Pellentesque eget nunc. Donec quis orci eget orci vehicula condimentum. Curabitur in libero ut massa volutpat convallis.,5,Switch,adventure,Bartell and Sons,178,1995-01-10
494,JUSTO IN BLANDIT ULTRICES ENIM,Cras non velit nec nisi vulputate nonummy. Maecenas tincidunt lacus at velit. Vivamus vel nulla eget eros elementum pellentesque.,32,PC,RPG,"Walker, Collier and Huels",86,2011-12-25
495,LUCTUS,Phasellus id sapien in sapien iaculis congue.,16,Xbox,RPG,Feeney-Borer,167,2021-01-06
496,ID,"Duis ac nibh. Fusce lacus purus, aliquet at, feugiat non, pretium quis, lectus.",36,PC,simulation,Jakubowski LLC,276,2024-07-15
497,NULLA ELIT AC NULLA SED,"Morbi vestibulum, velit id pretium iaculis, diam erat fermentum justo, nec condimentum neque sapien placerat ante. Nulla justo. Aliquam quis turpis eget elit sodales scelerisque.",49,PC,party,Cartwright-Hegmann,305,1999-05-22
498,NULLA QUISQUE ARCU,Pellentesque at nulla.,17,PS5,strategy,Harris-Bernhard,252,2006-10-18
499,INTERDUM,Mauris sit amet eros. Suspendisse accumsan tortor quis turpis. Sed ante.,46,Xbox,horror,"Hyatt, Thompson and Kautzer",283,2014-01-21
500,NULLA TELLUS IN SAGITTIS,In quis justo. Maecenas rhoncus aliquam lacus. Morbi quis tortor id nulla ultrices aliquet.,11,PS5,puzzle,Keeling and Sons,462,2013-11-10
501,LACINIA,In hac habitasse platea dictumst.,32,PC,adventure,Kulas-McGlynn,7,2008-08-27
502,FAUCIBUS ORCI,"Curabitur in libero ut massa volutpat convallis. Morbi odio odio, elementum eu, interdum eu, tincidunt in, leo. Maecenas pulvinar lobortis est.",33,Xbox,sandbox,"Langworth, Weber and Stark",24,2003-08-04
503,NUNC NISL DUIS BIBENDUM FELIS,"Cras mi pede, malesuada in, imperdiet et, commodo vulputate, justo. In blandit ultrices enim. Lorem ipsum dolor sit amet, consectetuer adipiscing elit.",40,Xbox,racing,"Lehner, Mohr and Orn",132,2015-10-26
504,ALIQUAM NON MAURIS,Morbi porttitor lorem id ligula. Suspendisse ornare consequat lectus.,48,PC,music,Koss-Conroy,325,1998-10-29
505,DICTUMST MORBI VESTIBULUM VELIT ID,"Morbi odio odio, elementum eu, interdum eu, tincidunt in, leo. Maecenas pulvinar lobortis est. Phasellus sit amet erat.",56,PC,music,Purdy-Kassulke,122,1998-03-06
506,CONVALLIS NULLA NEQUE LIBERO CONVALLIS,Aenean lectus. Pellentesque eget nunc.,4,Switch,action,Nikolaus-Hodkiewicz,370,2020-10-16
507,ORCI MAURIS,"Lorem ipsum dolor sit amet, consectetuer adipiscing elit.",43,PC,stealth,Murphy and Sons,385,2021-07-17
508,CONGUE DIAM,Nullam porttitor lacus at turpis. Donec posuere metus vitae ipsum.,59,Switch,horror,Donnelly LLC,294,2001-12-02
509,PEDE VENENATIS NON,Aenean fermentum. Donec ut mauris eget massa tempor convallis.,12,PS5,adventure,Collins-Johns,142,1995-12-02
510,NUNC NISL DUIS BIBENDUM,"Integer aliquet, massa id lobortis convallis, tortor risus dapibus augue, vel accumsan tellus nisi eu orci. Mauris lacinia sapien quis libero.",4,PC,strategy,Koepp LLC,196,2020-05-04
511,QUAM SUSPENDISSE POTENTI NULLAM PORTTITOR,"Morbi ut odio. Cras mi pede, malesuada in, imperdiet et, commodo vulputate, justo.",47,PC,horror,"Howell, Powlowski and Corwin",234,1999-02-07
512,NON VELIT NEC,Sed ante. Vivamus tortor.,55,Switch,RPG,Schuster-Jast,107,2004-08-03
513,PROIN LEO,Integer non velit.,59,Switch,sandbox,Sanford LLC,259,2014-04-12
514,EGET,"Duis ac nibh. Fusce lacus purus, aliquet at, feugiat non, pretium quis, lectus. Suspendisse potenti.",44,PS5,action,Hilll-King,294,2005-08-04
515,FAUCIBUS ORCI LUCTUS ET ULTRICES,Morbi non quam nec dui luctus rutrum. Nulla tellus.,25,Xbox,sports,"Fisher, Lynch and Schneider",277,2008-11-15
516,PHASELLUS,Duis ac nibh.,42,PS5,fighting,"Schuster, Bashirian and Pollich",361,2022-10-27
517,MAURIS EGET MASSA,"Aenean fermentum. Donec ut mauris eget massa tempor convallis. Nulla neque libero, convallis eget, eleifend luctus, ultricies eu, nibh.",37,PC,horror,Stroman-Nader,490,2004-04-12
518,SEM PRAESENT ID MASSA ID,"Fusce posuere felis sed lacus. Morbi sem mauris, laoreet ut, rhoncus aliquet, pulvinar sed, nisl. Nunc rhoncus dui vel sem.",4,PC,RPG,"Sanford, Pfannerstill and Murphy",15,2009-11-14
519,POSUERE NONUMMY INTEGER NON VELIT,Sed accumsan felis.,28,Xbox,sandbox,Schumm-Labadie,307,2002-08-23
520,MALESUADA IN IMPERDIET,Nullam varius. Nulla facilisi. Cras non velit nec nisi vulputate nonummy.,6,Switch,music,Bahringer Inc,334,2024-08-27
521,AT NULLA,Nunc nisl.,50,PC,sports,"Connelly, Cassin and Spencer",65,1994-05-10
522,LUCTUS ULTRICIES EU NIBH QUISQUE,Proin risus. Praesent lectus.,19,PC,racing,Metz-Stanton,34,2014-10-23
523,VULPUTATE,Pellentesque at nulla.,6,PC,sandbox,Blick-Schneider,103,1999-09-27
524,AC NIBH FUSCE LACUS,Morbi porttitor lorem id ligula. Suspendisse ornare consequat lectus.,39,PC,adventure,"Hartmann, O'Connell and Mosciski",172,2024-06-10
525,NIBH,Nullam porttitor lacus at turpis.,22,PC,sports,"Senger, Schmitt and Wyman",427,2003-02-17
526,IPSUM DOLOR,"Nam ultrices, libero non mattis pulvinar, nulla pede ullamcorper augue, a suscipit nulla elit ac nulla.",47,Switch,racing,McLaughlin Group,363,2024-04-15
527,ODIO PORTTITOR ID CONSEQUAT IN,In hac habitasse platea dictumst.,55,Switch,racing,Ortiz Group,152,2020-07-24
528,PEDE POSUERE NONUMMY,Donec dapibus. Duis at velit eu est congue elementum.,22,PS5,racing,Hills and Sons,50,2012-01-26
529,ETIAM PRETIUM IACULIS,Nullam sit amet turpis elementum ligula vehicula consequat.,60,Switch,platformer,"Daniel, Medhurst and Treutel",47,2001-11-27
530,IN QUAM FRINGILLA RHONCUS,Morbi a ipsum. Integer a nibh. In quis justo.,19,Switch,fighting,Mraz-Bradtke,272,2001-02-12
531,IN MAGNA BIBENDUM IMPERDIET,Mauris lacinia sapien quis libero.,42,Xbox,sandbox,Spencer LLC,187,2023-05-14
532,RUTRUM NULLA TELLUS IN SAGITTIS,"Mauris enim leo, rhoncus sed, vestibulum sit amet, cursus id, turpis. Integer aliquet, massa id lobortis convallis, tortor risus dapibus augue, vel accumsan tellus nisi eu orci.",42,PS5,action,Nolan-Witting,3,1994-09-24
533,ID TURPIS,Integer tincidunt ante vel ipsum. Praesent blandit lacinia erat.,16,PS5,horror,"Bahringer, Bruen and Fay",90,2024-04-14
534,QUAM,Duis consequat dui nec nisi volutpat eleifend.,25,Xbox,adventure,"Gulgowski, Bogan and Connelly",265,2020-01-18
535,EROS ELEMENTUM PELLENTESQUE QUISQUE PORTA,Nunc purus. Phasellus in felis. Donec semper sapien a libero.,8,PS5,strategy,Roob-Smitham,402,2004-10-25
536,SED MAGNA AT,"Maecenas leo odio, condimentum id, luctus nec, molestie sed, justo. Pellentesque viverra pede ac diam. Cras pellentesque volutpat dui.",43,PC,sports,Gutkowski and Sons,437,2012-03-28
537,HABITASSE PLATEA,"Aliquam augue quam, sollicitudin vitae, consectetuer eget, rutrum at, lorem.",34,PC,simulation,Price Group,144,2015-05-05
538,LOBORTIS LIGULA,"Phasellus id sapien in sapien iaculis congue. Vivamus metus arcu, adipiscing molestie, hendrerit at, vulputate vitae, nisl.",18,PC,racing,Herman Group,386,2023-04-05
539,CUBILIA CURAE MAURIS VIVERRA DIAM,"Integer non velit. Donec diam neque, vestibulum eget, vulputate ut, ultrices vel, augue.",47,Switch,adventure,Veum-Kohler,37,2014-03-24
540,IN LACUS CURABITUR AT,Vivamus tortor.,8,PS5,simulation,"Braun, Bradtke and Dickens",177,2019-03-11
541,ELEIFEND,Aliquam erat volutpat. In congue.,11,Xbox,horror,Wolf LLC,17,2024-03-07
542,ANTE VEL IPSUM PRAESENT,Vestibulum ante ipsum primis in faucibus orci luctus et ultrices posuere cubilia Curae; Mauris viverra diam vitae quam.,15,Xbox,sandbox,"Ledner, Okuneva and Gleichner",324,2022-07-08
543,DONEC ODIO JUSTO SOLLICITUDIN,Vivamus vel nulla eget eros elementum pellentesque. Quisque porta volutpat erat.,18,Xbox,platformer,Mraz-Lang,447,2004-12-16
544,SIT AMET ELEIFEND PEDE LIBERO,"Aliquam augue quam, sollicitudin vitae, consectetuer eget, rutrum at, lorem.",56,PC,RPG,"Kuhlman, Sauer and Tromp",469,2006-08-04
545,SOCIIS NATOQUE,"Integer aliquet, massa id lobortis convallis, tortor risus dapibus augue, vel accumsan tellus nisi eu orci.",30,Switch,racing,Anderson Inc,369,1996-07-21
546,NATOQUE,Sed accumsan felis. Ut at dolor quis odio consequat varius.,16,PS5,music,"Cruickshank, Lynch and Rice",428,2012-04-24
547,ANTE,"Morbi vel lectus in quam fringilla rhoncus. Mauris enim leo, rhoncus sed, vestibulum sit amet, cursus id, turpis. Integer aliquet, massa id lobortis convallis, tortor risus dapibus augue, vel accumsan tellus nisi eu orci.",34,PS5,racing,Schamberger-Treutel,475,2010-11-09
548,SEMPER,Nam dui.,55,Switch,music,King and Sons,342,2008-09-23
549,ERAT,Etiam justo. Etiam pretium iaculis justo.,19,Switch,platformer,"Sawayn, Lesch and Orn",225,2014-03-28
550,MOLLIS MOLESTIE LOREM QUISQUE,Nulla ac enim.,17,Xbox,adventure,Breitenberg LLC,441,2002-09-05
551,SOCIIS NATOQUE PENATIBUS ET MAGNIS,"In hac habitasse platea dictumst. Morbi vestibulum, velit id pretium iaculis, diam erat fermentum justo, nec condimentum neque sapien placerat ante.",26,PS5,racing,Prosacco Group,242,1998-01-27
552,HAC HABITASSE,"Duis bibendum, felis sed interdum venenatis, turpis enim blandit mi, in porttitor pede justo eu massa.",56,PS5,puzzle,Jenkins-Littel,493,2014-11-23
553,JUSTO PELLENTESQUE VIVERRA,Vestibulum ante ipsum primis in faucibus orci luctus et ultrices posuere cubilia Curae; Duis faucibus accumsan odio. Curabitur convallis.,59,PC,puzzle,"Ritchie, Stracke and Krajcik",473,2012-09-13
554,MOLESTIE SED JUSTO PELLENTESQUE VIVERRA,"Maecenas tristique, est et tempus semper, est quam pharetra magna, ac consequat metus sapien ut nunc.",12,PS5,adventure,"Senger, Romaguera and Heller",348,2014-01-28
555,ID JUSTO,"Vivamus metus arcu, adipiscing molestie, hendrerit at, vulputate vitae, nisl. Aenean lectus.",49,PS5,simulation,Hauck-Nader,440,2024-08-20
556,IN IMPERDIET ET COMMODO VULPUTATE,Curabitur convallis. Duis consequat dui nec nisi volutpat eleifend.,29,PS5,adventure,"Gulgowski, Cummerata and Davis",135,1995-01-17
557,RHONCUS ALIQUET PULVINAR SED NISL,Quisque porta volutpat erat.,39,PC,simulation,"Schinner, Bernhard and Hirthe",379,2024-06-07
558,NON VELIT NEC,Aliquam quis turpis eget elit sodales scelerisque. Mauris sit amet eros. Suspendisse accumsan tortor quis turpis.,44,Switch,sandbox,Pagac-Parker,234,2008-02-14
559,VESTIBULUM,"Integer non velit. Donec diam neque, vestibulum eget, vulputate ut, ultrices vel, augue.",52,Switch,RPG,"Stark, Gerhold and Pfeffer",240,1995-07-18
560,TINCIDUNT LACUS,"Aliquam sit amet diam in magna bibendum imperdiet. Nullam orci pede, venenatis non, sodales sed, tincidunt eu, felis.",8,Switch,music,"Hegmann, Jerde and Deckow",430,2002-07-26
561,PEDE VENENATIS NON,"Quisque erat eros, viverra eget, congue eget, semper rutrum, nulla. Nunc purus.",60,PC,strategy,"Hirthe, Murphy and Purdy",219,2016-01-31
562,FEUGIAT,"Proin interdum mauris non ligula pellentesque ultrices. Phasellus id sapien in sapien iaculis congue. Vivamus metus arcu, adipiscing molestie, hendrerit at, vulputate vitae, nisl.",39,PS5,music,"Turcotte, Feeney and Sawayn",405,2009-09-11
563,CURAE MAURIS VIVERRA DIAM,Morbi non lectus. Aliquam sit amet diam in magna bibendum imperdiet.,2,Xbox,simulation,Sawayn Inc,436,2013-07-31
564,LECTUS IN EST RISUS AUCTOR,Donec semper sapien a libero.,42,PC,platformer,Emard-Turner,348,2010-02-02
565,VESTIBULUM,"Maecenas rhoncus aliquam lacus. Morbi quis tortor id nulla ultrices aliquet. Maecenas leo odio, condimentum id, luctus nec, molestie sed, justo.",3,PC,platformer,Kunze Inc,251,2013-02-18
566,IN QUIS JUSTO MAECENAS RHONCUS,"In tempor, turpis nec euismod scelerisque, quam turpis adipiscing lorem, vitae mattis nibh ligula nec sem.",32,Switch,RPG,"West, Kling and Howell",444,2005-10-08
567,SEM MAURIS LAOREET UT RHONCUS,"In est risus, auctor sed, tristique in, tempus sit amet, sem. Fusce consequat.",36,PS5,simulation,Hauck LLC,138,2017-09-26
568,LEO MAECENAS PULVINAR LOBORTIS,"In hac habitasse platea dictumst. Morbi vestibulum, velit id pretium iaculis, diam erat fermentum justo, nec condimentum neque sapien placerat ante.",26,Switch,puzzle,"Bayer, Balistreri and Gleason",479,2014-04-05
569,ULTRICES PHASELLUS ID SAPIEN IN,"Nam congue, risus semper porta volutpat, quam pede lobortis ligula, sit amet eleifend pede libero quis orci. Nullam molestie nibh in lectus. Pellentesque at nulla.",50,Xbox,sandbox,"Kilback, Beer and Batz",379,2016-12-06
570,VEL NISL DUIS,"In blandit ultrices enim. Lorem ipsum dolor sit amet, consectetuer adipiscing elit. Proin interdum mauris non ligula pellentesque ultrices.",46,Xbox,stealth,Goodwin-Waelchi,332,2017-06-24
571,POSUERE CUBILIA CURAE,Duis ac nibh.,17,PS5,sandbox,Borer-Keebler,195,2006-03-18
572,ORCI PEDE VENENATIS NON,In hac habitasse platea dictumst.,50,Switch,fighting,Becker-Goyette,25,2011-03-03
573,NON,Duis bibendum. Morbi non quam nec dui luctus rutrum. Nulla tellus.,15,PC,party,Erdman LLC,216,2023-11-19
574,NISI AT NIBH IN HAC,"Morbi vestibulum, velit id pretium iaculis, diam erat fermentum justo, nec condimentum neque sapien placerat ante.",59,PS5,puzzle,Predovic Group,472,2006-08-01
575,NULLA,"Vestibulum ante ipsum primis in faucibus orci luctus et ultrices posuere cubilia Curae; Nulla dapibus dolor vel est. Donec odio justo, sollicitudin ut, suscipit a, feugiat et, eros. Vestibulum ac est lacinia nisi venenatis tristique.",8,Xbox,music,Bailey and Sons,419,2003-01-06
576,EST CONGUE,Praesent id massa id nisl venenatis lacinia. Aenean sit amet justo.,29,PS5,RPG,Deckow Inc,215,2000-10-08
577,NULLA SUSPENDISSE POTENTI CRAS,In congue. Etiam justo. Etiam pretium iaculis justo.,30,Xbox,sports,Pouros-Cronin,240,2015-09-19
578,MI SIT AMET,Nulla justo. Aliquam quis turpis eget elit sodales scelerisque.,23,Xbox,music,Rau-Bernhard,226,1994-08-18
579,AC EST LACINIA NISI,"Nam dui. Proin leo odio, porttitor id, consequat in, consequat ut, nulla. Sed accumsan felis.",10,PC,music,Hansen and Sons,64,2001-05-22
580,VESTIBULUM AC EST,Nam dui.,38,PC,platformer,"Ryan, Konopelski and Nicolas",250,1995-07-26
581,FELIS FUSCE POSUERE,Maecenas pulvinar lobortis est. Phasellus sit amet erat.,28,Xbox,platformer,Bartoletti and Sons,291,2019-03-28
582,IACULIS,Fusce consequat.,44,Switch,sandbox,Romaguera Inc,404,2001-07-01
583,SED,"Fusce lacus purus, aliquet at, feugiat non, pretium quis, lectus. Suspendisse potenti.",51,Switch,music,"Hamill, Barrows and Block",279,2005-01-15
584,VOLUTPAT,"Donec vitae nisi. Nam ultrices, libero non mattis pulvinar, nulla pede ullamcorper augue, a suscipit nulla elit ac nulla. Sed vel enim sit amet nunc viverra dapibus.",41,Xbox,stealth,Lockman and Sons,220,2012-09-30
585,MALESUADA IN IMPERDIET ET,"In hac habitasse platea dictumst. Aliquam augue quam, sollicitudin vitae, consectetuer eget, rutrum at, lorem. Integer tincidunt ante vel ipsum.",17,PC,sandbox,Stamm and Sons,483,1996-01-09
586,EGET VULPUTATE,"Morbi odio odio, elementum eu, interdum eu, tincidunt in, leo.",60,Xbox,RPG,"Willms, Tromp and Connelly",72,2004-10-02
587,MASSA TEMPOR CONVALLIS NULLA NEQUE,"Morbi vel lectus in quam fringilla rhoncus. Mauris enim leo, rhoncus sed, vestibulum sit amet, cursus id, turpis.",18,Switch,RPG,Bechtelar-Reichel,17,2009-11-08
588,LOREM IPSUM DOLOR,"Pellentesque viverra pede ac diam. Cras pellentesque volutpat dui. Maecenas tristique, est et tempus semper, est quam pharetra magna, ac consequat metus sapien ut nunc.",17,Xbox,strategy,Nolan Inc,74,1995-12-10
589,IN,Nulla justo. Aliquam quis turpis eget elit sodales scelerisque. Mauris sit amet eros.,8,PS5,party,"Braun, Harvey and Greenfelder",22,2011-10-18
590,SIT AMET SEM FUSCE CONSEQUAT,Maecenas tincidunt lacus at velit. Vivamus vel nulla eget eros elementum pellentesque. Quisque porta volutpat erat.,41,PS5,sports,Marvin Group,405,2015-07-12
591,QUIS LIBERO NULLAM SIT,"Nulla neque libero, convallis eget, eleifend luctus, ultricies eu, nibh. Quisque id justo sit amet sapien dignissim vestibulum.",9,PS5,party,"Lehner, Stiedemann and Johns",120,2002-07-13
592,MUS VIVAMUS VESTIBULUM,Nulla ut erat id mauris vulputate elementum. Nullam varius.,37,PS5,platformer,Rolfson-Wilkinson,11,2017-06-26
593,TURPIS,Curabitur at ipsum ac tellus semper interdum.,36,PS5,sports,Ruecker-Graham,227,2011-09-30
594,NUNC PURUS PHASELLUS IN,In hac habitasse platea dictumst.,1,PS5,strategy,Runolfsdottir-Cronin,422,2008-10-15
595,VEHICULA CONDIMENTUM,Integer tincidunt ante vel ipsum. Praesent blandit lacinia erat. Vestibulum sed magna at nunc commodo placerat.,42,Xbox,horror,Corwin-Kling,171,2023-10-11
596,TEMPUS VEL PEDE MORBI,"Pellentesque ultrices mattis odio. Donec vitae nisi. Nam ultrices, libero non mattis pulvinar, nulla pede ullamcorper augue, a suscipit nulla elit ac nulla.",7,PS5,platformer,"Hansen, Hickle and Bartell",186,2015-10-04
597,ANTE IPSUM PRIMIS IN,"Duis bibendum, felis sed interdum venenatis, turpis enim blandit mi, in porttitor pede justo eu massa. Donec dapibus. Duis at velit eu est congue elementum.",20,Xbox,fighting,Moen-Hessel,50,2005-05-14
598,ETIAM JUSTO ETIAM PRETIUM,Vivamus tortor. Duis mattis egestas metus.,29,Switch,sports,"Schuppe, Larkin and Cassin",411,2014-05-30
599,LOREM ID LIGULA SUSPENDISSE,Duis mattis egestas metus. Aenean fermentum. Donec ut mauris eget massa tempor convallis.,17,PC,music,"Collier, Jakubowski and Daniel",92,2003-03-04
600,NULLA SUSPENDISSE POTENTI CRAS IN,Donec vitae nisi.,15,PS5,party,Dach-Kertzmann,112,2001-10-29
601,AENEAN,Nunc rhoncus dui vel sem.,8,Xbox,stealth,"Von, Schamberger and Harris",26,2012-05-10
602,BIBENDUM IMPERDIET NULLAM ORCI PEDE,Duis at velit eu est congue elementum. In hac habitasse platea dictumst.,38,Xbox,stealth,Lockman LLC,131,1995-02-04
603,VOLUTPAT QUAM,Praesent blandit lacinia erat.,46,PS5,horror,"Upton, Boyer and Ondricka",193,2001-05-25
604,DAPIBUS DUIS AT,Morbi a ipsum. Integer a nibh.,35,PC,fighting,Moen Group,175,2011-11-14
605,FUSCE,Sed accumsan felis.,35,PS5,music,Torphy and Sons,288,2008-11-07
606,MAGNA VULPUTATE LUCTUS,"Nam nulla. Integer pede justo, lacinia eget, tincidunt eget, tempus vel, pede.",56,PC,puzzle,"Cremin, Schinner and Keebler",449,2014-02-23
607,ORCI EGET ORCI VEHICULA,"Donec odio justo, sollicitudin ut, suscipit a, feugiat et, eros. Vestibulum ac est lacinia nisi venenatis tristique.",35,Xbox,party,Crooks Group,466,2019-01-31
608,ELEMENTUM IN HAC HABITASSE PLATEA,Morbi non quam nec dui luctus rutrum.,33,Xbox,action,Pacocha-Buckridge,89,2005-10-08
609,CONSEQUAT METUS,Morbi ut odio.,55,PS5,puzzle,"McGlynn, Roberts and Smitham",400,2019-02-05
610,NUNC PROIN AT TURPIS,"Morbi sem mauris, laoreet ut, rhoncus aliquet, pulvinar sed, nisl.",25,Switch,simulation,Koepp-Jacobi,108,1996-02-21
611,VEL,"Nulla neque libero, convallis eget, eleifend luctus, ultricies eu, nibh.",51,Xbox,adventure,"Roberts, Leuschke and Crona",288,2004-08-19
612,QUAM FRINGILLA RHONCUS MAURIS,"Proin leo odio, porttitor id, consequat in, consequat ut, nulla. Sed accumsan felis. Ut at dolor quis odio consequat varius.",35,PC,platformer,"Little, Dooley and Terry",345,2003-04-02
613,QUAM,Donec quis orci eget orci vehicula condimentum.,44,Switch,adventure,Ebert-Lindgren,387,2012-07-22
614,UT NUNC,"Fusce congue, diam id ornare imperdiet, sapien urna pretium nisl, ut volutpat sapien arcu sed augue. Aliquam erat volutpat.",2,PS5,strategy,Bednar-Fahey,90,2004-08-18
615,NULLA,Vivamus in felis eu sapien cursus vestibulum. Proin eu mi.,31,PC,strategy,Predovic-Bednar,10,1997-03-02
616,NAM DUI PROIN LEO ODIO,Nullam porttitor lacus at turpis. Donec posuere metus vitae ipsum. Aliquam non mauris.,6,PS5,racing,Dooley-Dickens,243,2012-12-07
617,NIBH LIGULA NEC,Pellentesque viverra pede ac diam.,14,PS5,puzzle,Reichert-Wilkinson,367,2021-01-15
618,ENIM LOREM IPSUM DOLOR SIT,"Quisque arcu libero, rutrum ac, lobortis vel, dapibus at, diam. Nam tristique tortor eu pede.",10,PS5,action,Halvorson Group,279,2001-05-15
619,FERMENTUM JUSTO NEC,Mauris sit amet eros.,58,Switch,platformer,Schneider Group,80,1994-11-05
620,QUAM SOLLICITUDIN VITAE,In sagittis dui vel nisl.,46,Xbox,platformer,Smith and Sons,127,1998-10-14
621,BLANDIT NON INTERDUM,Duis bibendum. Morbi non quam nec dui luctus rutrum.,26,Switch,sports,Haley Inc,144,2018-10-02
622,A,Nulla tellus. In sagittis dui vel nisl. Duis ac nibh.,12,Switch,sandbox,"Johnston, Zboncak and Gibson",147,1997-01-29
623,SED VEL ENIM,Etiam vel augue. Vestibulum rutrum rutrum neque.,24,PS5,strategy,Collier-Feil,321,2013-06-23
624,ANTE NULLA JUSTO,In hac habitasse platea dictumst. Maecenas ut massa quis augue luctus tincidunt. Nulla mollis molestie lorem.,16,Xbox,adventure,Wiza LLC,161,2008-08-10
625,QUAM PHARETRA MAGNA AC,Donec posuere metus vitae ipsum.,52,Switch,strategy,"Bernhard, Heathcote and Vandervort",446,2002-12-13
626,NIBH FUSCE LACUS PURUS,Curabitur convallis. Duis consequat dui nec nisi volutpat eleifend.,30,PC,stealth,Ebert-Effertz,248,2022-06-22
627,PELLENTESQUE VIVERRA PEDE AC,"In sagittis dui vel nisl. Duis ac nibh. Fusce lacus purus, aliquet at, feugiat non, pretium quis, lectus.",7,PC,fighting,Reynolds Inc,445,2023-04-14
628,ALIQUET AT FEUGIAT,Aliquam erat volutpat. In congue. Etiam justo.,55,Switch,puzzle,Hettinger Inc,285,1996-07-25
629,PELLENTESQUE VOLUTPAT DUI MAECENAS,"Cras mi pede, malesuada in, imperdiet et, commodo vulputate, justo. In blandit ultrices enim. Lorem ipsum dolor sit amet, consectetuer adipiscing elit.",53,Switch,RPG,"Legros, Barton and Heathcote",8,2017-07-06
630,NISI VOLUTPAT ELEIFEND DONEC UT,In hac habitasse platea dictumst.,33,Switch,party,Hegmann-Stokes,212,1997-12-27
631,POSUERE METUS,"Integer pede justo, lacinia eget, tincidunt eget, tempus vel, pede. Morbi porttitor lorem id ligula. Suspendisse ornare consequat lectus.",3,PC,platformer,Hartmann-Lockman,448,2010-12-11
632,AT LOREM INTEGER TINCIDUNT,"Fusce posuere felis sed lacus. Morbi sem mauris, laoreet ut, rhoncus aliquet, pulvinar sed, nisl. Nunc rhoncus dui vel sem.",43,Xbox,racing,Gleichner-Mosciski,170,1996-03-08
633,EST,Fusce consequat. Nulla nisl.,37,Switch,sports,"Roberts, Bernier and Hilpert",56,2017-04-22
634,ANTE NULLA JUSTO,"Fusce lacus purus, aliquet at, feugiat non, pretium quis, lectus. Suspendisse potenti.",24,Switch,fighting,Lang-Schultz,410,1994-12-04
635,ID NISL VENENATIS,"Integer pede justo, lacinia eget, tincidunt eget, tempus vel, pede. Morbi porttitor lorem id ligula.",6,Xbox,platformer,Windler Group,295,2020-03-27
636,TEMPOR,Morbi a ipsum. Integer a nibh.,8,Xbox,fighting,"Turner, Zemlak and Kub",206,2000-07-30
637,MI IN PORTTITOR,Morbi quis tortor id nulla ultrices aliquet.,51,PC,puzzle,"Legros, Reichert and Greenfelder",101,1999-04-01
638,AMET EROS SUSPENDISSE ACCUMSAN TORTOR,In hac habitasse platea dictumst.,47,Xbox,music,"Stehr, Schmitt and Bahringer",384,2005-06-16
639,LIBERO NAM DUI PROIN LEO,Cras non velit nec nisi vulputate nonummy. Maecenas tincidunt lacus at velit.,3,PC,puzzle,Ortiz-Kreiger,362,2024-06-27
640,MAGNA VULPUTATE LUCTUS CUM,Vestibulum rutrum rutrum neque. Aenean auctor gravida sem. Praesent id massa id nisl venenatis lacinia.,23,Switch,sandbox,"Swift, Deckow and Ankunding",156,1995-05-13
641,LACUS AT TURPIS,"Morbi vestibulum, velit id pretium iaculis, diam erat fermentum justo, nec condimentum neque sapien placerat ante. Nulla justo. Aliquam quis turpis eget elit sodales scelerisque.",35,Switch,fighting,"O'Keefe, Will and Franecki",383,2011-11-16
642,LUCTUS ULTRICIES EU,"Quisque porta volutpat erat. Quisque erat eros, viverra eget, congue eget, semper rutrum, nulla.",58,PS5,fighting,"Weimann, Stark and Bartoletti",86,2008-05-14
643,NAM TRISTIQUE,Duis bibendum. Morbi non quam nec dui luctus rutrum. Nulla tellus.,24,PS5,stealth,Goyette-Wunsch,346,2024-01-14
644,QUIS TURPIS EGET ELIT SODALES,Vivamus vel nulla eget eros elementum pellentesque. Quisque porta volutpat erat.,6,Xbox,puzzle,Feeney Inc,454,2023-02-25
645,SIT AMET SEM,Nunc purus.,59,Xbox,fighting,Johnston and Sons,201,2004-03-30
646,PRIMIS,"Proin leo odio, porttitor id, consequat in, consequat ut, nulla. Sed accumsan felis. Ut at dolor quis odio consequat varius.",26,PS5,puzzle,Schuppe LLC,86,2017-05-25
647,IN ELEIFEND QUAM A ODIO,"Fusce lacus purus, aliquet at, feugiat non, pretium quis, lectus. Suspendisse potenti. In eleifend quam a odio.",3,PC,fighting,Conroy Group,50,2007-03-18
648,UT MASSA QUIS AUGUE LUCTUS,Mauris sit amet eros. Suspendisse accumsan tortor quis turpis.,20,Switch,fighting,Ritchie-Stamm,149,2020-11-24
649,FERMENTUM DONEC,"Integer pede justo, lacinia eget, tincidunt eget, tempus vel, pede. Morbi porttitor lorem id ligula.",28,Xbox,adventure,Boehm-Halvorson,299,2012-11-23
650,ERAT FERMENTUM JUSTO NEC CONDIMENTUM,Nulla tellus. In sagittis dui vel nisl.,37,Xbox,racing,Waters-Durgan,195,2016-12-10
651,RHONCUS SED VESTIBULUM,Nullam sit amet turpis elementum ligula vehicula consequat.,28,PC,racing,Walker Group,488,2006-08-15
652,NISL VENENATIS LACINIA,Cras non velit nec nisi vulputate nonummy. Maecenas tincidunt lacus at velit. Vivamus vel nulla eget eros elementum pellentesque.,43,Switch,simulation,Wunsch-Spencer,199,2002-09-19
653,ET ULTRICES POSUERE CUBILIA,Suspendisse potenti. Nullam porttitor lacus at turpis. Donec posuere metus vitae ipsum.,44,Xbox,music,"Parker, Willms and Ernser",148,2006-10-11
654,MORBI PORTTITOR LOREM ID,"Cum sociis natoque penatibus et magnis dis parturient montes, nascetur ridiculus mus.",2,PS5,adventure,"Aufderhar, Gleason and Armstrong",369,2018-12-20
655,ELEIFEND,Nullam porttitor lacus at turpis. Donec posuere metus vitae ipsum.,56,Switch,strategy,"Kiehn, Raynor and Pouros",329,2000-04-24
656,VARIUS INTEGER AC LEO,Sed accumsan felis.,60,PS5,platformer,White-Heathcote,142,2022-03-09
657,PARTURIENT MONTES NASCETUR,"Morbi vel lectus in quam fringilla rhoncus. Mauris enim leo, rhoncus sed, vestibulum sit amet, cursus id, turpis. Integer aliquet, massa id lobortis convallis, tortor risus dapibus augue, vel accumsan tellus nisi eu orci.",42,PC,music,Kihn-Pfannerstill,257,1995-11-28
658,NISL DUIS AC NIBH FUSCE,"Phasellus id sapien in sapien iaculis congue. Vivamus metus arcu, adipiscing molestie, hendrerit at, vulputate vitae, nisl. Aenean lectus.",53,Xbox,adventure,"O'Kon, Hegmann and Bernier",389,2017-04-04
659,NULLA TEMPUS VIVAMUS,"Cras mi pede, malesuada in, imperdiet et, commodo vulputate, justo.",27,Switch,puzzle,"Reilly, Lemke and Schaden",223,2010-11-27
660,MORBI A IPSUM,Integer ac neque. Duis bibendum. Morbi non quam nec dui luctus rutrum.,45,PC,adventure,Stark-Lindgren,222,2012-10-01
661,MASSA,Nullam molestie nibh in lectus. Pellentesque at nulla.,53,Switch,strategy,Becker-Schimmel,352,2022-09-18
662,ERAT,Nullam sit amet turpis elementum ligula vehicula consequat.,27,PS5,action,Hane LLC,182,2002-08-27
663,SAPIEN DIGNISSIM,"Morbi vel lectus in quam fringilla rhoncus. Mauris enim leo, rhoncus sed, vestibulum sit amet, cursus id, turpis.",38,PC,RPG,"King, Casper and Osinski",156,1996-12-14
664,ID,Nulla tempus. Vivamus in felis eu sapien cursus vestibulum. Proin eu mi.,45,PS5,puzzle,Baumbach-Ortiz,296,2005-04-30
665,JUSTO ALIQUAM QUIS,Mauris lacinia sapien quis libero. Nullam sit amet turpis elementum ligula vehicula consequat.,31,Xbox,sandbox,"Hartmann, Little and Tromp",141,2016-08-22
666,SAPIEN UT,"Morbi odio odio, elementum eu, interdum eu, tincidunt in, leo. Maecenas pulvinar lobortis est. Phasellus sit amet erat.",41,Switch,simulation,"Ratke, Bosco and Kautzer",162,1994-09-17
667,NEQUE,"Praesent lectus. Vestibulum quam sapien, varius ut, blandit non, interdum in, ante. Vestibulum ante ipsum primis in faucibus orci luctus et ultrices posuere cubilia Curae; Duis faucibus accumsan odio.",55,Switch,racing,Reilly-Ryan,491,2000-08-13
668,ELEIFEND LUCTUS ULTRICIES EU,Pellentesque at nulla. Suspendisse potenti. Cras in purus eu magna vulputate luctus.,46,PS5,music,Marquardt-Morar,58,2019-08-15
669,LUCTUS RUTRUM NULLA,Sed accumsan felis. Ut at dolor quis odio consequat varius. Integer ac leo.,20,PS5,music,Hermiston LLC,120,2024-06-10
670,DIAM CRAS PELLENTESQUE VOLUTPAT DUI,In hac habitasse platea dictumst. Etiam faucibus cursus urna.,22,Switch,music,Pouros-Wolff,249,2023-02-15
671,QUAM,"Vestibulum quam sapien, varius ut, blandit non, interdum in, ante. Vestibulum ante ipsum primis in faucibus orci luctus et ultrices posuere cubilia Curae; Duis faucibus accumsan odio.",15,PS5,strategy,"Nolan, Abernathy and D'Amore",111,1995-12-20
672,ACCUMSAN TELLUS NISI EU ORCI,Duis mattis egestas metus. Aenean fermentum. Donec ut mauris eget massa tempor convallis.,39,Switch,sports,Effertz-Medhurst,170,2022-06-04
673,MAURIS,Vivamus tortor. Duis mattis egestas metus.,44,Xbox,action,Hartmann-Rath,10,1999-05-09
674,NUNC VIVERRA DAPIBUS NULLA,"Donec diam neque, vestibulum eget, vulputate ut, ultrices vel, augue. Vestibulum ante ipsum primis in faucibus orci luctus et ultrices posuere cubilia Curae; Donec pharetra, magna vestibulum aliquet ultrices, erat tortor sollicitudin mi, sit amet lobortis sapien sapien non mi.",30,PS5,fighting,Farrell Inc,389,1999-11-04
675,IN LECTUS PELLENTESQUE AT,"Integer non velit. Donec diam neque, vestibulum eget, vulputate ut, ultrices vel, augue.",2,Xbox,RPG,Roob LLC,171,1996-04-10
676,LECTUS,Aliquam non mauris.,1,Xbox,adventure,Renner and Sons,385,1994-08-11
677,JUSTO MAECENAS,Duis aliquam convallis nunc. Proin at turpis a pede posuere nonummy.,51,Xbox,sandbox,Connelly-Grimes,250,2013-05-05
678,MORBI PORTTITOR LOREM ID,Vestibulum rutrum rutrum neque.,5,PC,fighting,"Dach, Leannon and Gottlieb",86,2008-05-16
679,IPSUM,Nulla facilisi. Cras non velit nec nisi vulputate nonummy.,3,Xbox,horror,Willms-Ziemann,41,2013-10-19
680,QUIS ODIO CONSEQUAT VARIUS,Etiam justo.,53,PC,music,"Auer, Reinger and Rempel",442,2005-07-07
681,CONGUE ELEMENTUM,"Aenean fermentum. Donec ut mauris eget massa tempor convallis. Nulla neque libero, convallis eget, eleifend luctus, ultricies eu, nibh.",21,PS5,RPG,Kuvalis LLC,175,1996-04-13
682,ULTRICES ERAT TORTOR SOLLICITUDIN MI,Duis mattis egestas metus. Aenean fermentum. Donec ut mauris eget massa tempor convallis.,13,PS5,stealth,Johns-Corkery,124,2007-04-17
683,IN FAUCIBUS ORCI LUCTUS,Nulla mollis molestie lorem. Quisque ut erat. Curabitur gravida nisi at nibh.,40,PC,platformer,"McClure, Monahan and Bashirian",443,1998-06-28
684,CURSUS URNA,Integer a nibh. In quis justo. Maecenas rhoncus aliquam lacus.,19,PS5,horror,Schaefer and Sons,152,2000-04-19
685,LEO MAECENAS PULVINAR LOBORTIS EST,Mauris lacinia sapien quis libero. Nullam sit amet turpis elementum ligula vehicula consequat.,16,Switch,adventure,Fritsch Group,403,2004-05-31
686,BIBENDUM MORBI,Nunc rhoncus dui vel sem.,50,Switch,fighting,Bednar-Bechtelar,478,1998-02-02
687,PLATEA DICTUMST ALIQUAM AUGUE QUAM,Aenean lectus. Pellentesque eget nunc. Donec quis orci eget orci vehicula condimentum.,40,Switch,horror,Schowalter-Wiza,230,2001-05-30
688,ARCU SED AUGUE,"Curabitur in libero ut massa volutpat convallis. Morbi odio odio, elementum eu, interdum eu, tincidunt in, leo.",29,Xbox,party,"Hudson, Christiansen and Grimes",407,2004-06-20
689,QUIS,Etiam faucibus cursus urna. Ut tellus. Nulla ut erat id mauris vulputate elementum.,55,PC,stealth,O'Connell LLC,173,2014-01-13
690,ANTE IPSUM PRIMIS IN,Vivamus vestibulum sagittis sapien.,38,PS5,music,"Hackett, Blanda and Johnson",241,2005-10-12
691,LOBORTIS,Morbi ut odio.,10,Xbox,strategy,Hartmann LLC,198,2014-03-31
692,CONSEQUAT VARIUS INTEGER AC LEO,In sagittis dui vel nisl. Duis ac nibh.,7,Xbox,strategy,"Ondricka, Berge and Considine",95,2010-01-26
693,IN,Vestibulum rutrum rutrum neque. Aenean auctor gravida sem. Praesent id massa id nisl venenatis lacinia.,25,PS5,party,Batz Group,393,2016-11-26
694,PRIMIS IN,Maecenas tincidunt lacus at velit.,35,Switch,adventure,Towne and Sons,45,1995-05-04
695,SODALES SED TINCIDUNT EU,Nulla tellus. In sagittis dui vel nisl. Duis ac nibh.,14,PC,music,"McLaughlin, O'Keefe and Leuschke",123,2012-10-28
696,ELEIFEND DONEC UT,Suspendisse accumsan tortor quis turpis. Sed ante.,10,Xbox,puzzle,"Mayer, Kunde and Goodwin",72,2001-01-10
697,HAC HABITASSE PLATEA DICTUMST MAECENAS,"Nunc nisl. Duis bibendum, felis sed interdum venenatis, turpis enim blandit mi, in porttitor pede justo eu massa. Donec dapibus.",17,PS5,platformer,"Zemlak, Nolan and Friesen",140,2022-02-02
698,PEDE LOBORTIS LIGULA SIT AMET,Praesent id massa id nisl venenatis lacinia. Aenean sit amet justo.,14,PC,fighting,Haley-Hegmann,49,2005-05-31
699,PURUS EU MAGNA VULPUTATE,Pellentesque at nulla.,22,PS5,strategy,Kreiger-Collier,57,1995-01-22
700,ALIQUAM LACUS MORBI QUIS TORTOR,Curabitur in libero ut massa volutpat convallis.,17,PS5,puzzle,O'Conner-Orn,469,2020-02-24
701,VELIT ID,"Lorem ipsum dolor sit amet, consectetuer adipiscing elit.",8,Switch,RPG,Hahn and Sons,489,2014-12-15
702,PRETIUM IACULIS DIAM,Aliquam erat volutpat. In congue.,32,PC,puzzle,Beer LLC,258,2016-06-24
703,IN ANTE VESTIBULUM ANTE,"Nullam orci pede, venenatis non, sodales sed, tincidunt eu, felis. Fusce posuere felis sed lacus. Morbi sem mauris, laoreet ut, rhoncus aliquet, pulvinar sed, nisl.",28,PC,sandbox,Legros LLC,447,2008-12-24
704,VESTIBULUM ANTE IPSUM,Mauris sit amet eros. Suspendisse accumsan tortor quis turpis.,30,Switch,RPG,Swift Inc,197,2019-02-11
705,EU EST CONGUE ELEMENTUM,"Vestibulum ante ipsum primis in faucibus orci luctus et ultrices posuere cubilia Curae; Nulla dapibus dolor vel est. Donec odio justo, sollicitudin ut, suscipit a, feugiat et, eros.",5,PS5,simulation,Wolf LLC,140,1998-01-16
706,POSUERE,Maecenas pulvinar lobortis est. Phasellus sit amet erat.,36,PS5,RPG,Abshire-Bartoletti,228,2002-02-27
707,SOLLICITUDIN VITAE CONSECTETUER EGET RUTRUM,Duis bibendum.,14,PC,fighting,"Lehner, MacGyver and Kiehn",156,2023-07-18
708,PRETIUM IACULIS DIAM ERAT,Nulla facilisi. Cras non velit nec nisi vulputate nonummy. Maecenas tincidunt lacus at velit.,40,PS5,fighting,Botsford-Feeney,100,2007-07-14
709,NONUMMY INTEGER,"In est risus, auctor sed, tristique in, tempus sit amet, sem. Fusce consequat. Nulla nisl.",54,Switch,sports,Kassulke Group,190,2005-08-29
710,A PEDE POSUERE,Donec ut dolor.,30,PS5,horror,"Maggio, Parker and Kozey",343,2013-10-01
711,POSUERE FELIS,"Vivamus metus arcu, adipiscing molestie, hendrerit at, vulputate vitae, nisl.",23,PC,puzzle,"Feest, Beer and Conn",144,1995-06-17
712,DICTUMST MORBI,Phasellus in felis. Donec semper sapien a libero.,4,Switch,adventure,"Grady, Volkman and McKenzie",469,2010-11-14
713,ORNARE IMPERDIET SAPIEN URNA PRETIUM,"Proin eu mi. Nulla ac enim. In tempor, turpis nec euismod scelerisque, quam turpis adipiscing lorem, vitae mattis nibh ligula nec sem.",6,Xbox,action,"Kunze, Hickle and Rolfson",431,2006-06-30
714,ULTRICES,"Pellentesque viverra pede ac diam. Cras pellentesque volutpat dui. Maecenas tristique, est et tempus semper, est quam pharetra magna, ac consequat metus sapien ut nunc.",40,Switch,party,Cronin-Kovacek,409,2007-05-03
715,ELIT SODALES SCELERISQUE MAURIS,Nam dui.,15,PS5,action,"Lebsack, Russel and Becker",467,2013-12-31
716,NATOQUE PENATIBUS,"In tempor, turpis nec euismod scelerisque, quam turpis adipiscing lorem, vitae mattis nibh ligula nec sem.",52,PC,strategy,Macejkovic-Torphy,6,2015-02-15
717,PURUS EU MAGNA VULPUTATE,Nulla nisl. Nunc nisl.,31,Switch,RPG,Cartwright-Batz,495,1994-08-02
718,ACCUMSAN FELIS UT AT DOLOR,Morbi non lectus.,19,Switch,simulation,Gleason-Schowalter,300,1994-10-11
719,AUCTOR GRAVIDA,"Morbi vestibulum, velit id pretium iaculis, diam erat fermentum justo, nec condimentum neque sapien placerat ante.",54,Xbox,music,"Goodwin, Raynor and McKenzie",432,2005-10-28
720,VULPUTATE ELEMENTUM NULLAM VARIUS NULLA,"Lorem ipsum dolor sit amet, consectetuer adipiscing elit. Proin interdum mauris non ligula pellentesque ultrices. Phasellus id sapien in sapien iaculis congue.",35,PS5,party,Wisozk Group,382,1999-12-08
721,VEL,Curabitur gravida nisi at nibh. In hac habitasse platea dictumst.,25,PS5,RPG,Brakus LLC,349,2004-08-07
722,IPSUM ALIQUAM NON MAURIS MORBI,Donec dapibus. Duis at velit eu est congue elementum. In hac habitasse platea dictumst.,1,Xbox,sports,Greenholt and Sons,429,2007-10-21
723,SED,Proin interdum mauris non ligula pellentesque ultrices. Phasellus id sapien in sapien iaculis congue.,14,PC,adventure,Osinski LLC,11,1994-08-14
724,SEMPER INTERDUM MAURIS ULLAMCORPER PURUS,"Aliquam augue quam, sollicitudin vitae, consectetuer eget, rutrum at, lorem.",34,Xbox,music,"Kuphal, Trantow and Thiel",189,2005-09-30
725,TORTOR DUIS MATTIS EGESTAS METUS,Donec ut mauris eget massa tempor convallis.,10,PS5,fighting,Casper Inc,414,2019-11-04
726,NATOQUE PENATIBUS ET MAGNIS DIS,"Suspendisse ornare consequat lectus. In est risus, auctor sed, tristique in, tempus sit amet, sem. Fusce consequat.",34,PC,sports,"Kuphal, Jast and Denesik",190,1996-08-25
727,NULLA FACILISI,Suspendisse accumsan tortor quis turpis. Sed ante.,42,PS5,racing,"Feeney, Nolan and Dooley",236,2013-10-16
728,EGET VULPUTATE,"Nam nulla. Integer pede justo, lacinia eget, tincidunt eget, tempus vel, pede. Morbi porttitor lorem id ligula.",10,Xbox,strategy,West LLC,309,2002-09-09
729,AT FEUGIAT NON,"Morbi vel lectus in quam fringilla rhoncus. Mauris enim leo, rhoncus sed, vestibulum sit amet, cursus id, turpis. Integer aliquet, massa id lobortis convallis, tortor risus dapibus augue, vel accumsan tellus nisi eu orci.",37,PC,puzzle,Bechtelar Group,185,2010-09-30
730,TRISTIQUE,Mauris lacinia sapien quis libero. Nullam sit amet turpis elementum ligula vehicula consequat. Morbi a ipsum.,48,Xbox,fighting,Wolff LLC,414,2006-05-28
731,SIT AMET,Integer ac neque.,45,PC,adventure,Hermiston-Dach,484,2024-01-06
732,PROIN RISUS PRAESENT LECTUS,"Suspendisse potenti. Cras in purus eu magna vulputate luctus. Cum sociis natoque penatibus et magnis dis parturient montes, nascetur ridiculus mus.",40,PC,strategy,"Klein, Stracke and Franecki",9,2013-08-20
733,PRETIUM IACULIS,Nulla justo. Aliquam quis turpis eget elit sodales scelerisque. Mauris sit amet eros.,28,Switch,fighting,"Hartmann, Carroll and Smitham",407,1996-05-19
734,VELIT,Duis mattis egestas metus.,10,PC,music,Emmerich Inc,433,2023-06-02
735,NULLA,"In blandit ultrices enim. Lorem ipsum dolor sit amet, consectetuer adipiscing elit.",14,Switch,fighting,"Haley, Raynor and Rau",249,2018-02-23
736,CONSECTETUER,"Aliquam augue quam, sollicitudin vitae, consectetuer eget, rutrum at, lorem.",46,PS5,sports,Lang-Kuhic,359,2005-02-07
737,PRIMIS IN FAUCIBUS,Nulla justo. Aliquam quis turpis eget elit sodales scelerisque.,48,Switch,music,Prohaska LLC,377,2016-09-02
738,ID MASSA ID NISL VENENATIS,Nulla mollis molestie lorem.,40,Xbox,sandbox,"Dare, Kuhn and Frami",464,1995-07-02
739,DONEC UT,"Nunc rhoncus dui vel sem. Sed sagittis. Nam congue, risus semper porta volutpat, quam pede lobortis ligula, sit amet eleifend pede libero quis orci.",47,PC,simulation,"Rogahn, Gerhold and Cruickshank",10,2020-02-19
740,SIT AMET TURPIS,In eleifend quam a odio. In hac habitasse platea dictumst. Maecenas ut massa quis augue luctus tincidunt.,2,Xbox,adventure,Hilll-Greenholt,243,2007-11-25
741,PLATEA DICTUMST ALIQUAM,Nulla suscipit ligula in lacus. Curabitur at ipsum ac tellus semper interdum. Mauris ullamcorper purus sit amet nulla.,24,PS5,adventure,Larson Group,172,2010-05-22
742,NULLA SUSCIPIT,"In est risus, auctor sed, tristique in, tempus sit amet, sem. Fusce consequat. Nulla nisl.",56,Switch,RPG,Swift-Jacobson,101,2019-02-23
743,POSUERE,Aenean fermentum.,57,PS5,strategy,Balistreri LLC,198,2006-03-27
744,CONDIMENTUM ID LUCTUS NEC MOLESTIE,Pellentesque viverra pede ac diam.,9,PC,RPG,"Waters, Gleichner and Pagac",54,2013-08-06
745,URNA,Ut tellus.,42,PC,horror,Rice-Langworth,400,2022-09-01
746,POTENTI CRAS IN PURUS EU,"Cras pellentesque volutpat dui. Maecenas tristique, est et tempus semper, est quam pharetra magna, ac consequat metus sapien ut nunc.",45,PS5,platformer,Parisian LLC,7,2001-01-14
747,VITAE,Etiam justo.,49,Switch,stealth,"Douglas, Rohan and Wiza",460,2006-12-27
748,QUAM SUSPENDISSE POTENTI NULLAM,Integer ac leo. Pellentesque ultrices mattis odio.,6,Xbox,puzzle,"Dibbert, Kovacek and Luettgen",144,2024-10-07
749,ODIO CONDIMENTUM ID LUCTUS,Vestibulum ante ipsum primis in faucibus orci luctus et ultrices posuere cubilia Curae; Duis faucibus accumsan odio. Curabitur convallis.,38,Xbox,stealth,Wolff Inc,406,2008-03-09
750,MORBI,"Duis ac nibh. Fusce lacus purus, aliquet at, feugiat non, pretium quis, lectus. Suspendisse potenti.",19,Switch,sports,"Ebert, Stamm and Cronin",359,2005-10-02
751,LIBERO CONVALLIS EGET ELEIFEND LUCTUS,Nullam sit amet turpis elementum ligula vehicula consequat. Morbi a ipsum.,7,Switch,sandbox,Wyman and Sons,135,2022-12-20
752,SIT AMET TURPIS ELEMENTUM,Praesent blandit lacinia erat. Vestibulum sed magna at nunc commodo placerat.,26,PC,music,"Pacocha, Stoltenberg and Zulauf",490,2022-06-06
753,POTENTI,Morbi a ipsum.,20,Switch,stealth,Kunde-Cassin,72,2005-01-24
754,AMET,Aenean sit amet justo.,42,Switch,music,"Gibson, Deckow and Jones",441,2019-04-13
755,MOLESTIE LOREM QUISQUE UT,"Mauris ullamcorper purus sit amet nulla. Quisque arcu libero, rutrum ac, lobortis vel, dapibus at, diam.",52,Switch,strategy,"Kling, Keeling and Smitham",83,1996-03-13
756,LOREM,Duis aliquam convallis nunc. Proin at turpis a pede posuere nonummy.,32,PS5,horror,Jacobs-West,238,2000-02-09
757,ALIQUAM CONVALLIS NUNC PROIN,"Vivamus metus arcu, adipiscing molestie, hendrerit at, vulputate vitae, nisl. Aenean lectus. Pellentesque eget nunc.",23,Xbox,platformer,Reynolds Group,122,2017-09-02
758,DUI PROIN LEO,Praesent id massa id nisl venenatis lacinia.,26,PS5,sports,Hintz-Bayer,118,2006-04-03
759,QUIS,"Nam ultrices, libero non mattis pulvinar, nulla pede ullamcorper augue, a suscipit nulla elit ac nulla.",40,Xbox,music,McDermott LLC,244,2001-07-21
760,EST ET TEMPUS SEMPER EST,Aliquam quis turpis eget elit sodales scelerisque.,5,PS5,platformer,Zulauf-Borer,55,2004-08-27
761,MONTES NASCETUR,"Integer aliquet, massa id lobortis convallis, tortor risus dapibus augue, vel accumsan tellus nisi eu orci. Mauris lacinia sapien quis libero.",38,Switch,stealth,Mayer-Goldner,166,2017-08-09
762,TURPIS DONEC POSUERE METUS,Phasellus in felis.,39,PS5,racing,Koch-Jerde,258,2023-01-09
763,ELEMENTUM LIGULA VEHICULA CONSEQUAT,Cras non velit nec nisi vulputate nonummy. Maecenas tincidunt lacus at velit.,58,PS5,sandbox,Fisher LLC,69,2000-02-11
764,AUGUE,Aliquam non mauris.,49,Switch,racing,Koepp-Effertz,125,2013-05-02
765,TINCIDUNT EGET TEMPUS,Aliquam non mauris. Morbi non lectus. Aliquam sit amet diam in magna bibendum imperdiet.,54,PS5,platformer,Collier-Aufderhar,110,2007-08-17
766,CURSUS,Donec dapibus. Duis at velit eu est congue elementum. In hac habitasse platea dictumst.,18,Switch,sports,"Predovic, Kreiger and Treutel",245,2005-01-13
767,AMET,Nullam molestie nibh in lectus. Pellentesque at nulla. Suspendisse potenti.,53,Switch,music,Hane Group,91,2018-05-03
768,ELEIFEND LUCTUS ULTRICIES,"Vestibulum ante ipsum primis in faucibus orci luctus et ultrices posuere cubilia Curae; Donec pharetra, magna vestibulum aliquet ultrices, erat tortor sollicitudin mi, sit amet lobortis sapien sapien non mi.",28,PS5,racing,Satterfield and Sons,100,1998-08-02
769,EGET VULPUTATE UT ULTRICES VEL,Integer a nibh. In quis justo. Maecenas rhoncus aliquam lacus.,54,Switch,racing,Botsford-Wilkinson,485,2014-09-19
770,RUTRUM NEQUE,Fusce consequat. Nulla nisl.,40,PS5,stealth,Nikolaus-Gulgowski,154,1995-07-15
771,LACUS,"Aliquam sit amet diam in magna bibendum imperdiet. Nullam orci pede, venenatis non, sodales sed, tincidunt eu, felis.",42,Switch,platformer,"Herzog, Shanahan and Fahey",295,1994-09-09
772,FELIS FUSCE POSUERE FELIS SED,Pellentesque ultrices mattis odio. Donec vitae nisi.,19,PC,sandbox,"Klein, Huel and Boyer",133,2010-09-01
773,PELLENTESQUE,Nulla tempus. Vivamus in felis eu sapien cursus vestibulum. Proin eu mi.,49,Xbox,music,Legros-Effertz,190,2004-04-26
774,BIBENDUM IMPERDIET,Vestibulum ante ipsum primis in faucibus orci luctus et ultrices posuere cubilia Curae; Duis faucibus accumsan odio.,8,PC,platformer,Ortiz-Hettinger,234,2019-10-19
775,SAPIEN UT,"Vestibulum quam sapien, varius ut, blandit non, interdum in, ante. Vestibulum ante ipsum primis in faucibus orci luctus et ultrices posuere cubilia Curae; Duis faucibus accumsan odio.",48,PC,horror,Strosin-Smitham,140,2016-05-13
776,CURABITUR CONVALLIS DUIS,Integer ac leo. Pellentesque ultrices mattis odio.,23,PC,horror,Labadie Group,113,1994-04-29
777,MASSA VOLUTPAT CONVALLIS,Curabitur convallis. Duis consequat dui nec nisi volutpat eleifend.,6,PS5,sports,Stark LLC,123,2014-08-08
778,CRAS,In eleifend quam a odio. In hac habitasse platea dictumst. Maecenas ut massa quis augue luctus tincidunt.,22,PC,horror,Witting and Sons,118,1996-02-17
779,SED,Ut tellus.,45,PC,party,Mayer Inc,75,1997-05-27
780,EROS,"Proin leo odio, porttitor id, consequat in, consequat ut, nulla. Sed accumsan felis.",54,Switch,RPG,"Wolf, Douglas and Goyette",427,1998-01-17
781,URNA PRETIUM NISL UT,Suspendisse potenti.,44,Switch,action,Altenwerth-Larson,257,2001-12-06
782,AC NULLA SED VEL,"Cum sociis natoque penatibus et magnis dis parturient montes, nascetur ridiculus mus.",48,PC,racing,Kihn Group,128,2009-05-12
783,MAECENAS UT MASSA QUIS,In hac habitasse platea dictumst.,52,Xbox,sandbox,Grant Group,312,2001-12-04
784,EU ORCI MAURIS LACINIA,"Integer non velit. Donec diam neque, vestibulum eget, vulputate ut, ultrices vel, augue. Vestibulum ante ipsum primis in faucibus orci luctus et ultrices posuere cubilia Curae; Donec pharetra, magna vestibulum aliquet ultrices, erat tortor sollicitudin mi, sit amet lobortis sapien sapien non mi.",46,Xbox,party,"Johns, Bradtke and Stokes",236,2017-07-15
785,UT,Donec ut mauris eget massa tempor convallis.,13,PS5,adventure,Wisozk and Sons,169,2010-03-03
786,LECTUS,Praesent id massa id nisl venenatis lacinia. Aenean sit amet justo.,43,PC,simulation,"Mohr, Funk and Schimmel",75,2020-03-11
787,ELIT AC,"Sed sagittis. Nam congue, risus semper porta volutpat, quam pede lobortis ligula, sit amet eleifend pede libero quis orci. Nullam molestie nibh in lectus.",22,Xbox,adventure,"Hauck, Frami and Rosenbaum",276,2007-02-22
788,NISL,"Morbi non lectus. Aliquam sit amet diam in magna bibendum imperdiet. Nullam orci pede, venenatis non, sodales sed, tincidunt eu, felis.",26,PS5,platformer,"Olson, Hickle and Monahan",181,2002-03-21
789,BLANDIT LACINIA ERAT VESTIBULUM,Vestibulum sed magna at nunc commodo placerat.,22,PS5,adventure,Tillman-Connelly,160,2009-03-30
790,PENATIBUS,"Vestibulum ante ipsum primis in faucibus orci luctus et ultrices posuere cubilia Curae; Nulla dapibus dolor vel est. Donec odio justo, sollicitudin ut, suscipit a, feugiat et, eros.",26,PS5,sports,Daugherty-Kovacek,274,2012-12-28
791,SIT AMET DIAM IN,Nulla tempus. Vivamus in felis eu sapien cursus vestibulum. Proin eu mi.,25,Switch,RPG,"Bradtke, Rutherford and Sanford",14,1999-03-23
792,MATTIS ODIO DONEC,Nulla tempus. Vivamus in felis eu sapien cursus vestibulum.,8,PS5,racing,"Kunde, Leannon and Borer",154,2007-12-05
793,NEC,Maecenas pulvinar lobortis est.,50,PS5,sandbox,Vandervort-Hansen,290,2023-01-12
794,TINCIDUNT IN LEO,Aenean sit amet justo.,28,PC,strategy,Schumm Group,346,2002-08-23
795,A SUSCIPIT NULLA,Sed vel enim sit amet nunc viverra dapibus. Nulla suscipit ligula in lacus. Curabitur at ipsum ac tellus semper interdum.,26,Xbox,simulation,Gulgowski-Hettinger,39,2003-08-04
796,DIGNISSIM VESTIBULUM VESTIBULUM ANTE IPSUM,Nullam varius. Nulla facilisi.,46,Xbox,simulation,Abshire LLC,111,2004-10-05
797,TEMPUS,"Morbi quis tortor id nulla ultrices aliquet. Maecenas leo odio, condimentum id, luctus nec, molestie sed, justo. Pellentesque viverra pede ac diam.",35,Switch,racing,Schneider Group,218,1997-08-16
798,CURSUS ID,"Maecenas tristique, est et tempus semper, est quam pharetra magna, ac consequat metus sapien ut nunc. Vestibulum ante ipsum primis in faucibus orci luctus et ultrices posuere cubilia Curae; Mauris viverra diam vitae quam. Suspendisse potenti.",8,PC,platformer,Sipes-Lueilwitz,225,2014-08-21
799,IPSUM PRIMIS IN FAUCIBUS ORCI,In hac habitasse platea dictumst.,58,Switch,platformer,Schulist-Bradtke,272,2012-01-04
800,PULVINAR LOBORTIS EST,"Donec odio justo, sollicitudin ut, suscipit a, feugiat et, eros. Vestibulum ac est lacinia nisi venenatis tristique. Fusce congue, diam id ornare imperdiet, sapien urna pretium nisl, ut volutpat sapien arcu sed augue.",14,Xbox,stealth,Ward Group,148,2001-05-23
801,URNA PRETIUM NISL UT VOLUTPAT,In hac habitasse platea dictumst. Maecenas ut massa quis augue luctus tincidunt. Nulla mollis molestie lorem.,59,Xbox,RPG,Boehm-Price,412,2020-12-19
802,IN FELIS,Phasellus in felis.,1,Xbox,fighting,"Maggio, Mueller and Johnston",262,1997-02-04
803,PURUS ALIQUET,"In tempor, turpis nec euismod scelerisque, quam turpis adipiscing lorem, vitae mattis nibh ligula nec sem. Duis aliquam convallis nunc.",3,PC,puzzle,Gutmann-Grimes,61,1994-12-17
804,NULLA DAPIBUS DOLOR VEL EST,In hac habitasse platea dictumst. Maecenas ut massa quis augue luctus tincidunt. Nulla mollis molestie lorem.,46,PC,music,Mraz Group,382,1997-11-05
805,ANTE IPSUM PRIMIS IN FAUCIBUS,Curabitur at ipsum ac tellus semper interdum. Mauris ullamcorper purus sit amet nulla.,19,PS5,platformer,"Balistreri, Orn and Wolf",3,2019-06-18
806,ERAT VESTIBULUM,Duis aliquam convallis nunc. Proin at turpis a pede posuere nonummy. Integer non velit.,35,Switch,fighting,Kulas-O'Keefe,476,2019-05-01
807,METUS SAPIEN UT NUNC VESTIBULUM,"Nullam orci pede, venenatis non, sodales sed, tincidunt eu, felis. Fusce posuere felis sed lacus.",58,PS5,horror,Kris Inc,167,2013-07-18
808,NULLA NUNC,"Lorem ipsum dolor sit amet, consectetuer adipiscing elit. Proin interdum mauris non ligula pellentesque ultrices.",3,PC,puzzle,Cartwright-Wolf,333,2020-07-19
809,ELIT SODALES,Phasellus sit amet erat. Nulla tempus. Vivamus in felis eu sapien cursus vestibulum.,49,Switch,racing,"Wintheiser, Hackett and Balistreri",182,2013-11-21
810,EU ORCI MAURIS,Sed ante. Vivamus tortor. Duis mattis egestas metus.,56,Xbox,strategy,"Renner, Wilkinson and Nikolaus",401,2007-05-18
811,MI,"Maecenas rhoncus aliquam lacus. Morbi quis tortor id nulla ultrices aliquet. Maecenas leo odio, condimentum id, luctus nec, molestie sed, justo.",28,Xbox,simulation,"Rolfson, Stracke and Reynolds",392,1999-12-04
812,A SUSCIPIT NULLA ELIT AC,Proin risus. Praesent lectus.,54,Xbox,stealth,Hermann and Sons,204,2021-10-07
813,NIBH LIGULA NEC SEM,Nunc purus. Phasellus in felis. Donec semper sapien a libero.,27,PC,action,Goodwin-Gerlach,296,2006-03-02
814,ULTRICES VEL AUGUE VESTIBULUM ANTE,"Morbi ut odio. Cras mi pede, malesuada in, imperdiet et, commodo vulputate, justo.",12,PC,horror,Funk LLC,390,2022-03-08
815,EROS ELEMENTUM PELLENTESQUE QUISQUE,Maecenas tincidunt lacus at velit. Vivamus vel nulla eget eros elementum pellentesque. Quisque porta volutpat erat.,37,Switch,stealth,Rutherford-Hilpert,207,2015-01-07
816,IN PURUS EU MAGNA,"In tempor, turpis nec euismod scelerisque, quam turpis adipiscing lorem, vitae mattis nibh ligula nec sem. Duis aliquam convallis nunc. Proin at turpis a pede posuere nonummy.",15,Switch,simulation,Osinski and Sons,374,2015-02-09
817,PRETIUM NISL UT,Sed vel enim sit amet nunc viverra dapibus.,34,Xbox,racing,Pagac Group,419,2012-08-14
818,NON,"Integer pede justo, lacinia eget, tincidunt eget, tempus vel, pede. Morbi porttitor lorem id ligula. Suspendisse ornare consequat lectus.",44,Xbox,RPG,Kuhlman-Langworth,355,2019-09-10
819,AUGUE ALIQUAM,"In hac habitasse platea dictumst. Morbi vestibulum, velit id pretium iaculis, diam erat fermentum justo, nec condimentum neque sapien placerat ante. Nulla justo.",53,Switch,adventure,Hettinger-Sipes,287,2011-01-04
820,CONVALLIS TORTOR RISUS DAPIBUS,"Duis ac nibh. Fusce lacus purus, aliquet at, feugiat non, pretium quis, lectus.",7,PC,adventure,Daniel-Wuckert,229,2022-06-30
821,AT TURPIS A PEDE,Donec ut dolor.,16,Switch,stealth,"Ullrich, Dicki and Howell",160,2019-09-13
822,ERAT ID MAURIS,"Fusce congue, diam id ornare imperdiet, sapien urna pretium nisl, ut volutpat sapien arcu sed augue. Aliquam erat volutpat. In congue.",5,PC,party,Hills-Kuvalis,100,2010-09-11
823,LUCTUS RUTRUM NULLA TELLUS IN,In hac habitasse platea dictumst.,56,Xbox,music,Nitzsche Group,271,1994-05-23
824,VIVAMUS METUS ARCU ADIPISCING MOLESTIE,"Fusce posuere felis sed lacus. Morbi sem mauris, laoreet ut, rhoncus aliquet, pulvinar sed, nisl. Nunc rhoncus dui vel sem.",26,Xbox,action,Watsica-Collier,335,2011-11-10
825,VIVERRA EGET CONGUE,Duis bibendum. Morbi non quam nec dui luctus rutrum. Nulla tellus.,42,Switch,sports,"Little, Keeling and Runte",188,2005-12-23
826,VULPUTATE,"Pellentesque ultrices mattis odio. Donec vitae nisi. Nam ultrices, libero non mattis pulvinar, nulla pede ullamcorper augue, a suscipit nulla elit ac nulla.",47,Xbox,racing,"McKenzie, Ritchie and Shanahan",313,2001-02-12
827,ORCI LUCTUS ET ULTRICES POSUERE,Nulla mollis molestie lorem.,60,PC,party,"Muller, Fay and Dooley",365,1998-12-18
828,ULTRICES PHASELLUS ID,Morbi ut odio.,58,Xbox,horror,Schultz Group,101,1996-03-06
829,MORBI SEM MAURIS LAOREET,Curabitur convallis.,9,Xbox,stealth,Satterfield-Hills,309,2001-12-28
830,AUCTOR SED TRISTIQUE IN TEMPUS,"Vestibulum ante ipsum primis in faucibus orci luctus et ultrices posuere cubilia Curae; Donec pharetra, magna vestibulum aliquet ultrices, erat tortor sollicitudin mi, sit amet lobortis sapien sapien non mi. Integer ac neque.",18,Switch,action,"Stoltenberg, Bogisich and Hamill",43,2015-08-22
831,RISUS SEMPER PORTA,Duis consequat dui nec nisi volutpat eleifend. Donec ut dolor. Morbi vel lectus in quam fringilla rhoncus.,31,PS5,racing,Block-Lindgren,349,2023-11-12
832,UT AT DOLOR QUIS,Phasellus in felis. Donec semper sapien a libero. Nam dui.,16,Switch,sandbox,Leannon Inc,429,2024-11-22
833,RISUS,Phasellus sit amet erat. Nulla tempus.,22,Xbox,action,Ward-Gerlach,469,2021-03-29
834,POSUERE CUBILIA CURAE,Donec dapibus.,5,Switch,horror,Funk-Pollich,426,1999-01-24
835,AC CONSEQUAT,Duis mattis egestas metus. Aenean fermentum.,18,Switch,fighting,Pfeffer-Block,263,2018-04-23
836,ID,Vestibulum sed magna at nunc commodo placerat. Praesent blandit.,14,PS5,RPG,Medhurst-Hirthe,315,2023-04-17
837,JUSTO NEC,"Quisque arcu libero, rutrum ac, lobortis vel, dapibus at, diam.",22,Xbox,RPG,Senger-Bergstrom,200,2019-05-03
838,DUIS AC NIBH,"Praesent lectus. Vestibulum quam sapien, varius ut, blandit non, interdum in, ante.",38,Switch,music,McDermott-Schmidt,185,1995-03-11
839,FELIS EU SAPIEN,"In tempor, turpis nec euismod scelerisque, quam turpis adipiscing lorem, vitae mattis nibh ligula nec sem.",22,Switch,fighting,"Ortiz, Ward and Price",306,2020-07-04
840,ELEMENTUM LIGULA VEHICULA,Aenean sit amet justo.,6,Xbox,RPG,Batz Group,379,1998-01-30
841,PEDE LIBERO,Nulla tempus.,41,Switch,strategy,Waters LLC,22,1997-12-28
842,ALIQUET MASSA ID LOBORTIS,Integer tincidunt ante vel ipsum. Praesent blandit lacinia erat. Vestibulum sed magna at nunc commodo placerat.,25,PS5,sandbox,Batz-Satterfield,460,1999-05-19
843,IN,Aenean sit amet justo.,46,Xbox,sandbox,"Nicolas, Waelchi and McGlynn",224,2011-07-01
844,PRETIUM IACULIS,"Morbi odio odio, elementum eu, interdum eu, tincidunt in, leo. Maecenas pulvinar lobortis est.",47,PC,racing,McDermott Inc,154,2019-04-03
845,ELEMENTUM,"Nulla ac enim. In tempor, turpis nec euismod scelerisque, quam turpis adipiscing lorem, vitae mattis nibh ligula nec sem. Duis aliquam convallis nunc.",50,Xbox,strategy,Brakus-Barrows,209,2002-02-17
846,VELIT,Integer ac leo.,43,PC,party,"Tromp, Monahan and Skiles",137,2003-09-24
847,NEQUE DUIS,"Cras in purus eu magna vulputate luctus. Cum sociis natoque penatibus et magnis dis parturient montes, nascetur ridiculus mus.",27,Switch,racing,"Bergnaum, Rempel and Waters",17,2011-09-29
848,LUCTUS ET,Nulla tempus. Vivamus in felis eu sapien cursus vestibulum. Proin eu mi.,11,PC,music,"Lockman, Runolfsson and Johnston",389,2008-10-21
849,PELLENTESQUE ULTRICES PHASELLUS ID,Integer tincidunt ante vel ipsum. Praesent blandit lacinia erat. Vestibulum sed magna at nunc commodo placerat.,3,PC,party,Kirlin-Leannon,407,2022-04-05
850,JUSTO PELLENTESQUE VIVERRA PEDE,Donec quis orci eget orci vehicula condimentum.,57,PS5,party,Rempel-Erdman,431,2009-08-27
851,SOLLICITUDIN MI SIT AMET,Phasellus sit amet erat. Nulla tempus.,13,Xbox,RPG,"Kautzer, Bode and Bailey",453,2023-02-24
852,POSUERE CUBILIA,Curabitur at ipsum ac tellus semper interdum. Mauris ullamcorper purus sit amet nulla.,49,Switch,stealth,VonRueden-Schumm,433,1996-08-04
853,MASSA,In hac habitasse platea dictumst. Etiam faucibus cursus urna. Ut tellus.,36,Switch,simulation,"Fay, Parker and Walsh",256,2008-08-26
854,TINCIDUNT IN,"Integer aliquet, massa id lobortis convallis, tortor risus dapibus augue, vel accumsan tellus nisi eu orci. Mauris lacinia sapien quis libero.",7,Xbox,sandbox,Nader Inc,351,2003-07-22
855,DIAM VITAE,"Vestibulum ante ipsum primis in faucibus orci luctus et ultrices posuere cubilia Curae; Donec pharetra, magna vestibulum aliquet ultrices, erat tortor sollicitudin mi, sit amet lobortis sapien sapien non mi. Integer ac neque.",33,PS5,racing,"Hickle, Kirlin and Upton",259,2010-12-24
856,NULLA NISL,Integer ac leo. Pellentesque ultrices mattis odio. Donec vitae nisi.,53,PS5,stealth,Rowe Group,427,1996-07-16
857,NUNC PURUS PHASELLUS IN FELIS,Duis at velit eu est congue elementum. In hac habitasse platea dictumst.,33,PC,horror,Dickinson-Labadie,330,2005-12-19
858,DONEC POSUERE METUS VITAE,Nullam sit amet turpis elementum ligula vehicula consequat. Morbi a ipsum.,54,PC,music,"Stokes, Fritsch and Hauck",246,2021-11-05
859,LACUS,Nulla suscipit ligula in lacus. Curabitur at ipsum ac tellus semper interdum. Mauris ullamcorper purus sit amet nulla.,46,Switch,puzzle,Bergnaum-Green,129,1998-05-22
860,DICTUMST MAECENAS UT MASSA QUIS,Etiam vel augue.,40,PC,fighting,"Rice, Thiel and Collins",151,1994-09-27
861,ELIT PROIN INTERDUM MAURIS NON,"Cras in purus eu magna vulputate luctus. Cum sociis natoque penatibus et magnis dis parturient montes, nascetur ridiculus mus. Vivamus vestibulum sagittis sapien.",29,Xbox,platformer,"Harvey, Abshire and Jacobson",469,2006-07-04
862,EST PHASELLUS SIT,Praesent blandit lacinia erat. Vestibulum sed magna at nunc commodo placerat.,22,PC,puzzle,Wolf-Reynolds,313,2020-01-28
863,DUIS MATTIS EGESTAS,"Proin leo odio, porttitor id, consequat in, consequat ut, nulla.",40,PC,sandbox,Hoppe LLC,351,1996-10-08
864,ADIPISCING LOREM VITAE,Proin risus. Praesent lectus.,31,Xbox,music,Wisozk-Dicki,409,2021-04-03
865,NUNC PURUS,"Quisque erat eros, viverra eget, congue eget, semper rutrum, nulla. Nunc purus.",39,Xbox,platformer,"Dickinson, O'Conner and Macejkovic",209,2001-09-15
866,EUISMOD,In congue.,13,PS5,racing,Marks LLC,381,2013-11-01
867,EGET MASSA TEMPOR CONVALLIS,"Integer aliquet, massa id lobortis convallis, tortor risus dapibus augue, vel accumsan tellus nisi eu orci.",22,PC,puzzle,Emmerich-Funk,163,2000-01-08
868,VITAE NISI NAM,"Morbi vestibulum, velit id pretium iaculis, diam erat fermentum justo, nec condimentum neque sapien placerat ante.",52,PC,sports,Zemlak Group,348,2013-08-31
869,PURUS ALIQUET,Vestibulum ante ipsum primis in faucibus orci luctus et ultrices posuere cubilia Curae; Duis faucibus accumsan odio.,26,Xbox,sports,Witting and Sons,432,1996-02-24
870,UT,Etiam pretium iaculis justo. In hac habitasse platea dictumst. Etiam faucibus cursus urna.,8,PC,party,Kemmer LLC,403,2000-08-13
871,CURABITUR GRAVIDA NISI,Phasellus in felis.,21,PS5,music,Buckridge Group,22,1996-08-01
872,MAECENAS,In hac habitasse platea dictumst.,47,Switch,horror,"Feil, Walter and Schroeder",196,2007-04-03
873,AT,Nulla ut erat id mauris vulputate elementum.,13,PS5,party,Murray-Littel,246,2020-02-08
874,SEMPER PORTA VOLUTPAT,Integer ac leo. Pellentesque ultrices mattis odio. Donec vitae nisi.,1,PS5,racing,Nicolas and Sons,162,2023-11-05
875,CUBILIA CURAE NULLA DAPIBUS,"Duis ac nibh. Fusce lacus purus, aliquet at, feugiat non, pretium quis, lectus. Suspendisse potenti.",49,PC,puzzle,Stracke LLC,374,2010-01-30
876,ELEMENTUM IN HAC HABITASSE,Mauris lacinia sapien quis libero. Nullam sit amet turpis elementum ligula vehicula consequat. Morbi a ipsum.,57,PC,strategy,"O'Kon, Bruen and Waelchi",360,2024-09-09
877,DUIS FAUCIBUS ACCUMSAN ODIO CURABITUR,"Vivamus vestibulum sagittis sapien. Cum sociis natoque penatibus et magnis dis parturient montes, nascetur ridiculus mus.",35,Switch,puzzle,Greenholt LLC,26,2019-08-21
878,VEL NISL DUIS,Nulla justo. Aliquam quis turpis eget elit sodales scelerisque.,52,Switch,stealth,Goldner Group,476,2007-02-11
879,ALIQUAM AUGUE QUAM SOLLICITUDIN,"Cras mi pede, malesuada in, imperdiet et, commodo vulputate, justo. In blandit ultrices enim. Lorem ipsum dolor sit amet, consectetuer adipiscing elit.",51,Switch,RPG,Thiel LLC,475,2022-07-19
880,MAURIS EGET,Fusce posuere felis sed lacus.,42,PS5,party,"Rath, Leannon and Labadie",226,2020-09-15
881,MORBI NON,In sagittis dui vel nisl. Duis ac nibh.,9,PS5,music,"Padberg, Kozey and Stracke",463,1998-02-23
882,VITAE QUAM SUSPENDISSE POTENTI NULLAM,Integer ac leo. Pellentesque ultrices mattis odio.,45,PS5,sandbox,Kulas-Boyer,293,1999-11-18
883,TURPIS INTEGER ALIQUET MASSA,"Proin leo odio, porttitor id, consequat in, consequat ut, nulla. Sed accumsan felis. Ut at dolor quis odio consequat varius.",59,PC,adventure,Turcotte-Dach,196,1998-04-30
884,IN LIBERO UT MASSA VOLUTPAT,Proin risus. Praesent lectus.,15,PC,party,"Marks, Schaefer and Monahan",236,2010-08-12
885,ERAT VESTIBULUM SED MAGNA AT,Aliquam erat volutpat. In congue.,42,Switch,RPG,Mitchell Group,424,2007-10-15
886,INTEGER AC LEO PELLENTESQUE ULTRICES,Maecenas tincidunt lacus at velit. Vivamus vel nulla eget eros elementum pellentesque. Quisque porta volutpat erat.,31,PS5,RPG,Nader-Schulist,145,2022-06-25
887,TINCIDUNT LACUS,Etiam justo. Etiam pretium iaculis justo.,9,PC,racing,"Gutmann, Goodwin and Bashirian",203,2023-03-11
888,SED TRISTIQUE IN,"Vestibulum ante ipsum primis in faucibus orci luctus et ultrices posuere cubilia Curae; Donec pharetra, magna vestibulum aliquet ultrices, erat tortor sollicitudin mi, sit amet lobortis sapien sapien non mi.",35,PS5,platformer,Schroeder-Fadel,426,2002-04-06
889,ACCUMSAN,Mauris ullamcorper purus sit amet nulla.,48,Xbox,platformer,"Rau, Wintheiser and Walter",135,2022-06-18
890,NAM DUI PROIN LEO,"Nulla neque libero, convallis eget, eleifend luctus, ultricies eu, nibh. Quisque id justo sit amet sapien dignissim vestibulum. Vestibulum ante ipsum primis in faucibus orci luctus et ultrices posuere cubilia Curae; Nulla dapibus dolor vel est.",26,Switch,RPG,Daniel Inc,468,2007-01-12
891,SAPIEN PLACERAT ANTE,"Donec ut mauris eget massa tempor convallis. Nulla neque libero, convallis eget, eleifend luctus, ultricies eu, nibh.",1,Xbox,fighting,Rutherford-Carroll,312,2006-04-24
892,PELLENTESQUE VIVERRA PEDE AC DIAM,"Morbi vestibulum, velit id pretium iaculis, diam erat fermentum justo, nec condimentum neque sapien placerat ante. Nulla justo. Aliquam quis turpis eget elit sodales scelerisque.",57,Xbox,sandbox,Ledner-Lubowitz,450,2020-07-15
893,RUTRUM,Pellentesque at nulla.,54,Switch,music,Rice Group,363,2021-05-24
894,NEQUE VESTIBULUM EGET VULPUTATE UT,"Donec diam neque, vestibulum eget, vulputate ut, ultrices vel, augue.",17,PS5,RPG,Marks-Osinski,335,2020-06-10
895,HENDRERIT,Vivamus tortor.,6,Xbox,party,"Herman, Harber and Schinner",185,2019-03-11
896,RISUS,Praesent id massa id nisl venenatis lacinia.,1,PC,strategy,"Runolfsdottir, Adams and Schinner",258,2014-09-29
897,VITAE NISI NAM ULTRICES,Donec semper sapien a libero.,46,PS5,racing,"Kuphal, Reilly and Stamm",393,2012-07-11
898,METUS VITAE,Aenean auctor gravida sem. Praesent id massa id nisl venenatis lacinia. Aenean sit amet justo.,2,PC,fighting,Wolff-Halvorson,12,2013-04-04
899,DIS PARTURIENT MONTES,"Lorem ipsum dolor sit amet, consectetuer adipiscing elit. Proin risus. Praesent lectus.",30,Xbox,adventure,Nikolaus-Powlowski,2,2000-10-26
900,ID MAURIS VULPUTATE ELEMENTUM,Vivamus in felis eu sapien cursus vestibulum. Proin eu mi.,59,Xbox,RPG,Kovacek-Johnston,427,1998-01-15
901,NUNC,Quisque ut erat.,26,Xbox,horror,Klein Inc,399,2020-11-28
902,DAPIBUS DUIS,"Mauris enim leo, rhoncus sed, vestibulum sit amet, cursus id, turpis. Integer aliquet, massa id lobortis convallis, tortor risus dapibus augue, vel accumsan tellus nisi eu orci. Mauris lacinia sapien quis libero.",16,PS5,strategy,Gusikowski-Hauck,6,2005-02-14
903,IN HAC,"Donec ut mauris eget massa tempor convallis. Nulla neque libero, convallis eget, eleifend luctus, ultricies eu, nibh.",17,Switch,horror,"Hane, Swaniawski and Ebert",168,2024-11-11
904,ULTRICES,Praesent blandit.,16,PS5,strategy,"Rice, Rutherford and Ortiz",378,2011-12-31
905,NULLA NUNC,"Nulla ac enim. In tempor, turpis nec euismod scelerisque, quam turpis adipiscing lorem, vitae mattis nibh ligula nec sem. Duis aliquam convallis nunc.",32,Switch,strategy,Gulgowski and Sons,347,1999-04-21
906,INTEGER,In sagittis dui vel nisl. Duis ac nibh.,17,Xbox,sports,Koss Inc,220,2011-08-06
907,SCELERISQUE QUAM TURPIS,Praesent blandit lacinia erat.,23,Switch,music,"Dach, Stracke and Goldner",360,2006-10-28
908,ELIT,"Morbi vestibulum, velit id pretium iaculis, diam erat fermentum justo, nec condimentum neque sapien placerat ante. Nulla justo. Aliquam quis turpis eget elit sodales scelerisque.",2,PC,sandbox,"Braun, Greenholt and Murphy",22,2012-03-29
909,INTERDUM MAURIS NON,"Donec odio justo, sollicitudin ut, suscipit a, feugiat et, eros. Vestibulum ac est lacinia nisi venenatis tristique. Fusce congue, diam id ornare imperdiet, sapien urna pretium nisl, ut volutpat sapien arcu sed augue.",15,PS5,party,"Russel, Skiles and Stokes",386,2005-02-16
910,RIDICULUS MUS VIVAMUS VESTIBULUM,"Pellentesque ultrices mattis odio. Donec vitae nisi. Nam ultrices, libero non mattis pulvinar, nulla pede ullamcorper augue, a suscipit nulla elit ac nulla.",39,Xbox,music,"Kassulke, Johnston and Bradtke",350,1994-10-02
911,PHASELLUS ID SAPIEN,Praesent id massa id nisl venenatis lacinia. Aenean sit amet justo.,37,Xbox,simulation,Pfannerstill Group,251,2001-01-08
912,INTERDUM IN,Nunc nisl.,20,Xbox,simulation,"Nader, Nader and Tromp",30,1995-06-18
913,IMPERDIET SAPIEN,Etiam pretium iaculis justo.,21,PC,sandbox,Ortiz-Schmidt,453,2003-03-08
914,VIVERRA PEDE AC DIAM,Maecenas tincidunt lacus at velit. Vivamus vel nulla eget eros elementum pellentesque. Quisque porta volutpat erat.,15,PS5,puzzle,Kuhn LLC,380,2015-08-26
915,CONSECTETUER ADIPISCING ELIT,"Mauris enim leo, rhoncus sed, vestibulum sit amet, cursus id, turpis.",22,Xbox,platformer,Schoen and Sons,233,2000-12-05
916,IACULIS,"Pellentesque viverra pede ac diam. Cras pellentesque volutpat dui. Maecenas tristique, est et tempus semper, est quam pharetra magna, ac consequat metus sapien ut nunc.",6,Switch,horror,Jacobs-Kreiger,272,2022-12-17
917,TELLUS SEMPER,Duis mattis egestas metus. Aenean fermentum. Donec ut mauris eget massa tempor convallis.,49,Xbox,adventure,Wyman-Stokes,375,2017-02-26
918,AT NUNC COMMODO PLACERAT,"Maecenas leo odio, condimentum id, luctus nec, molestie sed, justo. Pellentesque viverra pede ac diam.",60,PS5,sports,"Daugherty, Denesik and Hammes",256,1995-09-07
919,LIBERO CONVALLIS EGET ELEIFEND,Integer ac leo. Pellentesque ultrices mattis odio.,43,PC,fighting,Schumm and Sons,25,2004-04-04
920,ID NULLA ULTRICES,Nullam molestie nibh in lectus. Pellentesque at nulla. Suspendisse potenti.,43,Switch,platformer,King-Hessel,43,1997-10-13
921,ARCU LIBERO RUTRUM,Sed accumsan felis. Ut at dolor quis odio consequat varius.,22,Xbox,adventure,Von and Sons,280,2005-06-03
922,CONSECTETUER ADIPISCING,"Praesent lectus. Vestibulum quam sapien, varius ut, blandit non, interdum in, ante.",47,PC,action,Cassin-Thompson,438,2017-09-11
923,NATOQUE PENATIBUS ET MAGNIS DIS,Phasellus in felis. Donec semper sapien a libero.,44,PC,sports,O'Conner Group,304,2000-02-20
924,NUNC,Etiam justo. Etiam pretium iaculis justo. In hac habitasse platea dictumst.,51,Xbox,adventure,Pfannerstill Inc,123,2016-09-22
925,MI NULLA AC ENIM IN,"Cras pellentesque volutpat dui. Maecenas tristique, est et tempus semper, est quam pharetra magna, ac consequat metus sapien ut nunc. Vestibulum ante ipsum primis in faucibus orci luctus et ultrices posuere cubilia Curae; Mauris viverra diam vitae quam.",39,PC,sandbox,Kuphal LLC,329,2011-01-05
926,EU MI NULLA AC ENIM,Nulla ut erat id mauris vulputate elementum. Nullam varius. Nulla facilisi.,58,Xbox,RPG,Konopelski-Schimmel,484,1998-11-03
927,SIT AMET NUNC,Integer ac leo. Pellentesque ultrices mattis odio. Donec vitae nisi.,25,PC,fighting,"Upton, Bahringer and Stracke",325,2009-08-14
928,BLANDIT ULTRICES,"Aliquam sit amet diam in magna bibendum imperdiet. Nullam orci pede, venenatis non, sodales sed, tincidunt eu, felis.",36,Xbox,RPG,Leannon LLC,207,2015-09-10
929,CRAS NON VELIT,"Cras mi pede, malesuada in, imperdiet et, commodo vulputate, justo.",14,PS5,horror,Bergstrom Inc,422,2014-12-04
930,LIGULA SIT AMET ELEIFEND,Nunc purus.,31,PS5,music,Wuckert LLC,238,2015-06-08
931,CONSECTETUER EGET RUTRUM AT LOREM,"Nullam orci pede, venenatis non, sodales sed, tincidunt eu, felis. Fusce posuere felis sed lacus. Morbi sem mauris, laoreet ut, rhoncus aliquet, pulvinar sed, nisl.",8,Xbox,racing,Senger Group,181,2024-08-19
932,LOBORTIS SAPIEN,Praesent blandit. Nam nulla.,47,Switch,sports,"Oberbrunner, Stehr and Macejkovic",471,2007-12-22
933,PROIN EU MI,"Duis ac nibh. Fusce lacus purus, aliquet at, feugiat non, pretium quis, lectus.",4,PC,sandbox,Effertz-Fritsch,155,2005-02-11
934,CONSEQUAT MORBI A IPSUM INTEGER,"Vestibulum ante ipsum primis in faucibus orci luctus et ultrices posuere cubilia Curae; Nulla dapibus dolor vel est. Donec odio justo, sollicitudin ut, suscipit a, feugiat et, eros.",8,PC,puzzle,"Boehm, Macejkovic and Mueller",272,2014-05-09
935,FERMENTUM JUSTO NEC CONDIMENTUM,"Fusce posuere felis sed lacus. Morbi sem mauris, laoreet ut, rhoncus aliquet, pulvinar sed, nisl. Nunc rhoncus dui vel sem.",22,Xbox,sandbox,"Cremin, Boyer and Ankunding",479,2014-03-13
936,ULLAMCORPER AUGUE A SUSCIPIT,"Duis ac nibh. Fusce lacus purus, aliquet at, feugiat non, pretium quis, lectus. Suspendisse potenti.",55,Switch,fighting,Fritsch-Wisoky,452,1999-06-10
937,QUIS LIBERO NULLAM SIT,Vivamus in felis eu sapien cursus vestibulum.,45,PS5,horror,Romaguera and Sons,250,2007-11-18
938,IN HAC HABITASSE PLATEA DICTUMST,Nulla suscipit ligula in lacus. Curabitur at ipsum ac tellus semper interdum. Mauris ullamcorper purus sit amet nulla.,49,PC,puzzle,Lueilwitz LLC,441,2022-04-27
939,POSUERE METUS VITAE IPSUM ALIQUAM,Vestibulum ante ipsum primis in faucibus orci luctus et ultrices posuere cubilia Curae; Duis faucibus accumsan odio. Curabitur convallis.,24,PS5,action,Considine-Macejkovic,128,2012-03-08
940,TEMPUS VEL,"Mauris ullamcorper purus sit amet nulla. Quisque arcu libero, rutrum ac, lobortis vel, dapibus at, diam. Nam tristique tortor eu pede.",27,Xbox,action,Little and Sons,267,1995-06-05
941,TURPIS A,In congue. Etiam justo.,48,PC,racing,Gislason-Rogahn,85,2001-03-09
942,ERAT EROS VIVERRA,"Nunc nisl. Duis bibendum, felis sed interdum venenatis, turpis enim blandit mi, in porttitor pede justo eu massa.",35,PS5,RPG,Hahn Group,359,2016-01-14
943,AENEAN AUCTOR,Aliquam quis turpis eget elit sodales scelerisque. Mauris sit amet eros.,58,PS5,sports,Dickens Inc,147,2022-10-17
944,EROS VESTIBULUM AC EST LACINIA,Nulla justo. Aliquam quis turpis eget elit sodales scelerisque. Mauris sit amet eros.,22,PC,fighting,Pagac Inc,48,1999-02-05
945,SCELERISQUE MAURIS SIT AMET EROS,"Mauris ullamcorper purus sit amet nulla. Quisque arcu libero, rutrum ac, lobortis vel, dapibus at, diam.",23,Switch,simulation,"Douglas, Littel and Cremin",60,2001-01-29
946,GRAVIDA SEM PRAESENT ID MASSA,In hac habitasse platea dictumst. Maecenas ut massa quis augue luctus tincidunt.,44,PC,simulation,Hintz Group,495,2003-06-28
947,QUAM SAPIEN,Nam tristique tortor eu pede.,19,Switch,simulation,"Paucek, Gleichner and Jacobs",174,2020-08-08
948,LOBORTIS LIGULA SIT AMET,Sed sagittis.,59,PC,simulation,Frami-Kulas,276,2001-02-07
949,POTENTI IN ELEIFEND,"Phasellus id sapien in sapien iaculis congue. Vivamus metus arcu, adipiscing molestie, hendrerit at, vulputate vitae, nisl. Aenean lectus.",26,Xbox,sports,Jacobi Group,475,2004-07-23
950,RHONCUS DUI,Nulla mollis molestie lorem.,6,PC,sandbox,Halvorson-Kub,253,2006-04-15
951,PORTTITOR LACUS AT TURPIS,"Morbi vel lectus in quam fringilla rhoncus. Mauris enim leo, rhoncus sed, vestibulum sit amet, cursus id, turpis.",17,Xbox,racing,Yost-Cummerata,323,2019-01-24
952,CONDIMENTUM CURABITUR,Cras non velit nec nisi vulputate nonummy. Maecenas tincidunt lacus at velit. Vivamus vel nulla eget eros elementum pellentesque.,9,Switch,simulation,Gottlieb-Rosenbaum,453,2014-10-07
953,VIVERRA EGET CONGUE,Aenean lectus. Pellentesque eget nunc. Donec quis orci eget orci vehicula condimentum.,11,PC,adventure,Jacobs Group,458,2015-08-22
954,VULPUTATE JUSTO IN BLANDIT,Praesent blandit lacinia erat. Vestibulum sed magna at nunc commodo placerat.,32,Xbox,puzzle,Reichel-Collier,391,2012-06-14
955,AUGUE,"Morbi porttitor lorem id ligula. Suspendisse ornare consequat lectus. In est risus, auctor sed, tristique in, tempus sit amet, sem.",24,Switch,party,O'Reilly-Kunze,58,2007-07-22
956,CONGUE ELEMENTUM IN,"Aenean fermentum. Donec ut mauris eget massa tempor convallis. Nulla neque libero, convallis eget, eleifend luctus, ultricies eu, nibh.",15,PS5,strategy,Zemlak Inc,413,1998-03-01
957,VELIT NEC NISI VULPUTATE NONUMMY,Etiam vel augue.,20,PC,racing,Yundt and Sons,490,1999-12-07
958,LACUS CURABITUR AT IPSUM,Nam nulla.,15,PS5,horror,Rolfson-Abbott,135,2015-02-15
959,NON PRETIUM,Vivamus tortor. Duis mattis egestas metus. Aenean fermentum.,8,Switch,fighting,Bashirian Inc,65,2007-03-09
960,FEUGIAT ET EROS VESTIBULUM,Vestibulum rutrum rutrum neque. Aenean auctor gravida sem. Praesent id massa id nisl venenatis lacinia.,18,PS5,puzzle,Bogan-White,431,2011-02-13
961,FACILISI CRAS NON VELIT NEC,"Lorem ipsum dolor sit amet, consectetuer adipiscing elit. Proin risus. Praesent lectus.",42,PS5,platformer,Stracke-Wunsch,270,2002-09-03
962,PELLENTESQUE ULTRICES MATTIS ODIO,Duis consequat dui nec nisi volutpat eleifend. Donec ut dolor. Morbi vel lectus in quam fringilla rhoncus.,24,PC,music,"Moore, Will and Trantow",421,1998-01-29
963,CONVALLIS NULLA NEQUE,"Nulla ac enim. In tempor, turpis nec euismod scelerisque, quam turpis adipiscing lorem, vitae mattis nibh ligula nec sem. Duis aliquam convallis nunc.",11,Xbox,racing,Zemlak and Sons,347,2002-03-21
964,FUSCE,Vivamus tortor. Duis mattis egestas metus. Aenean fermentum.,59,Switch,music,Cronin-Watsica,345,1995-03-31
965,MASSA ID NISL VENENATIS,"Maecenas leo odio, condimentum id, luctus nec, molestie sed, justo. Pellentesque viverra pede ac diam.",4,PS5,music,Grady Group,148,2012-11-13
966,LACINIA ERAT VESTIBULUM SED MAGNA,Vestibulum rutrum rutrum neque. Aenean auctor gravida sem. Praesent id massa id nisl venenatis lacinia.,33,PS5,RPG,Schumm-Rohan,219,2009-12-12
967,AT TURPIS,Aenean fermentum. Donec ut mauris eget massa tempor convallis.,56,PS5,simulation,Prohaska Group,422,2022-12-24
968,ERAT NULLA,In hac habitasse platea dictumst. Etiam faucibus cursus urna. Ut tellus.,58,Xbox,puzzle,"Ledner, Mann and Kovacek",456,1998-01-23
969,CONVALLIS EGET ELEIFEND,"In est risus, auctor sed, tristique in, tempus sit amet, sem. Fusce consequat. Nulla nisl.",13,Switch,horror,Emmerich-Orn,393,2015-04-02
970,AENEAN SIT AMET JUSTO,Vestibulum rutrum rutrum neque.,4,Switch,fighting,Mertz-Runolfsdottir,59,2020-06-27
971,PELLENTESQUE ULTRICES MATTIS,"In tempor, turpis nec euismod scelerisque, quam turpis adipiscing lorem, vitae mattis nibh ligula nec sem. Duis aliquam convallis nunc. Proin at turpis a pede posuere nonummy.",45,Switch,fighting,"Johnson, Nienow and Spencer",115,2015-10-18
972,MATTIS NIBH,"Quisque id justo sit amet sapien dignissim vestibulum. Vestibulum ante ipsum primis in faucibus orci luctus et ultrices posuere cubilia Curae; Nulla dapibus dolor vel est. Donec odio justo, sollicitudin ut, suscipit a, feugiat et, eros.",21,Switch,adventure,Russel-Franecki,190,2024-02-01
973,NULLAM MOLESTIE,Integer ac leo. Pellentesque ultrices mattis odio.,26,PC,horror,Batz and Sons,372,2008-10-20
974,SED AUGUE ALIQUAM ERAT,"Donec vitae nisi. Nam ultrices, libero non mattis pulvinar, nulla pede ullamcorper augue, a suscipit nulla elit ac nulla. Sed vel enim sit amet nunc viverra dapibus.",56,Switch,RPG,"Stroman, Toy and Hoppe",2,2003-03-25
975,IN,"Integer pede justo, lacinia eget, tincidunt eget, tempus vel, pede. Morbi porttitor lorem id ligula. Suspendisse ornare consequat lectus.",7,PS5,simulation,Aufderhar-Crist,288,2018-04-26
976,ORCI LUCTUS ET ULTRICES POSUERE,Fusce posuere felis sed lacus.,14,PC,RPG,"Bernier, D'Amore and Heaney",349,2005-06-19
977,AT FEUGIAT NON PRETIUM QUIS,"Duis at velit eu est congue elementum. In hac habitasse platea dictumst. Morbi vestibulum, velit id pretium iaculis, diam erat fermentum justo, nec condimentum neque sapien placerat ante.",4,PS5,stealth,"Zulauf, Leannon and Harber",124,2018-11-29
978,ENIM SIT AMET NUNC VIVERRA,"Integer non velit. Donec diam neque, vestibulum eget, vulputate ut, ultrices vel, augue. Vestibulum ante ipsum primis in faucibus orci luctus et ultrices posuere cubilia Curae; Donec pharetra, magna vestibulum aliquet ultrices, erat tortor sollicitudin mi, sit amet lobortis sapien sapien non mi.",45,PC,sports,"Toy, Lemke and Kuhn",329,2006-12-18
979,EU MASSA DONEC DAPIBUS DUIS,Nunc purus. Phasellus in felis.,42,PC,puzzle,Lubowitz Group,386,2004-08-16
980,VARIUS NULLA FACILISI CRAS,"Fusce lacus purus, aliquet at, feugiat non, pretium quis, lectus. Suspendisse potenti.",27,PS5,fighting,Ledner Inc,147,2013-03-01
981,DUIS,Cras non velit nec nisi vulputate nonummy. Maecenas tincidunt lacus at velit.,28,PC,horror,Tremblay-Altenwerth,447,2012-10-22
982,EU MASSA DONEC DAPIBUS,Maecenas ut massa quis augue luctus tincidunt.,46,PC,platformer,Carroll-Goldner,491,2008-04-28
983,MAGNA,"Donec diam neque, vestibulum eget, vulputate ut, ultrices vel, augue.",54,PS5,sandbox,Schneider-Carroll,165,2000-02-03
984,TINCIDUNT IN LEO MAECENAS PULVINAR,"Quisque porta volutpat erat. Quisque erat eros, viverra eget, congue eget, semper rutrum, nulla.",34,Xbox,strategy,Hessel and Sons,281,1995-07-08
985,PROIN EU MI NULLA AC,Morbi non quam nec dui luctus rutrum.,57,Xbox,platformer,"Koelpin, Spencer and Predovic",103,2009-06-16
986,ODIO ELEMENTUM EU,"Nullam orci pede, venenatis non, sodales sed, tincidunt eu, felis. Fusce posuere felis sed lacus. Morbi sem mauris, laoreet ut, rhoncus aliquet, pulvinar sed, nisl.",58,Switch,sandbox,"Huel, VonRueden and Simonis",448,1995-11-03
987,METUS,Vivamus vel nulla eget eros elementum pellentesque.,44,PC,platformer,Breitenberg-O'Connell,26,2004-08-14
988,ARCU,Nulla tempus. Vivamus in felis eu sapien cursus vestibulum. Proin eu mi.,18,Switch,RPG,Miller-Smitham,342,2011-12-29
989,AMET,"Mauris enim leo, rhoncus sed, vestibulum sit amet, cursus id, turpis. Integer aliquet, massa id lobortis convallis, tortor risus dapibus augue, vel accumsan tellus nisi eu orci.",41,PC,horror,Weimann-Tromp,66,1995-01-03
990,IN CONGUE ETIAM,Nunc purus. Phasellus in felis.,51,Xbox,racing,Bednar and Sons,238,2009-11-09
991,CONVALLIS NULLA,"Nulla ac enim. In tempor, turpis nec euismod scelerisque, quam turpis adipiscing lorem, vitae mattis nibh ligula nec sem. Duis aliquam convallis nunc.",14,PC,racing,Waelchi-Shields,471,2005-05-17
992,ELIT AC NULLA SED,Vivamus vestibulum sagittis sapien.,51,PC,puzzle,Fay-Gutmann,212,2014-12-11
993,QUIS TURPIS SED ANTE,"Fusce congue, diam id ornare imperdiet, sapien urna pretium nisl, ut volutpat sapien arcu sed augue.",46,PC,puzzle,Schroeder-Reilly,287,1996-11-25
994,NULLA,"Nulla ac enim. In tempor, turpis nec euismod scelerisque, quam turpis adipiscing lorem, vitae mattis nibh ligula nec sem. Duis aliquam convallis nunc.",57,PS5,adventure,Lynch-Schuppe,303,2019-04-02
995,IN,Nunc rhoncus dui vel sem. Sed sagittis.,32,PS5,puzzle,Grady Group,58,2000-08-03
996,SAPIEN DIGNISSIM,In sagittis dui vel nisl. Duis ac nibh.,7,PC,strategy,Crooks-Ernser,398,2002-01-21
997,PEDE AC,"Vestibulum ac est lacinia nisi venenatis tristique. Fusce congue, diam id ornare imperdiet, sapien urna pretium nisl, ut volutpat sapien arcu sed augue.",32,Xbox,stealth,"Lindgren, Mayer and Quigley",215,2018-10-05
998,LEO,Aenean lectus. Pellentesque eget nunc.,32,Xbox,music,Batz Inc,399,1997-09-22
999,MAGNA,"Vestibulum quam sapien, varius ut, blandit non, interdum in, ante. Vestibulum ante ipsum primis in faucibus orci luctus et ultrices posuere cubilia Curae; Duis faucibus accumsan odio.",11,PS5,racing,Dibbert-Marquardt,102,2003-02-28
1000,VULPUTATE ELEMENTUM NULLAM VARIUS,Vivamus vel nulla eget eros elementum pellentesque. Quisque porta volutpat erat.,19,Xbox,sports,"Steuber, O'Conner and Beer",440,2009-12-20
