game_id,title,description,price,platform,genre,developer,stock_quantity,release_date
1,QUAM,Proin risus. Praesent lectus.,$33.65,Switch,Racing,Gerlach Inc,234,1998-12-05
2,LIGULA SUSPENDISSE,Aenean auctor gravida sem. Praesent id massa id nisl venenatis lacinia.,$40.38,Switch,Strategy,Nienow and Sons,54,2023-06-18
3,NULLA PEDE,Aenean lectus.,$33.20,PS5,Puzzle,"Rutherford, Moore and Ondricka",19,2004-07-13
4,DIAM VITAE QUAM SUSPENDISSE POTENTI,In congue.,$37.35,PC,Fighting,Halvorson-Hand,420,2017-05-01
5,SOLLICITUDIN UT,Nunc purus. Phasellus in felis.,$18.22,PS5,Sports,"O'Kon, Waters and Harber",367,2015-04-23
6,VESTIBULUM,Fusce consequat. Nulla nisl.,$55.16,Xbox,Action,Hegmann Inc,449,2004-01-16
7,ULTRICES ENIM LOREM,Morbi ut odio.,$45.25,Xbox,Platformer,Abbott-Dooley,313,2020-03-25
8,FAUCIBUS ORCI LUCTUS ET,"Curabitur in libero ut massa volutpat convallis. Morbi odio odio, elementum eu, interdum eu, tincidunt in, leo.",$40.54,Xbox,Strategy,"Johnson, Bradtke and Huel",462,1994-10-05
9,BLANDIT,Pellentesque at nulla.,$42.59,PC,Sports,"Stamm, Zemlak and Batz",368,2009-08-17
10,SAPIEN SAPIEN NON MI,Integer tincidunt ante vel ipsum. Praesent blandit lacinia erat.,$49.10,PC,Adventure,Donnelly LLC,433,1995-05-04
11,PLATEA DICTUMST MORBI VESTIBULUM VELIT,Vestibulum ante ipsum primis in faucibus orci luctus et ultrices posuere cubilia Curae; Mauris viverra diam vitae quam. Suspendisse potenti.,$3.74,Switch,Simulation,Wilkinson-Cruickshank,395,2011-12-07
12,IN,Duis mattis egestas metus.,$16.88,Xbox,Adventure,Swaniawski LLC,48,2010-04-08
13,ULTRICES VEL AUGUE VESTIBULUM ANTE,"Quisque erat eros, viverra eget, congue eget, semper rutrum, nulla. Nunc purus.",$41.92,Xbox,Survival,"Turner, Auer and Schamberger",204,2003-11-21
14,NULLA PEDE,"Vestibulum ante ipsum primis in faucibus orci luctus et ultrices posuere cubilia Curae; Donec pharetra, magna vestibulum aliquet ultrices, erat tortor sollicitudin mi, sit amet lobortis sapien sapien non mi. Integer ac neque.",$47.59,Switch,Fighting,Bosco-Muller,192,2013-04-18
15,VEHICULA CONSEQUAT MORBI,Sed vel enim sit amet nunc viverra dapibus. Nulla suscipit ligula in lacus.,$2.04,Switch,Sports,"Gorczany, Beatty and Armstrong",446,2005-05-22
16,ET EROS VESTIBULUM AC,Nullam sit amet turpis elementum ligula vehicula consequat. Morbi a ipsum.,$47.54,Switch,Adventure,"Kunze, Wehner and Stark",217,2011-09-08
17,JUSTO NEC CONDIMENTUM,Maecenas rhoncus aliquam lacus.,$3.20,PC,Fighting,"Walsh, Mitchell and Greenholt",488,2019-10-26
18,IN SAGITTIS DUI,Morbi a ipsum.,$9.62,Switch,Educational,Waelchi Inc,54,2018-07-19
19,VESTIBULUM SED MAGNA AT NUNC,"Proin leo odio, porttitor id, consequat in, consequat ut, nulla. Sed accumsan felis.",$27.88,Xbox,Action,O'Conner LLC,262,1997-10-19
20,VESTIBULUM ANTE IPSUM PRIMIS IN,Aenean sit amet justo. Morbi ut odio.,$9.23,Switch,Educational,Reilly-Walsh,190,2003-02-09
21,QUIS LECTUS SUSPENDISSE POTENTI IN,Pellentesque viverra pede ac diam. Cras pellentesque volutpat dui.,$16.03,PC,Simulation,Bailey-Turcotte,233,1997-06-04
22,AUGUE VEL ACCUMSAN TELLUS,Mauris sit amet eros. Suspendisse accumsan tortor quis turpis.,$5.39,Switch,Racing,Wolf-Smitham,411,2006-01-03
23,PELLENTESQUE ULTRICES MATTIS ODIO,Donec quis orci eget orci vehicula condimentum. Curabitur in libero ut massa volutpat convallis.,$27.43,PC,Racing,Morissette Inc,491,2024-08-31
24,VIVERRA EGET,Aliquam non mauris. Morbi non lectus.,$45.10,Switch,Adventure,"Grady, Satterfield and Luettgen",401,2002-06-08
25,ERAT TORTOR SOLLICITUDIN MI SIT,Donec ut mauris eget massa tempor convallis.,$32.99,Xbox,Survival,"Kirlin, Mosciski and Bernhard",316,2020-11-09
26,CONSEQUAT DUI NEC,"Integer aliquet, massa id lobortis convallis, tortor risus dapibus augue, vel accumsan tellus nisi eu orci. Mauris lacinia sapien quis libero.",$54.35,Switch,Racing,Durgan Inc,428,1999-08-08
27,AMET LOBORTIS SAPIEN SAPIEN NON,Nulla tempus.,$18.73,PC,Educational,Littel LLC,173,2012-10-18
28,NASCETUR,"Donec vitae nisi. Nam ultrices, libero non mattis pulvinar, nulla pede ullamcorper augue, a suscipit nulla elit ac nulla.",$32.03,Switch,Sports,Breitenberg LLC,295,1994-05-21
29,CONDIMENTUM CURABITUR IN LIBERO UT,Sed accumsan felis. Ut at dolor quis odio consequat varius.,$45.88,Switch,Action,"Abbott, Ortiz and Rutherford",235,2001-03-22
30,SEM,Maecenas pulvinar lobortis est. Phasellus sit amet erat.,$34.97,Switch,Racing,"Steuber, Auer and Nolan",115,2014-02-20
31,IN HAC,Donec vitae nisi.,$21.04,PC,Racing,Bahringer-Kozey,332,2009-02-28
32,VEL LECTUS IN QUAM FRINGILLA,Ut at dolor quis odio consequat varius.,$45.09,Xbox,Role-playing,Volkman LLC,277,1996-09-07
33,RUTRUM AC LOBORTIS,Nullam varius. Nulla facilisi.,$41.29,Xbox,Music,Lynch-Nitzsche,407,2005-05-18
34,NULLA SED VEL ENIM,Proin risus. Praesent lectus.,$50.59,Switch,Strategy,Sipes Group,278,2020-08-21
35,FAUCIBUS ORCI LUCTUS ET ULTRICES,Aenean sit amet justo. Morbi ut odio.,$9.39,Xbox,Educational,Stanton-Boyle,314,2015-03-21
36,SAPIEN QUIS LIBERO NULLAM,Curabitur at ipsum ac tellus semper interdum. Mauris ullamcorper purus sit amet nulla.,$38.02,Switch,Sports,"Dare, Cremin and Hudson",495,1999-03-12
37,HAC HABITASSE PLATEA DICTUMST ALIQUAM,Aenean sit amet justo.,$14.26,Xbox,Racing,Boyer-Haag,169,2010-09-25
38,CONGUE,"Fusce lacus purus, aliquet at, feugiat non, pretium quis, lectus. Suspendisse potenti.",$27.13,PC,Music,Cassin LLC,464,2022-11-05
39,IN HAC HABITASSE,"Cum sociis natoque penatibus et magnis dis parturient montes, nascetur ridiculus mus. Vivamus vestibulum sagittis sapien.",$45.31,PC,Educational,White Inc,212,2018-09-29
40,ORCI LUCTUS ET,"Vestibulum quam sapien, varius ut, blandit non, interdum in, ante. Vestibulum ante ipsum primis in faucibus orci luctus et ultrices posuere cubilia Curae; Duis faucibus accumsan odio.",$8.92,PC,Puzzle,"Predovic, Morissette and Oberbrunner",55,2010-04-13
41,ID,"Donec ut mauris eget massa tempor convallis. Nulla neque libero, convallis eget, eleifend luctus, ultricies eu, nibh.",$30.48,PS5,Platformer,King-Heaney,482,2007-03-10
42,IN PORTTITOR,"Vestibulum ante ipsum primis in faucibus orci luctus et ultrices posuere cubilia Curae; Donec pharetra, magna vestibulum aliquet ultrices, erat tortor sollicitudin mi, sit amet lobortis sapien sapien non mi. Integer ac neque.",$40.17,Xbox,Adventure,"Langworth, Strosin and Blanda",358,2017-02-26
43,AUGUE VESTIBULUM ANTE,Ut at dolor quis odio consequat varius.,$34.33,PS5,Platformer,"Wintheiser, Schuster and Weimann",128,2012-09-07
44,DIAM,"In blandit ultrices enim. Lorem ipsum dolor sit amet, consectetuer adipiscing elit.",$45.35,Xbox,Fighting,"Schaefer, Haley and Swaniawski",8,2023-10-14
45,AT FEUGIAT NON,Aenean fermentum.,$44.23,PS5,Educational,Swift-Willms,392,1999-09-07
46,EGESTAS,Nulla facilisi. Cras non velit nec nisi vulputate nonummy.,$13.36,Switch,Platformer,Koch and Sons,386,2002-04-04
47,MORBI ODIO ODIO ELEMENTUM EU,Curabitur gravida nisi at nibh.,$16.48,PC,Music,"Howe, Mertz and Wuckert",350,2001-01-14
48,LIGULA PELLENTESQUE ULTRICES PHASELLUS,"Lorem ipsum dolor sit amet, consectetuer adipiscing elit.",$13.42,Switch,Action,Emmerich-McCullough,257,2006-08-16
49,VARIUS UT BLANDIT,"Integer pede justo, lacinia eget, tincidunt eget, tempus vel, pede.",$15.15,Switch,Action,Cartwright and Sons,427,2000-12-30
50,PRIMIS,Nam nulla.,$11.91,PS5,Action,Swaniawski Inc,424,2003-01-13
51,MAECENAS PULVINAR LOBORTIS EST PHASELLUS,Morbi a ipsum. Integer a nibh.,$7.66,PS5,Stealth,Kohler Group,49,2010-04-24
52,IN QUAM,Duis at velit eu est congue elementum. In hac habitasse platea dictumst.,$17.83,PS5,Role-playing,Lockman-Treutel,54,2011-02-21
53,AMET EROS,"Morbi sem mauris, laoreet ut, rhoncus aliquet, pulvinar sed, nisl. Nunc rhoncus dui vel sem.",$39.49,PC,Adventure,Breitenberg Group,121,2003-05-12
54,ORNARE CONSEQUAT LECTUS IN,"Duis bibendum, felis sed interdum venenatis, turpis enim blandit mi, in porttitor pede justo eu massa.",$49.19,PC,Sports,Lynch-Spinka,255,2011-07-17
55,PURUS EU,Maecenas ut massa quis augue luctus tincidunt.,$25.74,Xbox,Stealth,Breitenberg Group,149,2014-06-05
56,NEC NISI VULPUTATE,Praesent blandit.,$26.72,Xbox,Adventure,Trantow-Monahan,77,2005-03-02
57,NIBH,"Vivamus metus arcu, adipiscing molestie, hendrerit at, vulputate vitae, nisl. Aenean lectus.",$55.44,PC,Role-playing,Daniel LLC,375,1994-08-17
58,VIVAMUS VEL NULLA,"Donec ut mauris eget massa tempor convallis. Nulla neque libero, convallis eget, eleifend luctus, ultricies eu, nibh.",$52.30,PC,Adventure,"Zulauf, Huel and Schowalter",363,2004-11-11
59,ALIQUET PULVINAR SED,Praesent blandit lacinia erat. Vestibulum sed magna at nunc commodo placerat.,$43.79,Xbox,Survival,Connelly-Brakus,311,1994-03-03
60,SUSPENDISSE POTENTI IN ELEIFEND QUAM,Maecenas rhoncus aliquam lacus. Morbi quis tortor id nulla ultrices aliquet.,$39.80,PS5,Role-playing,Lemke Group,61,2023-08-23
61,NULLA NISL NUNC,Nam tristique tortor eu pede.,$31.08,Xbox,Survival,King LLC,464,2005-02-28
62,FEUGIAT ET EROS,"Lorem ipsum dolor sit amet, consectetuer adipiscing elit.",$21.49,PC,Action,"Dooley, Lockman and Berge",127,2016-12-07
63,VEL,Nullam sit amet turpis elementum ligula vehicula consequat. Morbi a ipsum.,$47.18,PS5,Puzzle,Lehner LLC,229,1995-07-27
64,RIDICULUS,"Sed sagittis. Nam congue, risus semper porta volutpat, quam pede lobortis ligula, sit amet eleifend pede libero quis orci.",$51.19,PS5,Stealth,"Mosciski, Feeney and Rau",237,1998-03-11
65,AT VELIT EU EST CONGUE,Nulla suscipit ligula in lacus. Curabitur at ipsum ac tellus semper interdum.,$45.82,PS5,Puzzle,Reichel-Daniel,77,2007-08-04
66,DUI LUCTUS RUTRUM NULLA,Fusce posuere felis sed lacus.,$52.43,Switch,Action,"VonRueden, Marks and Murphy",390,2022-11-09
67,VOLUTPAT DUI MAECENAS TRISTIQUE,Praesent blandit lacinia erat. Vestibulum sed magna at nunc commodo placerat.,$0.32,PC,Simulation,"Prosacco, Johns and Franecki",168,2007-04-16
68,PRAESENT BLANDIT NAM,"Fusce congue, diam id ornare imperdiet, sapien urna pretium nisl, ut volutpat sapien arcu sed augue.",$3.24,Switch,Simulation,Kihn and Sons,288,1994-02-20
69,A FEUGIAT ET EROS,Proin eu mi.,$14.59,Switch,Sports,"Rath, Bernhard and Armstrong",53,2022-02-24
70,NULLA,"Cras pellentesque volutpat dui. Maecenas tristique, est et tempus semper, est quam pharetra magna, ac consequat metus sapien ut nunc.",$9.49,Switch,Music,Jast-Cartwright,110,1997-05-07
71,A IPSUM INTEGER A NIBH,Duis aliquam convallis nunc. Proin at turpis a pede posuere nonummy.,$38.50,PC,Puzzle,"Runolfsdottir, Hammes and Cummerata",132,2012-02-18
72,MOLESTIE NIBH IN LECTUS PELLENTESQUE,"Donec ut mauris eget massa tempor convallis. Nulla neque libero, convallis eget, eleifend luctus, ultricies eu, nibh.",$53.82,PS5,Platformer,"Metz, Grant and Streich",326,2019-02-01
73,VIVAMUS METUS ARCU,"Nunc nisl. Duis bibendum, felis sed interdum venenatis, turpis enim blandit mi, in porttitor pede justo eu massa.",$39.49,Xbox,Sports,Auer and Sons,253,2005-09-20
74,DUI VEL NISL DUIS AC,Aliquam non mauris. Morbi non lectus.,$22.92,PC,Action,"Ondricka, Mayer and Tromp",307,2005-01-20
75,ULTRICES,Mauris ullamcorper purus sit amet nulla.,$19.98,PC,Racing,Veum-Rutherford,203,2012-07-26
76,ENIM,"Suspendisse ornare consequat lectus. In est risus, auctor sed, tristique in, tempus sit amet, sem.",$54.97,Xbox,Educational,Dooley LLC,235,2004-11-28
77,VEL SEM SED,Aenean sit amet justo. Morbi ut odio.,$49.70,PS5,Sports,Stracke Inc,285,2007-08-16
78,VEHICULA,"Donec odio justo, sollicitudin ut, suscipit a, feugiat et, eros. Vestibulum ac est lacinia nisi venenatis tristique.",$26.50,PC,Stealth,Buckridge-O'Keefe,111,2012-07-31
79,PELLENTESQUE QUISQUE PORTA VOLUTPAT ERAT,Morbi non quam nec dui luctus rutrum.,$37.39,PC,Stealth,"Batz, Macejkovic and Jast",409,2011-05-28
80,SIT AMET CURSUS,"Nulla neque libero, convallis eget, eleifend luctus, ultricies eu, nibh.",$40.63,PC,Racing,"Frami, Macejkovic and Dooley",410,2021-08-14
81,A IPSUM,"Cum sociis natoque penatibus et magnis dis parturient montes, nascetur ridiculus mus. Etiam vel augue.",$50.52,Xbox,Puzzle,Runte Group,8,2013-01-12
82,LIBERO UT MASSA VOLUTPAT CONVALLIS,Donec ut dolor.,$25.79,PS5,Racing,"Hansen, Dietrich and Schaden",240,2002-06-14
83,PROIN,Nullam molestie nibh in lectus. Pellentesque at nulla.,$19.84,Xbox,Role-playing,Kovacek-Yundt,256,1998-01-10
84,ETIAM,Donec posuere metus vitae ipsum.,$18.66,Xbox,Role-playing,Sawayn-Ondricka,489,2004-02-27
85,DICTUMST,"Proin leo odio, porttitor id, consequat in, consequat ut, nulla. Sed accumsan felis.",$41.88,PS5,Music,"Nienow, Weissnat and Gibson",256,1996-12-03
86,ALIQUET ULTRICES ERAT,"In est risus, auctor sed, tristique in, tempus sit amet, sem. Fusce consequat.",$1.32,PC,Action,Crist and Sons,237,1998-05-08
87,MASSA QUIS,Fusce consequat. Nulla nisl.,$24.68,PS5,Stealth,Wilderman-Lueilwitz,445,2016-05-01
88,NIBH IN LECTUS PELLENTESQUE AT,"Cum sociis natoque penatibus et magnis dis parturient montes, nascetur ridiculus mus.",$43.18,PS5,Educational,Luettgen LLC,295,1998-11-27
89,AENEAN AUCTOR,Praesent blandit lacinia erat.,$23.63,Switch,Adventure,Rolfson Group,360,1994-02-15
90,QUIS LIBERO NULLAM,Vivamus vel nulla eget eros elementum pellentesque. Quisque porta volutpat erat.,$48.91,PS5,Simulation,Davis-Conroy,123,2013-10-18
91,AT LOREM INTEGER TINCIDUNT,Integer non velit.,$27.45,Xbox,Racing,"Streich, Rogahn and O'Conner",156,2017-02-24
92,PULVINAR LOBORTIS,Integer a nibh.,$44.94,Xbox,Fighting,"Mertz, Nitzsche and Reilly",89,2021-09-29
93,NUNC DONEC QUIS ORCI EGET,Proin interdum mauris non ligula pellentesque ultrices.,$42.20,Xbox,Puzzle,Powlowski-Corwin,233,2006-11-16
94,VEL ACCUMSAN TELLUS NISI EU,Vivamus vestibulum sagittis sapien.,$26.77,PC,Strategy,Green-Braun,51,2018-05-17
95,AT FEUGIAT NON PRETIUM,Phasellus in felis. Donec semper sapien a libero.,$54.28,PS5,Horror,Schultz-Hamill,159,2008-01-22
96,AT,Aenean lectus.,$51.33,PC,Platformer,Rohan and Sons,190,2014-06-19
97,TELLUS NULLA,"Praesent lectus. Vestibulum quam sapien, varius ut, blandit non, interdum in, ante.",$20.55,Xbox,Simulation,"Oberbrunner, Carter and Powlowski",180,1997-03-18
98,MORBI NON LECTUS ALIQUAM SIT,Cras non velit nec nisi vulputate nonummy.,$57.96,PS5,Simulation,Zieme-Purdy,290,2015-08-25
99,SAPIEN IN,"In tempor, turpis nec euismod scelerisque, quam turpis adipiscing lorem, vitae mattis nibh ligula nec sem.",$58.78,PS5,Simulation,Ondricka-Hauck,360,2016-01-12
100,NON,In hac habitasse platea dictumst.,$18.90,Xbox,Simulation,McClure-Champlin,434,2005-10-02
101,VOLUTPAT IN CONGUE ETIAM JUSTO,Donec ut mauris eget massa tempor convallis.,$4.07,PC,Adventure,"Tremblay, Lang and Doyle",17,2019-08-05
102,RUTRUM,"Maecenas leo odio, condimentum id, luctus nec, molestie sed, justo. Pellentesque viverra pede ac diam.",$30.61,PC,Music,Howell and Sons,85,2013-05-13
103,INTEGER AC LEO,Suspendisse accumsan tortor quis turpis. Sed ante.,$30.21,PC,Racing,Corkery and Sons,258,2008-10-08
104,IN FELIS DONEC SEMPER SAPIEN,"Aliquam sit amet diam in magna bibendum imperdiet. Nullam orci pede, venenatis non, sodales sed, tincidunt eu, felis.",$59.03,Xbox,Simulation,Shields-Gerhold,389,2012-08-16
105,UT ODIO CRAS MI PEDE,Vestibulum sed magna at nunc commodo placerat.,$52.94,Xbox,Adventure,Bruen-Ledner,143,2024-08-19
106,ALIQUAM ERAT,Vestibulum sed magna at nunc commodo placerat.,$38.89,PC,Action,"Hagenes, Pollich and Friesen",43,2003-11-15
107,ACCUMSAN FELIS,"Vestibulum ante ipsum primis in faucibus orci luctus et ultrices posuere cubilia Curae; Donec pharetra, magna vestibulum aliquet ultrices, erat tortor sollicitudin mi, sit amet lobortis sapien sapien non mi. Integer ac neque.",$2.21,PS5,Role-playing,Leannon and Sons,51,2003-05-31
108,INTERDUM MAURIS ULLAMCORPER PURUS SIT,Nulla nisl.,$48.73,PC,Horror,"Jast, Breitenberg and Oberbrunner",295,2011-06-04
109,METUS ARCU ADIPISCING MOLESTIE,Praesent blandit lacinia erat. Vestibulum sed magna at nunc commodo placerat.,$32.30,PS5,Fighting,Kling and Sons,468,1998-02-01
110,PRAESENT BLANDIT NAM,Vestibulum ante ipsum primis in faucibus orci luctus et ultrices posuere cubilia Curae; Duis faucibus accumsan odio.,$7.59,PC,Platformer,"Homenick, Armstrong and Runolfsdottir",100,2000-11-20
111,POSUERE FELIS,Praesent id massa id nisl venenatis lacinia. Aenean sit amet justo.,$11.44,Switch,Music,Sawayn Inc,292,2024-07-04
112,UT MASSA QUIS AUGUE,Curabitur at ipsum ac tellus semper interdum.,$7.35,PS5,Racing,Leannon-Schowalter,400,2011-02-05
113,ERAT VESTIBULUM,"Aliquam augue quam, sollicitudin vitae, consectetuer eget, rutrum at, lorem.",$17.54,PS5,Action,Bayer Group,370,2021-02-22
114,DUIS AT VELIT EU,"Donec diam neque, vestibulum eget, vulputate ut, ultrices vel, augue. Vestibulum ante ipsum primis in faucibus orci luctus et ultrices posuere cubilia Curae; Donec pharetra, magna vestibulum aliquet ultrices, erat tortor sollicitudin mi, sit amet lobortis sapien sapien non mi.",$24.25,Xbox,Adventure,"Zboncak, Cummings and Doyle",461,2008-10-18
115,IPSUM,"Duis bibendum, felis sed interdum venenatis, turpis enim blandit mi, in porttitor pede justo eu massa.",$0.19,PS5,Puzzle,"Ziemann, Huel and Morissette",325,2025-02-05
116,COMMODO VULPUTATE JUSTO IN BLANDIT,"Duis ac nibh. Fusce lacus purus, aliquet at, feugiat non, pretium quis, lectus.",$42.37,PC,Simulation,"Runte, Strosin and McCullough",275,2020-03-19
117,COMMODO,Vivamus in felis eu sapien cursus vestibulum. Proin eu mi.,$47.78,PS5,Horror,Graham-O'Reilly,368,2006-06-27
118,LOBORTIS EST PHASELLUS SIT,In hac habitasse platea dictumst. Maecenas ut massa quis augue luctus tincidunt.,$48.06,PS5,Educational,"Schmeler, Langworth and Pouros",124,1995-01-07
119,PEDE MORBI,Ut at dolor quis odio consequat varius.,$22.38,Xbox,Action,Champlin-Wintheiser,345,2014-02-12
120,QUIS ORCI EGET ORCI VEHICULA,Sed ante. Vivamus tortor.,$53.81,Xbox,Educational,Dibbert-Rice,139,2010-05-31
121,CONVALLIS EGET ELEIFEND LUCTUS ULTRICIES,Mauris lacinia sapien quis libero. Nullam sit amet turpis elementum ligula vehicula consequat.,$59.33,Switch,Adventure,"Johnston, Zemlak and Bartoletti",456,2020-07-02
122,AENEAN FERMENTUM DONEC UT,"Duis ac nibh. Fusce lacus purus, aliquet at, feugiat non, pretium quis, lectus.",$2.78,Switch,Music,Hahn LLC,346,2012-05-14
123,VESTIBULUM,"Nam congue, risus semper porta volutpat, quam pede lobortis ligula, sit amet eleifend pede libero quis orci.",$40.13,Xbox,Educational,Murphy Group,258,1995-12-13
124,VOLUTPAT CONVALLIS MORBI,Suspendisse potenti.,$32.12,Xbox,Horror,Hartmann and Sons,492,1995-06-24
125,AC LEO PELLENTESQUE ULTRICES MATTIS,In eleifend quam a odio.,$8.53,Xbox,Sports,"Borer, Schimmel and Bashirian",267,2020-10-19
126,NEQUE SAPIEN,In quis justo.,$22.16,Switch,Action,Batz-Greenholt,38,2013-10-13
127,IACULIS CONGUE VIVAMUS,"Lorem ipsum dolor sit amet, consectetuer adipiscing elit. Proin risus.",$53.23,Switch,Simulation,Kassulke Group,278,1995-12-22
128,PLACERAT ANTE NULLA JUSTO ALIQUAM,Etiam justo.,$19.11,PS5,Music,Cole-Harris,217,2016-12-11
129,LACINIA SAPIEN QUIS LIBERO NULLAM,Vivamus tortor.,$22.93,Xbox,Stealth,Ferry and Sons,397,2013-11-16
130,VENENATIS LACINIA AENEAN SIT AMET,Proin risus.,$23.11,Xbox,Horror,"Willms, Hirthe and King",410,2005-11-19
131,ALIQUAM QUIS TURPIS EGET ELIT,Nullam porttitor lacus at turpis.,$57.07,Xbox,Puzzle,Rohan-Volkman,16,2006-01-21
132,LECTUS IN QUAM FRINGILLA,Praesent blandit. Nam nulla.,$3.58,PS5,Adventure,Maggio and Sons,328,2005-04-07
133,SIT AMET,In quis justo.,$48.35,PC,Educational,"Tillman, Shields and Vandervort",111,2018-05-03
134,ID ORNARE IMPERDIET,Curabitur convallis. Duis consequat dui nec nisi volutpat eleifend.,$11.45,Switch,Music,King-Hermann,279,2017-12-24
135,DAPIBUS NULLA SUSCIPIT LIGULA IN,In congue. Etiam justo.,$58.77,PC,Strategy,Connelly and Sons,109,2021-04-28
136,NON VELIT,"Fusce congue, diam id ornare imperdiet, sapien urna pretium nisl, ut volutpat sapien arcu sed augue.",$35.92,PS5,Survival,Wisozk-Funk,208,1996-12-16
137,ARCU LIBERO RUTRUM,In congue.,$4.20,PS5,Racing,"Jenkins, Legros and Skiles",356,2001-11-26
138,SAPIEN CURSUS VESTIBULUM,"Donec diam neque, vestibulum eget, vulputate ut, ultrices vel, augue.",$3.46,Switch,Puzzle,Nikolaus Inc,433,2014-11-04
139,ELEMENTUM EU,Quisque id justo sit amet sapien dignissim vestibulum.,$56.79,Xbox,Educational,Wolff-Emard,34,2006-12-20
140,SAPIEN DIGNISSIM VESTIBULUM VESTIBULUM ANTE,Praesent id massa id nisl venenatis lacinia.,$13.92,Switch,Simulation,McCullough-Kirlin,484,2025-03-17
141,NULLA PEDE ULLAMCORPER AUGUE A,"Morbi odio odio, elementum eu, interdum eu, tincidunt in, leo.",$4.65,PS5,Survival,Heidenreich Group,160,1998-04-14
142,DUIS BIBENDUM MORBI NON QUAM,Duis mattis egestas metus.,$18.26,Xbox,Racing,"Cummings, Jerde and Legros",76,1998-02-01
143,ELIT SODALES,"Vestibulum ante ipsum primis in faucibus orci luctus et ultrices posuere cubilia Curae; Donec pharetra, magna vestibulum aliquet ultrices, erat tortor sollicitudin mi, sit amet lobortis sapien sapien non mi. Integer ac neque.",$57.45,Xbox,Horror,Heathcote Inc,53,2004-09-20
144,NONUMMY MAECENAS TINCIDUNT LACUS AT,"Fusce lacus purus, aliquet at, feugiat non, pretium quis, lectus.",$17.24,Xbox,Racing,"Anderson, Heathcote and Luettgen",281,2022-05-20
145,IMPERDIET SAPIEN URNA,"Proin leo odio, porttitor id, consequat in, consequat ut, nulla.",$23.08,PS5,Sports,"Baumbach, Lueilwitz and Bailey",52,2016-03-14
146,IPSUM,"Lorem ipsum dolor sit amet, consectetuer adipiscing elit. Proin interdum mauris non ligula pellentesque ultrices.",$1.27,Xbox,Survival,Bechtelar and Sons,242,2005-06-02
147,EU FELIS FUSCE POSUERE FELIS,"Curabitur in libero ut massa volutpat convallis. Morbi odio odio, elementum eu, interdum eu, tincidunt in, leo.",$31.50,PC,Puzzle,"Tromp, Douglas and Schamberger",302,2006-02-16
148,ERAT VESTIBULUM SED MAGNA AT,Phasellus sit amet erat.,$26.57,Xbox,Racing,Ward LLC,221,2021-07-14
149,RUTRUM NULLA,Curabitur at ipsum ac tellus semper interdum. Mauris ullamcorper purus sit amet nulla.,$36.06,Switch,Racing,Harvey LLC,206,2024-06-21
150,CURABITUR GRAVIDA NISI,"Aliquam sit amet diam in magna bibendum imperdiet. Nullam orci pede, venenatis non, sodales sed, tincidunt eu, felis.",$14.75,Switch,Simulation,Pacocha Inc,304,2019-10-18
151,VIVAMUS METUS ARCU ADIPISCING,Quisque id justo sit amet sapien dignissim vestibulum. Vestibulum ante ipsum primis in faucibus orci luctus et ultrices posuere cubilia Curae; Nulla dapibus dolor vel est.,$13.83,Switch,Simulation,Bauch-Pagac,279,2021-12-01
152,PELLENTESQUE VOLUTPAT DUI MAECENAS TRISTIQUE,"Quisque arcu libero, rutrum ac, lobortis vel, dapibus at, diam. Nam tristique tortor eu pede.",$50.12,PS5,Puzzle,"Prohaska, Deckow and Cummerata",39,2013-11-16
153,IN EST RISUS AUCTOR SED,Cras pellentesque volutpat dui.,$53.64,Xbox,Educational,Kovacek-Lynch,290,1998-09-15
154,QUIS ODIO,"In blandit ultrices enim. Lorem ipsum dolor sit amet, consectetuer adipiscing elit.",$24.15,PS5,Fighting,"Green, Feeney and Walker",210,2001-10-13
155,ULTRICES POSUERE,Vestibulum ante ipsum primis in faucibus orci luctus et ultrices posuere cubilia Curae; Duis faucibus accumsan odio. Curabitur convallis.,$49.52,PS5,Strategy,Rau-Waelchi,127,2021-01-06
156,MAECENAS,"Nam ultrices, libero non mattis pulvinar, nulla pede ullamcorper augue, a suscipit nulla elit ac nulla. Sed vel enim sit amet nunc viverra dapibus.",$48.86,Switch,Music,Rippin LLC,375,1997-03-18
157,ODIO,Integer ac leo.,$53.21,Xbox,Survival,"Lockman, Braun and Hills",345,2010-03-05
158,CONSECTETUER,Proin eu mi. Nulla ac enim.,$36.61,Xbox,Sports,Hills LLC,195,2020-02-24
159,LUCTUS CUM SOCIIS,"Donec diam neque, vestibulum eget, vulputate ut, ultrices vel, augue.",$22.24,Switch,Adventure,Lueilwitz Inc,118,2009-09-17
160,NIBH FUSCE LACUS,Morbi porttitor lorem id ligula.,$15.54,PC,Stealth,Murphy-Weimann,385,2016-08-03
161,CONDIMENTUM NEQUE SAPIEN PLACERAT,Phasellus sit amet erat.,$20.16,Xbox,Role-playing,Bergnaum and Sons,43,2019-03-28
162,ET COMMODO,"Phasellus id sapien in sapien iaculis congue. Vivamus metus arcu, adipiscing molestie, hendrerit at, vulputate vitae, nisl.",$53.34,Xbox,Horror,Howe Group,297,2011-06-22
163,QUIS,Aliquam quis turpis eget elit sodales scelerisque.,$48.89,PS5,Sports,"Marks, Lemke and Bode",171,2009-09-02
164,VOLUTPAT ERAT QUISQUE ERAT,Curabitur in libero ut massa volutpat convallis.,$27.97,Xbox,Survival,Kemmer-Stehr,159,2015-04-13
165,MAURIS LAOREET UT RHONCUS ALIQUET,"Nam congue, risus semper porta volutpat, quam pede lobortis ligula, sit amet eleifend pede libero quis orci.",$1.06,Xbox,Music,Vandervort Inc,383,2007-10-28
166,FUSCE,Vestibulum rutrum rutrum neque. Aenean auctor gravida sem.,$55.95,PS5,Music,Pollich Group,253,2017-01-07
167,IN EST RISUS AUCTOR,"Cras mi pede, malesuada in, imperdiet et, commodo vulputate, justo. In blandit ultrices enim.",$52.65,PC,Fighting,"Hane, Maggio and Haley",29,2000-07-31
168,CONVALLIS,"In tempor, turpis nec euismod scelerisque, quam turpis adipiscing lorem, vitae mattis nibh ligula nec sem. Duis aliquam convallis nunc.",$53.49,Xbox,Puzzle,"Ankunding, Kris and Rosenbaum",163,1994-10-30
169,VELIT NEC NISI VULPUTATE NONUMMY,Nulla tempus. Vivamus in felis eu sapien cursus vestibulum.,$6.14,Switch,Sports,"Okuneva, Morissette and Marquardt",399,2002-04-05
170,BLANDIT ULTRICES ENIM LOREM IPSUM,"Lorem ipsum dolor sit amet, consectetuer adipiscing elit.",$33.72,PC,Horror,Treutel and Sons,404,2022-02-10
171,EST RISUS AUCTOR SED TRISTIQUE,Integer ac leo.,$4.62,Xbox,Racing,"Waters, Greenholt and Waelchi",260,2003-11-09
172,ORNARE IMPERDIET SAPIEN URNA,Donec semper sapien a libero. Nam dui.,$17.62,PC,Educational,Ziemann LLC,388,2018-10-15
173,LUCTUS ET ULTRICES POSUERE CUBILIA,Vivamus vestibulum sagittis sapien.,$37.96,Switch,Action,"Tremblay, Auer and Considine",167,2007-04-30
174,NAM CONGUE RISUS,Maecenas tincidunt lacus at velit. Vivamus vel nulla eget eros elementum pellentesque.,$33.87,Switch,Music,Leffler-Cormier,196,2019-07-30
175,IN TEMPOR TURPIS NEC EUISMOD,"Mauris enim leo, rhoncus sed, vestibulum sit amet, cursus id, turpis.",$10.93,PC,Horror,Wisozk-Dickens,361,1995-10-23
176,EST LACINIA NISI VENENATIS,"In est risus, auctor sed, tristique in, tempus sit amet, sem. Fusce consequat.",$28.03,PS5,Adventure,Parker and Sons,29,2008-08-04
177,MAURIS,In hac habitasse platea dictumst.,$36.27,PS5,Platformer,Predovic and Sons,473,2008-08-20
178,CONGUE VIVAMUS METUS ARCU ADIPISCING,Nulla nisl. Nunc nisl.,$7.80,PC,Music,Cummerata-Cummerata,298,1998-04-01
179,SEMPER RUTRUM,"Cras mi pede, malesuada in, imperdiet et, commodo vulputate, justo. In blandit ultrices enim.",$31.18,PC,Role-playing,Dicki-Blanda,276,2024-03-11
180,PEDE,"Duis bibendum, felis sed interdum venenatis, turpis enim blandit mi, in porttitor pede justo eu massa. Donec dapibus.",$39.74,Xbox,Simulation,Pfeffer-Kling,424,2010-02-15
181,CURAE MAURIS,"Mauris ullamcorper purus sit amet nulla. Quisque arcu libero, rutrum ac, lobortis vel, dapibus at, diam.",$56.91,Switch,Sports,Marvin Group,282,1998-05-05
182,SEMPER PORTA VOLUTPAT QUAM PEDE,"Lorem ipsum dolor sit amet, consectetuer adipiscing elit.",$33.87,PS5,Strategy,Auer Inc,249,2002-02-02
183,CURAE DONEC,Donec quis orci eget orci vehicula condimentum.,$14.55,Xbox,Racing,Bergnaum and Sons,384,2020-01-22
184,SUSCIPIT,"Phasellus id sapien in sapien iaculis congue. Vivamus metus arcu, adipiscing molestie, hendrerit at, vulputate vitae, nisl.",$34.22,Switch,Horror,Boehm Inc,318,1996-06-12
185,VEL EST,Nulla mollis molestie lorem. Quisque ut erat.,$21.41,PC,Simulation,Johns-D'Amore,49,2001-03-28
186,SEMPER RUTRUM NULLA,Phasellus in felis. Donec semper sapien a libero.,$19.34,PC,Racing,"Franecki, Russel and DuBuque",54,1997-04-03
187,FAUCIBUS ORCI LUCTUS ET,Donec vitae nisi.,$48.28,PS5,Platformer,Pacocha LLC,278,2005-10-07
188,FAUCIBUS ORCI LUCTUS,Suspendisse potenti. In eleifend quam a odio.,$41.78,PC,Educational,Hyatt Group,258,2013-05-16
189,CUBILIA CURAE,In quis justo. Maecenas rhoncus aliquam lacus.,$0.54,PC,Horror,Heidenreich-Tillman,261,2002-06-29
190,AENEAN AUCTOR GRAVIDA,Maecenas rhoncus aliquam lacus.,$14.61,Switch,Puzzle,Ryan-Weimann,428,2003-05-12
191,PRAESENT BLANDIT,"Duis bibendum, felis sed interdum venenatis, turpis enim blandit mi, in porttitor pede justo eu massa.",$41.03,PS5,Sports,"Towne, Schmeler and Hamill",438,2020-08-02
192,VEL SEM SED,"Morbi vel lectus in quam fringilla rhoncus. Mauris enim leo, rhoncus sed, vestibulum sit amet, cursus id, turpis.",$28.16,PC,Adventure,Collier Inc,277,2018-06-21
193,VIVAMUS VESTIBULUM SAGITTIS SAPIEN CUM,Ut tellus. Nulla ut erat id mauris vulputate elementum.,$36.84,Xbox,Stealth,Rempel-Grady,346,2006-03-08
194,AMET NUNC VIVERRA DAPIBUS NULLA,Vestibulum sed magna at nunc commodo placerat. Praesent blandit.,$9.86,Switch,Role-playing,"Herzog, Jacobson and Cremin",157,2011-09-09
195,NON LECTUS ALIQUAM SIT AMET,"Morbi vestibulum, velit id pretium iaculis, diam erat fermentum justo, nec condimentum neque sapien placerat ante. Nulla justo.",$13.44,PC,Racing,Casper-Parker,100,2017-05-03
196,VULPUTATE ELEMENTUM NULLAM VARIUS,Suspendisse potenti. In eleifend quam a odio.,$10.29,PC,Strategy,"Mills, Dare and Spinka",112,2020-12-29
197,ET MAGNIS,Donec quis orci eget orci vehicula condimentum.,$9.02,PC,Racing,"Klein, Wiza and Bartell",118,1994-03-25
198,ERAT VESTIBULUM SED,Vestibulum ac est lacinia nisi venenatis tristique.,$33.79,PS5,Strategy,"Nicolas, Lockman and Marks",77,1996-02-16
199,MAURIS EGET MASSA TEMPOR,Proin interdum mauris non ligula pellentesque ultrices.,$11.79,PS5,Fighting,Pollich Inc,418,2006-11-01
200,NULLA EGET,"Duis bibendum, felis sed interdum venenatis, turpis enim blandit mi, in porttitor pede justo eu massa. Donec dapibus.",$55.65,Xbox,Platformer,"Mitchell, Rice and Treutel",276,2001-09-29
201,AC LOBORTIS,Aenean sit amet justo. Morbi ut odio.,$2.99,PC,Puzzle,Schumm Group,456,2009-08-30
202,SIT,"Vestibulum ac est lacinia nisi venenatis tristique. Fusce congue, diam id ornare imperdiet, sapien urna pretium nisl, ut volutpat sapien arcu sed augue.",$50.19,PS5,Educational,Douglas-Hayes,419,1994-05-21
203,ARCU,Duis consequat dui nec nisi volutpat eleifend. Donec ut dolor.,$20.54,PC,Puzzle,Jakubowski Inc,333,2016-07-03
204,INTEGER A NIBH,Donec ut dolor.,$49.33,Switch,Platformer,"Herman, Harber and Koch",122,1999-03-26
205,BLANDIT ULTRICES ENIM,In hac habitasse platea dictumst.,$41.47,Switch,Racing,"Jones, Kautzer and Kihn",324,2004-04-18
206,FUSCE CONSEQUAT NULLA NISL NUNC,Aenean sit amet justo.,$37.77,Xbox,Survival,"Balistreri, Luettgen and McKenzie",357,2009-08-22
207,TINCIDUNT EGET TEMPUS,Vestibulum ac est lacinia nisi venenatis tristique.,$15.16,PS5,Platformer,Abshire and Sons,161,1994-06-23
208,IN SAGITTIS,Vestibulum ac est lacinia nisi venenatis tristique.,$47.38,Xbox,Simulation,D'Amore-Conn,43,2009-04-24
209,MI IN PORTTITOR PEDE,Vivamus vestibulum sagittis sapien.,$9.99,Switch,Puzzle,Hessel Inc,100,2008-04-23
210,POSUERE CUBILIA,Pellentesque at nulla.,$4.09,Switch,Puzzle,"Hirthe, Baumbach and Reichel",310,2011-01-22
211,ENIM LOREM,Suspendisse accumsan tortor quis turpis.,$5.22,Xbox,Racing,Ziemann-Lueilwitz,486,2010-12-30
212,MAURIS NON LIGULA,Praesent blandit.,$40.69,PC,Racing,Robel and Sons,271,2013-02-10
213,TORTOR DUIS,"Fusce congue, diam id ornare imperdiet, sapien urna pretium nisl, ut volutpat sapien arcu sed augue.",$44.62,Xbox,Simulation,"Donnelly, McCullough and Wiza",175,1997-05-15
214,SED TRISTIQUE IN,Donec dapibus.,$17.73,PS5,Survival,Jerde-Kunze,240,2018-06-24
215,NEC,Sed vel enim sit amet nunc viverra dapibus.,$32.59,PC,Action,"Thompson, Muller and Block",497,2009-08-27
216,CONVALLIS NULLA,"Aliquam augue quam, sollicitudin vitae, consectetuer eget, rutrum at, lorem. Integer tincidunt ante vel ipsum.",$17.56,Xbox,Horror,Legros-MacGyver,220,2007-03-14
217,MAGNA BIBENDUM,"Duis bibendum, felis sed interdum venenatis, turpis enim blandit mi, in porttitor pede justo eu massa.",$30.64,PS5,Sports,"Nicolas, Boyer and Schoen",333,2015-09-20
218,NIBH IN HAC,Donec quis orci eget orci vehicula condimentum.,$21.00,Xbox,Educational,Connelly-Jacobs,437,2013-07-07
219,AT NIBH,Proin interdum mauris non ligula pellentesque ultrices.,$46.86,Switch,Survival,McCullough Group,189,1995-04-08
220,VIVERRA PEDE,"Integer aliquet, massa id lobortis convallis, tortor risus dapibus augue, vel accumsan tellus nisi eu orci. Mauris lacinia sapien quis libero.",$59.03,PS5,Fighting,Rohan-Boehm,42,2015-09-20
221,LACUS MORBI,Aliquam erat volutpat.,$43.40,PC,Puzzle,"Macejkovic, Price and Kertzmann",377,2001-04-06
222,ENIM,Vivamus in felis eu sapien cursus vestibulum.,$58.39,PC,Role-playing,Walker Inc,63,2013-04-06
223,EU TINCIDUNT IN LEO,"Sed sagittis. Nam congue, risus semper porta volutpat, quam pede lobortis ligula, sit amet eleifend pede libero quis orci.",$13.53,PC,Racing,Rolfson Inc,408,2020-10-01
224,QUIS TURPIS SED,Sed vel enim sit amet nunc viverra dapibus. Nulla suscipit ligula in lacus.,$33.34,PC,Role-playing,"Brown, Padberg and Bogisich",124,2003-12-28
225,DONEC,Vestibulum ante ipsum primis in faucibus orci luctus et ultrices posuere cubilia Curae; Nulla dapibus dolor vel est.,$12.31,Xbox,Racing,"Schmeler, Powlowski and Nicolas",19,2012-07-04
226,DONEC DAPIBUS DUIS AT VELIT,"Nam ultrices, libero non mattis pulvinar, nulla pede ullamcorper augue, a suscipit nulla elit ac nulla.",$59.29,PS5,Racing,"Balistreri, Cronin and Simonis",64,1997-06-02
227,VEL ENIM SIT AMET,Suspendisse potenti. In eleifend quam a odio.,$21.84,Xbox,Music,"Schroeder, Wyman and Goodwin",437,2005-09-22
228,VARIUS NULLA,Duis aliquam convallis nunc.,$34.23,PS5,Music,"Stanton, Muller and Bernhard",331,1997-09-07
229,SUSCIPIT NULLA ELIT,Sed vel enim sit amet nunc viverra dapibus. Nulla suscipit ligula in lacus.,$14.31,PS5,Puzzle,Morissette-Fahey,286,2005-04-20
230,FELIS DONEC SEMPER SAPIEN A,Morbi non lectus. Aliquam sit amet diam in magna bibendum imperdiet.,$0.94,Switch,Music,Schmeler LLC,399,2001-11-15
231,IN HAC HABITASSE,Proin risus. Praesent lectus.,$40.23,Xbox,Adventure,Mueller LLC,196,2014-05-31
232,CONDIMENTUM NEQUE SAPIEN PLACERAT ANTE,In sagittis dui vel nisl.,$34.49,PC,Survival,Jakubowski Group,437,2020-11-30
233,IN FAUCIBUS,Duis ac nibh.,$12.60,PS5,Stealth,Goodwin-Parisian,452,2024-11-21
234,AUCTOR SED TRISTIQUE IN TEMPUS,"Integer aliquet, massa id lobortis convallis, tortor risus dapibus augue, vel accumsan tellus nisi eu orci. Mauris lacinia sapien quis libero.",$5.03,PS5,Platformer,"Champlin, Carroll and Schmeler",322,2000-02-25
235,VULPUTATE,"Aliquam augue quam, sollicitudin vitae, consectetuer eget, rutrum at, lorem.",$30.81,PS5,Fighting,Schultz Inc,1,2019-05-28
236,NISL UT,Sed vel enim sit amet nunc viverra dapibus.,$3.08,Xbox,Role-playing,Leannon-Kirlin,242,2024-07-01
237,PARTURIENT MONTES NASCETUR,Integer a nibh.,$49.73,PS5,Fighting,Graham-Harvey,475,2020-08-18
238,LECTUS IN QUAM,Vestibulum ac est lacinia nisi venenatis tristique.,$28.52,PS5,Strategy,Koch Group,317,2007-04-06
239,SAGITTIS SAPIEN,Mauris sit amet eros. Suspendisse accumsan tortor quis turpis.,$44.66,Xbox,Survival,Conn-Lesch,41,2000-04-10
240,RHONCUS DUI VEL,Morbi non quam nec dui luctus rutrum.,$49.63,Switch,Puzzle,Braun-Parisian,426,2023-04-04
241,ET MAGNIS,In hac habitasse platea dictumst. Etiam faucibus cursus urna.,$36.32,Switch,Action,Schulist Group,177,2006-06-24
242,ULLAMCORPER,Curabitur convallis. Duis consequat dui nec nisi volutpat eleifend.,$47.54,Switch,Sports,Hayes-King,412,2025-03-03
243,DUI LUCTUS RUTRUM NULLA TELLUS,Aenean lectus.,$25.41,Switch,Puzzle,Kris LLC,88,1995-08-07
244,ANTE IPSUM PRIMIS IN,Aliquam erat volutpat. In congue.,$3.72,PC,Survival,"Thompson, Reilly and Corkery",132,2019-10-07
245,VULPUTATE LUCTUS CUM SOCIIS NATOQUE,Duis at velit eu est congue elementum.,$12.43,Xbox,Simulation,"Bogan, O'Kon and Frami",289,2004-10-10
246,PURUS,Nullam molestie nibh in lectus.,$24.38,Xbox,Sports,Crooks Inc,210,2005-11-06
247,FAUCIBUS,"Quisque erat eros, viverra eget, congue eget, semper rutrum, nulla. Nunc purus.",$55.65,PS5,Role-playing,Little-Heidenreich,249,2012-06-09
248,TURPIS,Vivamus vel nulla eget eros elementum pellentesque.,$24.19,PS5,Strategy,"Muller, Considine and Schaden",436,2009-05-22
249,CONSEQUAT MORBI,"Lorem ipsum dolor sit amet, consectetuer adipiscing elit. Proin interdum mauris non ligula pellentesque ultrices.",$19.86,Xbox,Fighting,Becker Inc,224,2017-11-08
250,ULLAMCORPER PURUS SIT AMET,Duis bibendum.,$13.03,PC,Stealth,"Crooks, Farrell and Olson",384,2022-07-06
251,SEM PRAESENT,Suspendisse accumsan tortor quis turpis. Sed ante.,$7.39,PS5,Horror,Connelly Inc,390,2025-01-16
252,VEL PEDE,"Nam nulla. Integer pede justo, lacinia eget, tincidunt eget, tempus vel, pede.",$9.59,Xbox,Adventure,Steuber-Kassulke,283,2020-04-03
253,SODALES SED,Donec posuere metus vitae ipsum.,$32.84,PS5,Racing,Grant and Sons,400,2024-03-16
254,INTEGER,In quis justo. Maecenas rhoncus aliquam lacus.,$9.36,PC,Strategy,Bins Inc,388,2017-04-07
255,DUIS AC NIBH FUSCE LACUS,Etiam justo. Etiam pretium iaculis justo.,$14.51,Xbox,Fighting,Howe-Prosacco,497,2017-04-11
256,NON MI INTEGER AC,Pellentesque eget nunc. Donec quis orci eget orci vehicula condimentum.,$33.14,Switch,Stealth,Kirlin-Kautzer,19,2021-07-14
257,LEO,"Vestibulum ante ipsum primis in faucibus orci luctus et ultrices posuere cubilia Curae; Donec pharetra, magna vestibulum aliquet ultrices, erat tortor sollicitudin mi, sit amet lobortis sapien sapien non mi. Integer ac neque.",$15.05,PS5,Fighting,Haag Inc,483,2014-04-22
258,ID LIGULA SUSPENDISSE ORNARE CONSEQUAT,"Aliquam augue quam, sollicitudin vitae, consectetuer eget, rutrum at, lorem. Integer tincidunt ante vel ipsum.",$31.58,Switch,Educational,Konopelski-Fay,409,2007-10-04
259,COMMODO,Sed ante. Vivamus tortor.,$38.53,Switch,Survival,"Christiansen, Hane and Jacobi",123,2018-08-16
260,VESTIBULUM AC EST,Nullam porttitor lacus at turpis.,$25.95,Switch,Simulation,Armstrong and Sons,349,1997-10-19
261,FERMENTUM JUSTO,"Integer aliquet, massa id lobortis convallis, tortor risus dapibus augue, vel accumsan tellus nisi eu orci. Mauris lacinia sapien quis libero.",$35.92,PC,Racing,Rodriguez Inc,107,2009-03-28
262,SAPIEN IACULIS CONGUE VIVAMUS,Curabitur convallis.,$44.27,Switch,Adventure,Bashirian-Blick,13,1995-06-26
263,NEQUE DUIS BIBENDUM,Duis mattis egestas metus.,$49.53,Switch,Horror,"Pfeffer, Runte and Kris",209,2008-09-26
264,PLATEA,Pellentesque ultrices mattis odio.,$53.76,PC,Adventure,Baumbach-Fisher,122,2002-06-21
265,SAPIEN PLACERAT,Nunc purus.,$46.12,PS5,Music,"Jacobson, Bayer and Gleichner",17,1994-03-10
266,FELIS DONEC SEMPER SAPIEN,Phasellus in felis.,$42.14,PC,Stealth,Bernhard-Miller,464,2018-06-24
267,SED TINCIDUNT,"Vestibulum ac est lacinia nisi venenatis tristique. Fusce congue, diam id ornare imperdiet, sapien urna pretium nisl, ut volutpat sapien arcu sed augue.",$59.15,PS5,Stealth,Trantow-Cassin,181,1995-07-07
268,INTERDUM EU TINCIDUNT,Duis mattis egestas metus.,$35.34,PS5,Horror,Connelly Inc,346,1998-04-26
269,CUM SOCIIS NATOQUE PENATIBUS ET,Nunc nisl.,$50.82,PC,Role-playing,Hartmann-Stamm,347,2023-10-23
270,PLATEA DICTUMST,Nulla nisl. Nunc nisl.,$58.43,PS5,Action,Boehm Inc,474,2018-01-17
271,AENEAN FERMENTUM DONEC,In hac habitasse platea dictumst.,$41.42,PC,Action,"Zieme, Bradtke and Collins",209,2000-02-08
272,VITAE QUAM,Curabitur at ipsum ac tellus semper interdum. Mauris ullamcorper purus sit amet nulla.,$56.81,Switch,Racing,"Keeling, Jacobi and Ritchie",133,2002-12-02
273,DOLOR SIT,Cras non velit nec nisi vulputate nonummy. Maecenas tincidunt lacus at velit.,$54.25,PS5,Strategy,Barton-Konopelski,184,2014-07-23
274,VIVERRA EGET,Aliquam quis turpis eget elit sodales scelerisque.,$24.10,Xbox,Stealth,Klocko and Sons,485,2000-07-25
275,MI IN PORTTITOR PEDE,Sed ante. Vivamus tortor.,$33.82,Switch,Platformer,Lubowitz-Durgan,148,2021-10-07
276,NAM TRISTIQUE,"Integer pede justo, lacinia eget, tincidunt eget, tempus vel, pede.",$5.14,PC,Role-playing,Wintheiser-Schultz,481,2020-12-20
277,PRETIUM IACULIS,In eleifend quam a odio.,$47.50,PC,Educational,Cronin Inc,226,2011-12-18
278,NONUMMY MAECENAS TINCIDUNT LACUS,Ut tellus. Nulla ut erat id mauris vulputate elementum.,$19.95,PS5,Action,"Johns, Harvey and Koss",75,2022-08-19
279,NATOQUE PENATIBUS ET MAGNIS DIS,Donec ut dolor. Morbi vel lectus in quam fringilla rhoncus.,$23.69,Switch,Fighting,Ward-Bode,268,2016-06-07
280,MAGNA AC CONSEQUAT METUS SAPIEN,"Nulla ac enim. In tempor, turpis nec euismod scelerisque, quam turpis adipiscing lorem, vitae mattis nibh ligula nec sem.",$22.27,PS5,Racing,Heaney-Hickle,84,2024-02-20
281,PEDE JUSTO,Praesent id massa id nisl venenatis lacinia. Aenean sit amet justo.,$45.53,Xbox,Survival,"Halvorson, Torphy and Kihn",331,1996-11-04
282,DIAM NEQUE VESTIBULUM EGET VULPUTATE,Cras in purus eu magna vulputate luctus.,$55.56,PS5,Music,Hirthe and Sons,367,2018-03-07
283,NISL DUIS BIBENDUM FELIS,"Mauris ullamcorper purus sit amet nulla. Quisque arcu libero, rutrum ac, lobortis vel, dapibus at, diam.",$28.65,PC,Sports,Little-Fadel,186,2012-06-05
284,ULTRICES POSUERE CUBILIA CURAE,"Aliquam augue quam, sollicitudin vitae, consectetuer eget, rutrum at, lorem.",$9.00,PC,Racing,Bednar-Runolfsdottir,267,2006-11-21
285,ID MAURIS VULPUTATE,Proin risus.,$4.54,PC,Simulation,Cartwright-Kemmer,102,1996-01-14
286,IN FAUCIBUS ORCI LUCTUS ET,Morbi non quam nec dui luctus rutrum. Nulla tellus.,$44.08,PS5,Puzzle,Berge-Collier,373,2006-04-15
287,NUNC DONEC QUIS ORCI EGET,"Proin leo odio, porttitor id, consequat in, consequat ut, nulla.",$16.08,Xbox,Fighting,Langworth Group,436,2001-11-14
288,VESTIBULUM ANTE,"Quisque erat eros, viverra eget, congue eget, semper rutrum, nulla.",$4.39,Switch,Music,"Schaefer, Bode and Hermiston",212,2001-02-17
289,RUTRUM,Donec posuere metus vitae ipsum.,$36.75,Xbox,Simulation,"Conn, Fadel and Hickle",475,2006-07-06
290,NULLA DAPIBUS DOLOR,"Curabitur in libero ut massa volutpat convallis. Morbi odio odio, elementum eu, interdum eu, tincidunt in, leo.",$37.61,PS5,Sports,Jacobi-O'Connell,256,1994-12-22
291,SCELERISQUE,Vivamus vel nulla eget eros elementum pellentesque.,$4.57,Xbox,Adventure,Lueilwitz-Hirthe,189,2014-05-20
292,LIGULA NEC SEM DUIS,Etiam justo.,$42.03,Switch,Strategy,Weissnat and Sons,199,2012-09-30
293,PELLENTESQUE VIVERRA PEDE AC DIAM,Nulla ut erat id mauris vulputate elementum. Nullam varius.,$1.15,PC,Stealth,Kuhlman LLC,13,2003-12-18
294,AENEAN AUCTOR,In congue.,$10.37,Xbox,Role-playing,Hahn-Hilpert,336,2013-06-25
295,AENEAN AUCTOR,Maecenas pulvinar lobortis est.,$53.09,Switch,Educational,"Abbott, Zieme and Lesch",392,2014-10-18
296,CRAS,Maecenas ut massa quis augue luctus tincidunt.,$15.48,Switch,Fighting,"Hauck, Jast and Howe",408,2016-10-17
297,ULTRICES ENIM LOREM,Nulla facilisi.,$41.31,Xbox,Educational,Reichel-Schumm,223,2012-12-11
298,SED TRISTIQUE,"Integer aliquet, massa id lobortis convallis, tortor risus dapibus augue, vel accumsan tellus nisi eu orci.",$37.02,Xbox,Puzzle,"Wunsch, Wolff and Bergnaum",258,2001-10-12
299,NUNC DONEC,Integer a nibh. In quis justo.,$29.89,PC,Survival,Zieme Inc,39,2008-03-08
300,VOLUTPAT DUI,"Cras mi pede, malesuada in, imperdiet et, commodo vulputate, justo. In blandit ultrices enim.",$8.75,Switch,Strategy,Greenholt-Monahan,189,2012-10-21
301,IN PORTTITOR,Etiam justo. Etiam pretium iaculis justo.,$49.01,Switch,Strategy,Harvey LLC,212,2015-12-18
302,A NIBH IN QUIS,Duis bibendum. Morbi non quam nec dui luctus rutrum.,$17.81,Xbox,Adventure,Rath and Sons,210,2007-07-25
303,ETIAM FAUCIBUS,"Lorem ipsum dolor sit amet, consectetuer adipiscing elit.",$30.56,Xbox,Survival,Heaney Inc,179,2015-01-22
304,VEL ACCUMSAN,"Lorem ipsum dolor sit amet, consectetuer adipiscing elit. Proin risus.",$37.93,Xbox,Puzzle,Schaden-Schroeder,134,2018-12-27
305,SED VESTIBULUM,Sed ante. Vivamus tortor.,$34.84,PC,Action,"King, Rempel and Simonis",64,2018-04-18
306,NISI NAM ULTRICES LIBERO,"Mauris ullamcorper purus sit amet nulla. Quisque arcu libero, rutrum ac, lobortis vel, dapibus at, diam.",$9.60,Xbox,Adventure,Lebsack-Rempel,183,2021-11-17
307,DUIS MATTIS,In hac habitasse platea dictumst.,$40.79,PC,Survival,"Trantow, Jacobi and Nikolaus",121,2023-12-20
308,SUSPENDISSE POTENTI NULLAM PORTTITOR,Maecenas pulvinar lobortis est.,$9.54,PC,Puzzle,Kihn-Miller,116,1997-07-06
309,NISL UT VOLUTPAT SAPIEN ARCU,Nulla mollis molestie lorem. Quisque ut erat.,$23.65,Switch,Sports,Schmeler-Howe,137,2005-03-10
310,PROIN,"Cum sociis natoque penatibus et magnis dis parturient montes, nascetur ridiculus mus. Vivamus vestibulum sagittis sapien.",$44.18,PC,Action,Murray-Okuneva,259,2010-11-29
311,SUSPENDISSE ORNARE CONSEQUAT LECTUS IN,Etiam faucibus cursus urna. Ut tellus.,$30.31,PC,Strategy,"Rohan, Langosh and Pfannerstill",404,2020-12-08
312,ULTRICES PHASELLUS ID,"Vivamus vestibulum sagittis sapien. Cum sociis natoque penatibus et magnis dis parturient montes, nascetur ridiculus mus.",$0.57,Xbox,Platformer,Ullrich-Wintheiser,325,2016-10-06
313,DUIS CONSEQUAT DUI NEC NISI,"Vivamus metus arcu, adipiscing molestie, hendrerit at, vulputate vitae, nisl.",$31.82,Switch,Fighting,"Pacocha, Runolfsdottir and Hodkiewicz",478,2007-01-30
314,ERAT QUISQUE ERAT EROS,Duis mattis egestas metus.,$9.22,Switch,Action,"Boyle, Boehm and Murphy",435,2008-05-30
315,TRISTIQUE,"Suspendisse ornare consequat lectus. In est risus, auctor sed, tristique in, tempus sit amet, sem.",$38.93,Switch,Music,Hyatt-Beer,243,2010-08-04
316,HABITASSE,Integer a nibh.,$12.73,PS5,Sports,"Beier, Waelchi and O'Kon",232,2017-07-28
317,IPSUM ALIQUAM NON MAURIS MORBI,"Quisque porta volutpat erat. Quisque erat eros, viverra eget, congue eget, semper rutrum, nulla.",$25.42,PS5,Sports,Weimann Group,180,1995-12-07
318,QUISQUE UT ERAT CURABITUR GRAVIDA,"In est risus, auctor sed, tristique in, tempus sit amet, sem. Fusce consequat.",$10.14,Switch,Survival,Kunze-Doyle,228,2006-12-15
319,ID LUCTUS NEC MOLESTIE,"Donec odio justo, sollicitudin ut, suscipit a, feugiat et, eros.",$31.75,PS5,Sports,McGlynn-Corkery,272,2018-03-22
320,METUS VITAE IPSUM ALIQUAM,Ut tellus.,$40.03,Xbox,Adventure,Ryan LLC,189,1996-05-10
321,CONGUE,Quisque porta volutpat erat.,$6.80,Xbox,Adventure,"Dickinson, Bogisich and Jerde",411,2000-12-07
322,ELEMENTUM IN HAC HABITASSE PLATEA,"Cum sociis natoque penatibus et magnis dis parturient montes, nascetur ridiculus mus.",$36.74,PC,Sports,Bayer-Davis,250,1995-08-24
323,ACCUMSAN TORTOR QUIS TURPIS SED,Etiam justo. Etiam pretium iaculis justo.,$50.77,Switch,Simulation,Erdman-Stoltenberg,238,2012-12-21
324,VESTIBULUM ANTE IPSUM PRIMIS IN,Nulla facilisi. Cras non velit nec nisi vulputate nonummy.,$0.97,PS5,Music,"Rodriguez, Kuhlman and Howe",8,2007-11-21
325,LIBERO UT MASSA,Maecenas ut massa quis augue luctus tincidunt. Nulla mollis molestie lorem.,$12.66,PS5,Educational,"Littel, Bode and Hettinger",301,1996-03-29
326,IN BLANDIT ULTRICES,"Vivamus metus arcu, adipiscing molestie, hendrerit at, vulputate vitae, nisl.",$6.95,PS5,Role-playing,Reinger-White,463,2009-10-28
327,ET MAGNIS DIS PARTURIENT,Suspendisse accumsan tortor quis turpis.,$36.45,PC,Horror,Powlowski LLC,313,2024-06-23
328,ULTRICES MATTIS ODIO DONEC VITAE,Proin at turpis a pede posuere nonummy. Integer non velit.,$45.61,PC,Simulation,Price-Cruickshank,286,2006-08-13
329,EST,Suspendisse potenti. Cras in purus eu magna vulputate luctus.,$21.94,Switch,Action,"Mayer, Sipes and Wisoky",265,2008-03-25
330,ANTE IPSUM PRIMIS IN,Nulla suscipit ligula in lacus.,$1.08,PC,Music,Berge Group,295,1999-01-01
331,CONGUE ETIAM,"Quisque arcu libero, rutrum ac, lobortis vel, dapibus at, diam.",$39.85,PS5,Music,Schmidt-Bednar,404,2022-08-25
332,ANTE NULLA JUSTO ALIQUAM QUIS,Nulla tempus.,$44.92,Xbox,Racing,Olson and Sons,423,2001-09-13
333,ID JUSTO SIT AMET,Quisque porta volutpat erat.,$35.41,Xbox,Music,Beer Inc,114,2017-07-09
334,ELEIFEND DONEC UT DOLOR,Maecenas rhoncus aliquam lacus. Morbi quis tortor id nulla ultrices aliquet.,$38.80,PC,Educational,"Krajcik, Reinger and Rath",116,1994-03-16
335,SOCIIS NATOQUE PENATIBUS,Curabitur convallis.,$1.51,PS5,Educational,"Mraz, Schamberger and Schoen",268,2002-12-15
336,JUSTO IN,Nullam porttitor lacus at turpis. Donec posuere metus vitae ipsum.,$43.14,PS5,Puzzle,Boyer-Senger,46,2019-08-09
337,POSUERE CUBILIA CURAE,"Nam dui. Proin leo odio, porttitor id, consequat in, consequat ut, nulla.",$53.88,PC,Fighting,O'Reilly Inc,74,2016-01-23
338,AUGUE VEL,Donec vitae nisi.,$16.31,PC,Educational,"Murray, Marvin and Tremblay",69,2023-12-24
339,VIVAMUS,Aenean auctor gravida sem.,$52.82,PS5,Music,"Jacobson, Marquardt and Adams",295,2002-11-03
340,URNA UT TELLUS,Sed ante.,$50.67,PC,Action,"Smitham, Jakubowski and Bernhard",289,2024-04-30
341,VENENATIS NON SODALES,Proin risus.,$17.77,Switch,Racing,Schuster-Gottlieb,364,2013-01-20
342,IN PORTTITOR PEDE JUSTO EU,Fusce consequat. Nulla nisl.,$4.31,PC,Horror,Hayes-Koss,421,2005-04-10
343,DOLOR MORBI VEL,"Fusce congue, diam id ornare imperdiet, sapien urna pretium nisl, ut volutpat sapien arcu sed augue. Aliquam erat volutpat.",$47.03,Xbox,Stealth,Lemke-Feest,409,2002-11-23
344,TORTOR EU PEDE,"Fusce congue, diam id ornare imperdiet, sapien urna pretium nisl, ut volutpat sapien arcu sed augue.",$49.30,PS5,Educational,Koepp Inc,315,2008-07-19
345,LACUS CURABITUR AT,Duis aliquam convallis nunc.,$46.70,Xbox,Puzzle,Swift LLC,277,2000-12-30
346,EGESTAS,Praesent blandit.,$3.00,Switch,Educational,"Hackett, Ferry and Bins",320,2016-10-05
347,EGET,Proin eu mi. Nulla ac enim.,$2.22,Xbox,Platformer,Armstrong-Zieme,320,2019-07-01
348,CURABITUR,Vestibulum rutrum rutrum neque.,$34.72,PS5,Music,Lueilwitz and Sons,103,2022-03-09
349,MOLLIS MOLESTIE LOREM,"Quisque porta volutpat erat. Quisque erat eros, viverra eget, congue eget, semper rutrum, nulla.",$53.25,Switch,Sports,Davis Group,432,2021-12-17
350,JUSTO PELLENTESQUE VIVERRA,Curabitur at ipsum ac tellus semper interdum.,$17.10,Switch,Educational,Schaden LLC,415,2005-08-12
351,JUSTO ETIAM PRETIUM IACULIS,Integer tincidunt ante vel ipsum.,$24.61,Switch,Stealth,Hackett-Powlowski,250,2007-09-24
352,TEMPOR TURPIS NEC EUISMOD,Nulla facilisi. Cras non velit nec nisi vulputate nonummy.,$32.40,PC,Simulation,Kiehn Group,367,2006-02-09
353,VEHICULA CONSEQUAT MORBI A IPSUM,"Vivamus metus arcu, adipiscing molestie, hendrerit at, vulputate vitae, nisl.",$14.48,PC,Stealth,Gottlieb-Ferry,109,2015-02-21
354,CRAS IN PURUS,"Nulla ac enim. In tempor, turpis nec euismod scelerisque, quam turpis adipiscing lorem, vitae mattis nibh ligula nec sem.",$33.31,Switch,Stealth,Goodwin-Block,316,2005-03-08
355,MORBI ODIO ODIO ELEMENTUM EU,Vestibulum ante ipsum primis in faucibus orci luctus et ultrices posuere cubilia Curae; Nulla dapibus dolor vel est.,$28.73,PC,Adventure,Raynor LLC,1,1996-04-16
356,NISI AT NIBH IN,Suspendisse accumsan tortor quis turpis. Sed ante.,$0.14,Xbox,Strategy,Cronin LLC,50,1999-06-15
357,DICTUMST ALIQUAM AUGUE QUAM,Proin interdum mauris non ligula pellentesque ultrices. Phasellus id sapien in sapien iaculis congue.,$22.30,PC,Role-playing,Rodriguez Inc,306,2016-11-10
358,VITAE MATTIS NIBH LIGULA NEC,Nulla suscipit ligula in lacus.,$15.36,PC,Adventure,Hoeger Inc,14,2018-11-20
359,NATOQUE,"Quisque erat eros, viverra eget, congue eget, semper rutrum, nulla. Nunc purus.",$44.27,PS5,Fighting,Gutkowski LLC,77,2016-03-11
360,ULTRICES,"Nullam orci pede, venenatis non, sodales sed, tincidunt eu, felis.",$3.97,PS5,Simulation,Rath-Nolan,185,2013-08-25
361,ULTRICES POSUERE CUBILIA CURAE MAURIS,In congue.,$53.86,Switch,Sports,"Hand, Champlin and Fahey",384,2000-12-17
362,MATTIS NIBH,Nullam varius.,$13.07,PS5,Puzzle,Boehm-Collins,423,1999-10-16
363,PRETIUM IACULIS,"Duis bibendum, felis sed interdum venenatis, turpis enim blandit mi, in porttitor pede justo eu massa.",$0.96,PC,Adventure,"Cruickshank, Skiles and Cormier",40,2000-12-08
364,LOBORTIS LIGULA,Vivamus tortor. Duis mattis egestas metus.,$23.91,Switch,Adventure,"Rodriguez, Nolan and Huels",231,2023-10-04
365,CRAS MI PEDE MALESUADA IN,Aliquam non mauris.,$8.52,Switch,Strategy,Hintz-Welch,376,2004-04-13
366,CURABITUR CONVALLIS,"Sed sagittis. Nam congue, risus semper porta volutpat, quam pede lobortis ligula, sit amet eleifend pede libero quis orci.",$11.58,PC,Action,Rutherford-Kautzer,244,1998-11-11
367,DOLOR QUIS ODIO,Suspendisse potenti. Nullam porttitor lacus at turpis.,$14.92,PS5,Platformer,"Kling, Skiles and Homenick",490,2024-02-21
368,QUAM,Nulla justo.,$10.48,Xbox,Survival,"Schmidt, Tillman and Weber",380,2002-06-22
369,NON VELIT DONEC,In blandit ultrices enim.,$58.21,PS5,Stealth,Klein LLC,284,2020-11-20
370,VESTIBULUM VELIT ID PRETIUM,Duis consequat dui nec nisi volutpat eleifend. Donec ut dolor.,$26.41,Xbox,Racing,Strosin Group,70,2015-10-04
371,SUSPENDISSE POTENTI IN,"Morbi vestibulum, velit id pretium iaculis, diam erat fermentum justo, nec condimentum neque sapien placerat ante.",$43.84,Xbox,Role-playing,Hodkiewicz-Waelchi,83,1999-09-18
372,DAPIBUS AT,"Maecenas leo odio, condimentum id, luctus nec, molestie sed, justo. Pellentesque viverra pede ac diam.",$6.91,Switch,Fighting,Pfeffer Group,466,2006-12-24
373,EGET,Nam nulla.,$16.26,PC,Stealth,"Schinner, Hills and Jones",18,2024-08-13
374,LECTUS SUSPENDISSE POTENTI IN ELEIFEND,Donec posuere metus vitae ipsum. Aliquam non mauris.,$32.34,PS5,Sports,"Goldner, Deckow and Kertzmann",219,1999-11-26
375,EU,"Integer aliquet, massa id lobortis convallis, tortor risus dapibus augue, vel accumsan tellus nisi eu orci.",$38.29,Switch,Adventure,Cassin-Hayes,236,2017-05-27
376,TRISTIQUE,Mauris lacinia sapien quis libero. Nullam sit amet turpis elementum ligula vehicula consequat.,$46.01,Xbox,Survival,Heaney Group,124,2023-10-05
377,VITAE NISL,"Donec odio justo, sollicitudin ut, suscipit a, feugiat et, eros. Vestibulum ac est lacinia nisi venenatis tristique.",$55.21,PS5,Fighting,Beatty-Reynolds,314,1995-09-12
378,FAUCIBUS ORCI LUCTUS ET,"Donec diam neque, vestibulum eget, vulputate ut, ultrices vel, augue.",$54.99,Switch,Racing,"Torp, Bauch and Gislason",61,2004-09-12
379,IN LECTUS PELLENTESQUE,Ut tellus.,$59.66,PC,Educational,Ziemann and Sons,154,2013-01-21
380,NUNC COMMODO PLACERAT,Mauris sit amet eros. Suspendisse accumsan tortor quis turpis.,$21.05,Xbox,Strategy,Rogahn-Pagac,234,2022-07-28
381,EU NIBH QUISQUE ID,"Maecenas tristique, est et tempus semper, est quam pharetra magna, ac consequat metus sapien ut nunc. Vestibulum ante ipsum primis in faucibus orci luctus et ultrices posuere cubilia Curae; Mauris viverra diam vitae quam.",$45.80,Switch,Racing,Kiehn and Sons,181,2001-12-25
382,DUI PROIN,Maecenas tincidunt lacus at velit. Vivamus vel nulla eget eros elementum pellentesque.,$13.90,PS5,Stealth,Lebsack-Flatley,194,2016-02-15
383,NISI AT NIBH,Aenean sit amet justo. Morbi ut odio.,$54.34,Switch,Platformer,Beatty Inc,439,2023-08-08
384,VESTIBULUM RUTRUM,"Mauris enim leo, rhoncus sed, vestibulum sit amet, cursus id, turpis. Integer aliquet, massa id lobortis convallis, tortor risus dapibus augue, vel accumsan tellus nisi eu orci.",$15.08,Xbox,Survival,Hahn and Sons,190,2000-08-18
385,QUIS TURPIS,"In blandit ultrices enim. Lorem ipsum dolor sit amet, consectetuer adipiscing elit.",$16.78,Xbox,Platformer,Mante Inc,216,2021-01-10
386,ULTRICES POSUERE CUBILIA,Duis mattis egestas metus.,$19.83,Switch,Adventure,"Hyatt, Sanford and Roberts",302,2013-02-05
387,AMET DIAM IN MAGNA BIBENDUM,Nullam sit amet turpis elementum ligula vehicula consequat. Morbi a ipsum.,$24.75,PS5,Strategy,Jacobi and Sons,448,2009-08-19
388,MORBI QUIS TORTOR,"Donec ut mauris eget massa tempor convallis. Nulla neque libero, convallis eget, eleifend luctus, ultricies eu, nibh.",$18.95,Switch,Music,Rutherford LLC,306,2012-10-31
389,CURSUS,"Fusce lacus purus, aliquet at, feugiat non, pretium quis, lectus. Suspendisse potenti.",$34.51,Switch,Adventure,Emmerich-Ruecker,137,1998-11-28
390,AENEAN FERMENTUM DONEC,Quisque id justo sit amet sapien dignissim vestibulum.,$11.65,Xbox,Simulation,Considine LLC,320,2010-10-13
391,VESTIBULUM SAGITTIS SAPIEN,Sed ante.,$35.11,PC,Fighting,"Rau, Price and Ruecker",254,2018-08-11
392,AC DIAM CRAS PELLENTESQUE,Morbi non lectus. Aliquam sit amet diam in magna bibendum imperdiet.,$25.09,PS5,Sports,Flatley and Sons,224,2020-07-22
393,VESTIBULUM SED MAGNA AT NUNC,Proin risus.,$37.19,PS5,Platformer,Barton-Marks,402,1994-08-18
394,TORTOR EU PEDE,"Nam ultrices, libero non mattis pulvinar, nulla pede ullamcorper augue, a suscipit nulla elit ac nulla. Sed vel enim sit amet nunc viverra dapibus.",$54.47,PS5,Simulation,Wiza-Kling,103,2008-03-25
395,VELIT NEC,Vestibulum ac est lacinia nisi venenatis tristique.,$32.60,Switch,Action,Pouros-Funk,181,2006-08-24
396,ERAT VOLUTPAT,Integer ac neque.,$7.11,PC,Stealth,Christiansen Group,105,2017-10-22
397,IN ELEIFEND QUAM A ODIO,Pellentesque at nulla.,$13.37,Switch,Horror,"Fahey, Rau and Schiller",158,2020-04-26
398,HAC HABITASSE PLATEA DICTUMST MAECENAS,"Cras pellentesque volutpat dui. Maecenas tristique, est et tempus semper, est quam pharetra magna, ac consequat metus sapien ut nunc.",$46.88,PC,Puzzle,"Runolfsdottir, Cremin and Bogisich",389,1994-02-06
399,MORBI,Aenean auctor gravida sem. Praesent id massa id nisl venenatis lacinia.,$34.40,PC,Horror,Langworth Inc,376,2002-12-06
400,VEHICULA CONSEQUAT,Aenean fermentum. Donec ut mauris eget massa tempor convallis.,$54.23,PC,Adventure,Wolff Group,435,1995-08-29
401,SEM FUSCE CONSEQUAT,Sed accumsan felis. Ut at dolor quis odio consequat varius.,$27.09,PC,Role-playing,"Schinner, King and Jacobi",263,2022-04-25
402,VEL NISL DUIS,Phasellus in felis. Donec semper sapien a libero.,$36.32,Xbox,Puzzle,"Stark, Gleason and Lynch",386,2012-10-24
403,CONDIMENTUM NEQUE SAPIEN PLACERAT ANTE,Aenean fermentum.,$31.45,PS5,Fighting,Bode LLC,24,2019-05-04
404,MORBI NON LECTUS ALIQUAM SIT,Aenean lectus.,$3.34,PC,Simulation,"Yost, Jaskolski and Paucek",21,2009-03-11
405,EGET,Nullam varius. Nulla facilisi.,$36.56,Xbox,Racing,Hartmann Group,429,2008-05-25
406,NIBH IN HAC HABITASSE,"Lorem ipsum dolor sit amet, consectetuer adipiscing elit.",$45.41,PC,Music,Casper-Hauck,10,1996-08-24
407,AC EST LACINIA NISI,Maecenas pulvinar lobortis est.,$46.94,PC,Adventure,Bruen-O'Connell,107,2003-07-15
408,DIS PARTURIENT MONTES NASCETUR,Morbi non quam nec dui luctus rutrum. Nulla tellus.,$14.72,PC,Music,Walker LLC,184,2004-08-30
409,HABITASSE PLATEA DICTUMST ETIAM FAUCIBUS,"Duis bibendum, felis sed interdum venenatis, turpis enim blandit mi, in porttitor pede justo eu massa.",$7.45,Xbox,Sports,"Corkery, Zboncak and Lueilwitz",165,1998-06-24
410,VEL NISL DUIS AC NIBH,Sed accumsan felis.,$56.99,Switch,Sports,Kuhn LLC,296,2001-01-31
411,IN LIBERO UT MASSA,Sed vel enim sit amet nunc viverra dapibus.,$13.45,Switch,Survival,Jakubowski Group,20,2009-01-01
412,METUS SAPIEN UT NUNC,Maecenas rhoncus aliquam lacus. Morbi quis tortor id nulla ultrices aliquet.,$9.09,Switch,Racing,Harvey-Treutel,48,2004-08-30
413,MORBI SEM MAURIS LAOREET UT,Sed vel enim sit amet nunc viverra dapibus.,$57.16,PC,Survival,Botsford-Metz,424,2018-05-19
414,NON,"Proin leo odio, porttitor id, consequat in, consequat ut, nulla.",$8.07,PC,Fighting,Ryan Group,480,2021-01-14
415,EST QUAM PHARETRA MAGNA AC,Vestibulum ante ipsum primis in faucibus orci luctus et ultrices posuere cubilia Curae; Duis faucibus accumsan odio.,$14.87,Xbox,Racing,"Nitzsche, Glover and Rempel",417,2006-12-23
416,NISI VOLUTPAT,"Vivamus metus arcu, adipiscing molestie, hendrerit at, vulputate vitae, nisl.",$55.07,PC,Music,Kulas-Anderson,139,2004-12-30
417,PEDE,"Fusce congue, diam id ornare imperdiet, sapien urna pretium nisl, ut volutpat sapien arcu sed augue. Aliquam erat volutpat.",$45.83,Switch,Adventure,"Schumm, Will and Feil",452,2013-09-27
418,EU EST CONGUE,Integer ac leo. Pellentesque ultrices mattis odio.,$46.44,Xbox,Educational,Hane LLC,184,2023-02-07
419,DUIS,Nullam varius. Nulla facilisi.,$51.79,Xbox,Platformer,"Fritsch, Gleichner and Hilll",311,2012-05-20
420,SED LACUS MORBI,Donec quis orci eget orci vehicula condimentum.,$40.09,Xbox,Horror,Hirthe LLC,168,2000-11-07
421,TINCIDUNT EU,Ut at dolor quis odio consequat varius.,$1.98,PS5,Simulation,"Bogan, McCullough and Oberbrunner",451,2023-12-24
422,ULTRICES PHASELLUS ID SAPIEN IN,"Morbi ut odio. Cras mi pede, malesuada in, imperdiet et, commodo vulputate, justo.",$52.66,PC,Stealth,Ullrich LLC,23,2006-01-26
423,PHASELLUS IN FELIS,Vestibulum ante ipsum primis in faucibus orci luctus et ultrices posuere cubilia Curae; Nulla dapibus dolor vel est.,$8.44,Switch,Puzzle,"Swift, Heidenreich and Metz",411,1996-01-14
424,DONEC POSUERE METUS VITAE IPSUM,Pellentesque viverra pede ac diam. Cras pellentesque volutpat dui.,$13.24,PC,Racing,Koch-Kling,453,2013-09-04
425,AC,"Nulla ac enim. In tempor, turpis nec euismod scelerisque, quam turpis adipiscing lorem, vitae mattis nibh ligula nec sem.",$16.82,Switch,Action,"Schaefer, Jacobs and Krajcik",117,1999-01-14
426,PELLENTESQUE ULTRICES MATTIS ODIO DONEC,"Mauris enim leo, rhoncus sed, vestibulum sit amet, cursus id, turpis. Integer aliquet, massa id lobortis convallis, tortor risus dapibus augue, vel accumsan tellus nisi eu orci.",$19.49,Xbox,Role-playing,Kuhlman-Predovic,434,2000-02-28
427,AT NUNC,Mauris lacinia sapien quis libero.,$50.76,PS5,Survival,"Auer, Jenkins and Mills",112,1997-09-06
428,NIBH IN QUIS,In hac habitasse platea dictumst.,$41.77,PC,Sports,Koss Group,244,2012-12-13
429,TORTOR ID NULLA ULTRICES,Donec dapibus.,$8.00,PC,Fighting,"Doyle, Stracke and Weber",334,2004-06-19
430,HABITASSE PLATEA DICTUMST ALIQUAM,Etiam vel augue.,$24.67,Switch,Strategy,"Lubowitz, Thompson and Conn",143,2007-10-05
431,ET ULTRICES POSUERE,Etiam vel augue. Vestibulum rutrum rutrum neque.,$26.93,PC,Stealth,"Jacobi, Becker and Bogan",155,2024-07-09
432,AC,"Cum sociis natoque penatibus et magnis dis parturient montes, nascetur ridiculus mus.",$38.13,PC,Racing,"Murazik, Dickens and Toy",360,2023-05-02
433,ANTE NULLA JUSTO,"Vivamus metus arcu, adipiscing molestie, hendrerit at, vulputate vitae, nisl.",$39.77,PS5,Strategy,"Block, Harvey and Crooks",433,1994-10-23
434,CUM SOCIIS NATOQUE PENATIBUS,"Fusce lacus purus, aliquet at, feugiat non, pretium quis, lectus.",$10.98,PS5,Horror,"Gleason, Block and Homenick",406,2000-09-28
435,VESTIBULUM,"Nulla neque libero, convallis eget, eleifend luctus, ultricies eu, nibh.",$58.53,PC,Fighting,West and Sons,345,2017-04-03
436,TURPIS SED ANTE,Vivamus in felis eu sapien cursus vestibulum.,$9.16,PS5,Simulation,"Schmitt, Reilly and Bechtelar",57,2018-12-31
437,SIT,Sed accumsan felis.,$46.17,PS5,Educational,"Hessel, King and Langworth",191,2006-09-10
438,VEL,Aliquam non mauris. Morbi non lectus.,$30.41,PS5,Simulation,Borer and Sons,226,2001-05-04
439,SIT AMET JUSTO,Pellentesque ultrices mattis odio.,$0.01,Switch,Fighting,Boyer-D'Amore,294,2006-01-22
440,TINCIDUNT EGET TEMPUS VEL,Praesent blandit. Nam nulla.,$14.06,PC,Simulation,"Flatley, Runte and Collins",474,1995-05-06
441,EROS ELEMENTUM PELLENTESQUE QUISQUE,Donec posuere metus vitae ipsum. Aliquam non mauris.,$12.20,PC,Fighting,"Nitzsche, Parisian and Schowalter",140,2017-04-29
442,ULTRICES POSUERE CUBILIA CURAE,Maecenas tincidunt lacus at velit.,$12.78,Xbox,Racing,Mueller Group,284,2001-04-25
443,UT NUNC VESTIBULUM,"Vestibulum ante ipsum primis in faucibus orci luctus et ultrices posuere cubilia Curae; Donec pharetra, magna vestibulum aliquet ultrices, erat tortor sollicitudin mi, sit amet lobortis sapien sapien non mi. Integer ac neque.",$38.28,Xbox,Action,"Konopelski, Deckow and Lemke",463,2020-08-29
444,VELIT NEC NISI VULPUTATE,Donec semper sapien a libero. Nam dui.,$0.80,Xbox,Racing,Schneider-Morissette,436,2014-09-05
445,ID ORNARE IMPERDIET SAPIEN URNA,Nulla justo. Aliquam quis turpis eget elit sodales scelerisque.,$52.67,Xbox,Sports,Pagac-Little,106,2020-10-09
446,CONDIMENTUM ID LUCTUS,Maecenas rhoncus aliquam lacus.,$30.41,Switch,Stealth,"White, Douglas and Carroll",285,2013-12-06
447,INTERDUM EU TINCIDUNT,"Integer pede justo, lacinia eget, tincidunt eget, tempus vel, pede. Morbi porttitor lorem id ligula.",$59.09,PS5,Role-playing,"Bradtke, Gusikowski and Schuster",384,2025-02-26
448,IN LIBERO UT,Donec semper sapien a libero.,$27.43,Switch,Stealth,Runte Inc,345,2022-09-16
449,MAURIS ENIM LEO,"Aliquam augue quam, sollicitudin vitae, consectetuer eget, rutrum at, lorem.",$13.86,PS5,Horror,"Ernser, Lindgren and Towne",26,2020-12-22
450,QUISQUE ARCU,Morbi porttitor lorem id ligula. Suspendisse ornare consequat lectus.,$23.51,Switch,Action,"Ortiz, Kerluke and Macejkovic",426,2022-11-06
451,IN,"Integer pede justo, lacinia eget, tincidunt eget, tempus vel, pede. Morbi porttitor lorem id ligula.",$46.39,Switch,Fighting,"Mayert, Hills and Ankunding",20,2007-08-06
452,EGET CONGUE EGET,Nullam porttitor lacus at turpis. Donec posuere metus vitae ipsum.,$2.23,PC,Survival,Hudson LLC,305,2010-09-03
453,ERAT QUISQUE ERAT,Vivamus vel nulla eget eros elementum pellentesque.,$22.52,Switch,Horror,"O'Kon, Kohler and Hills",291,2000-03-17
454,SUSPENDISSE ACCUMSAN TORTOR QUIS,Sed ante.,$17.84,PS5,Racing,"Brown, Leannon and Muller",183,2000-02-08
455,PULVINAR,Phasellus in felis.,$16.37,PS5,Puzzle,Lubowitz and Sons,162,1998-06-11
456,DUIS CONSEQUAT DUI NEC,Nulla facilisi.,$21.53,PS5,Music,Corwin LLC,126,2016-04-19
457,ERAT FERMENTUM,Ut tellus.,$50.23,Switch,Role-playing,Borer and Sons,30,2010-02-11
458,MASSA VOLUTPAT,In eleifend quam a odio. In hac habitasse platea dictumst.,$33.22,PC,Action,Vandervort and Sons,206,1995-11-24
459,MONTES,Morbi non quam nec dui luctus rutrum. Nulla tellus.,$49.32,PC,Racing,"Gusikowski, O'Connell and Trantow",53,2002-07-06
460,VULPUTATE NONUMMY MAECENAS TINCIDUNT LACUS,Duis aliquam convallis nunc. Proin at turpis a pede posuere nonummy.,$59.63,Xbox,Survival,Lowe and Sons,147,1996-01-06
461,IPSUM PRIMIS IN,"Fusce lacus purus, aliquet at, feugiat non, pretium quis, lectus.",$15.96,PS5,Fighting,"Hauck, Upton and Orn",416,2010-01-02
462,SIT AMET CONSECTETUER ADIPISCING,Phasellus sit amet erat.,$41.78,PS5,Simulation,"Welch, Schultz and Gutkowski",258,2012-07-01
463,ORCI,Proin at turpis a pede posuere nonummy.,$43.87,Xbox,Horror,"Ullrich, Collier and Herman",472,2015-07-17
464,ORCI MAURIS LACINIA,Morbi porttitor lorem id ligula. Suspendisse ornare consequat lectus.,$35.45,PS5,Stealth,Collins Group,227,2007-12-24
465,TORTOR ID NULLA,Integer a nibh.,$45.16,PC,Simulation,Runolfsdottir and Sons,157,2017-12-28
466,PORTA VOLUTPAT ERAT,"Vestibulum ante ipsum primis in faucibus orci luctus et ultrices posuere cubilia Curae; Nulla dapibus dolor vel est. Donec odio justo, sollicitudin ut, suscipit a, feugiat et, eros.",$43.35,Switch,Strategy,Stokes and Sons,366,2017-04-10
467,LIBERO,Nulla facilisi. Cras non velit nec nisi vulputate nonummy.,$51.39,PS5,Sports,Blanda-Bednar,83,2000-03-30
468,UT,Praesent id massa id nisl venenatis lacinia. Aenean sit amet justo.,$33.51,PC,Platformer,"Muller, Fay and Fisher",26,2004-06-08
469,EU INTERDUM EU,Proin interdum mauris non ligula pellentesque ultrices.,$49.62,Xbox,Stealth,"Konopelski, D'Amore and Friesen",2,2014-04-11
470,RISUS DAPIBUS,Proin eu mi.,$48.77,Switch,Platformer,Gulgowski and Sons,455,2006-05-25
471,MASSA ID LOBORTIS,Vestibulum sed magna at nunc commodo placerat. Praesent blandit.,$21.49,Switch,Simulation,Bartell-Fritsch,18,2000-05-24
472,SIT AMET,Curabitur gravida nisi at nibh. In hac habitasse platea dictumst.,$21.77,Switch,Stealth,Kutch-Spencer,175,2013-04-10
473,JUSTO,"Duis ac nibh. Fusce lacus purus, aliquet at, feugiat non, pretium quis, lectus.",$24.82,PS5,Adventure,Wiegand Group,232,2000-09-10
474,MATTIS,Donec quis orci eget orci vehicula condimentum.,$26.75,PS5,Adventure,"Bergnaum, Williamson and Bogisich",164,2020-06-08
475,ODIO PORTTITOR,In eleifend quam a odio. In hac habitasse platea dictumst.,$47.21,Xbox,Strategy,Waelchi Group,458,2010-06-10
476,JUSTO,"Maecenas leo odio, condimentum id, luctus nec, molestie sed, justo.",$14.09,Switch,Adventure,"Sauer, Davis and Sauer",99,2006-11-03
477,NULLA SUSCIPIT LIGULA IN LACUS,"Morbi vestibulum, velit id pretium iaculis, diam erat fermentum justo, nec condimentum neque sapien placerat ante.",$35.50,PS5,Role-playing,Schroeder-Hagenes,481,2012-12-11
478,TINCIDUNT,Ut tellus. Nulla ut erat id mauris vulputate elementum.,$27.51,Switch,Horror,Feeney-Kshlerin,278,2002-04-21
479,EU,"Morbi odio odio, elementum eu, interdum eu, tincidunt in, leo.",$21.92,PC,Role-playing,"Cremin, Heidenreich and Bosco",3,2016-02-08
480,SAGITTIS NAM CONGUE RISUS,Pellentesque viverra pede ac diam. Cras pellentesque volutpat dui.,$39.82,Switch,Educational,Langworth-Collins,434,2018-08-12
481,ALIQUAM SIT AMET DIAM IN,Morbi a ipsum.,$25.76,Xbox,Simulation,"Spinka, Conn and McDermott",109,2013-02-04
482,LOBORTIS,Cras non velit nec nisi vulputate nonummy.,$35.90,Switch,Adventure,"Welch, Pollich and Labadie",328,1994-09-29
483,DUI NEC NISI VOLUTPAT ELEIFEND,Nulla tempus. Vivamus in felis eu sapien cursus vestibulum.,$24.21,PS5,Music,Kertzmann-Stracke,58,2015-05-22
484,NON MAURIS MORBI NON LECTUS,Quisque id justo sit amet sapien dignissim vestibulum.,$56.18,PC,Stealth,Green-Zemlak,38,2023-09-10
485,SOLLICITUDIN,Morbi porttitor lorem id ligula.,$18.73,Switch,Adventure,Dietrich and Sons,333,2018-06-26
486,DONEC ODIO JUSTO SOLLICITUDIN,In eleifend quam a odio. In hac habitasse platea dictumst.,$19.70,PC,Fighting,"Schulist, Adams and Shields",332,2006-10-28
487,PEDE VENENATIS NON SODALES SED,Nullam molestie nibh in lectus. Pellentesque at nulla.,$40.13,PS5,Puzzle,"Simonis, Feil and O'Keefe",244,2016-07-15
488,MORBI SEM MAURIS,Donec ut dolor. Morbi vel lectus in quam fringilla rhoncus.,$48.40,Xbox,Role-playing,Wyman-Crona,413,2000-08-14
489,DIAM ID ORNARE,"Suspendisse ornare consequat lectus. In est risus, auctor sed, tristique in, tempus sit amet, sem.",$7.59,PC,Educational,"Wehner, Rowe and Gutkowski",223,1996-11-01
490,VIVAMUS,Nulla justo. Aliquam quis turpis eget elit sodales scelerisque.,$36.38,Switch,Puzzle,"Cruickshank, Cassin and O'Conner",420,1997-07-28
491,JUSTO MORBI UT,"Quisque erat eros, viverra eget, congue eget, semper rutrum, nulla. Nunc purus.",$55.31,PC,Role-playing,"Lesch, Nader and Pouros",84,2015-03-20
492,AENEAN AUCTOR,"Integer pede justo, lacinia eget, tincidunt eget, tempus vel, pede. Morbi porttitor lorem id ligula.",$0.52,PC,Puzzle,Kuvalis and Sons,394,2010-12-09
493,EGET TEMPUS VEL PEDE MORBI,"Aliquam augue quam, sollicitudin vitae, consectetuer eget, rutrum at, lorem. Integer tincidunt ante vel ipsum.",$1.99,Switch,Survival,"Veum, Torphy and Bashirian",298,2001-04-26
494,POSUERE CUBILIA CURAE NULLA,Donec quis orci eget orci vehicula condimentum. Curabitur in libero ut massa volutpat convallis.,$5.00,PS5,Horror,Romaguera LLC,274,2008-10-28
495,JUSTO SIT AMET SAPIEN,Duis bibendum.,$48.04,Xbox,Educational,Willms Inc,13,2009-04-20
496,LUCTUS ET,Ut at dolor quis odio consequat varius. Integer ac leo.,$51.90,PC,Strategy,McLaughlin Inc,317,2004-09-29
497,ALIQUET AT,In blandit ultrices enim.,$55.05,Switch,Racing,"Hettinger, Schultz and Wuckert",253,2004-11-30
498,NIBH IN LECTUS,"Cras mi pede, malesuada in, imperdiet et, commodo vulputate, justo. In blandit ultrices enim.",$8.97,Xbox,Sports,Hoppe Inc,155,1994-07-29
499,AMET JUSTO MORBI,"Morbi ut odio. Cras mi pede, malesuada in, imperdiet et, commodo vulputate, justo.",$5.75,PS5,Educational,Miller LLC,59,1996-06-21
500,ODIO CURABITUR CONVALLIS DUIS CONSEQUAT,Nam tristique tortor eu pede.,$59.16,Xbox,Strategy,Herzog LLC,123,2021-03-23
501,MAGNIS DIS PARTURIENT,"Lorem ipsum dolor sit amet, consectetuer adipiscing elit. Proin risus.",$31.11,Xbox,Role-playing,Green Group,277,2001-05-26
502,NASCETUR RIDICULUS MUS ETIAM,Etiam pretium iaculis justo. In hac habitasse platea dictumst.,$48.42,Xbox,Role-playing,Ruecker LLC,101,2024-08-08
503,VESTIBULUM ANTE IPSUM PRIMIS,Curabitur convallis. Duis consequat dui nec nisi volutpat eleifend.,$16.40,PC,Role-playing,"Hansen, Wilkinson and Bergstrom",48,2012-03-31
504,METUS,Proin at turpis a pede posuere nonummy. Integer non velit.,$46.85,PS5,Racing,"Brakus, Kutch and Pagac",65,2000-04-28
505,JUSTO SIT AMET SAPIEN DIGNISSIM,Nulla tempus.,$15.00,PS5,Platformer,Howell-Mertz,109,2020-01-07
506,VIVAMUS VESTIBULUM SAGITTIS SAPIEN CUM,Duis bibendum.,$28.56,PS5,Puzzle,"Ferry, Kihn and Baumbach",31,2015-06-17
507,TELLUS,Integer ac leo. Pellentesque ultrices mattis odio.,$14.47,Switch,Sports,Huels-Schultz,172,2018-09-09
508,CONVALLIS MORBI,In hac habitasse platea dictumst.,$14.30,PS5,Puzzle,Hansen-Daugherty,397,1999-03-06
509,IN FELIS DONEC,"Aliquam sit amet diam in magna bibendum imperdiet. Nullam orci pede, venenatis non, sodales sed, tincidunt eu, felis.",$10.75,Xbox,Role-playing,"Kautzer, Dickinson and Wunsch",351,2016-05-24
510,TURPIS ENIM BLANDIT MI,In hac habitasse platea dictumst.,$21.46,PS5,Role-playing,"Jacobi, Torphy and Lockman",6,2010-07-18
511,ULTRICES LIBERO,Vestibulum sed magna at nunc commodo placerat.,$35.20,Xbox,Platformer,Harber and Sons,198,2005-06-24
512,DOLOR SIT AMET CONSECTETUER ADIPISCING,"Nam congue, risus semper porta volutpat, quam pede lobortis ligula, sit amet eleifend pede libero quis orci.",$16.23,PC,Educational,"Raynor, Schinner and Hane",467,1995-11-26
513,ID TURPIS INTEGER ALIQUET,Nulla mollis molestie lorem.,$29.87,PC,Role-playing,Fisher LLC,340,2003-12-26
514,SOCIIS NATOQUE,"Nulla ac enim. In tempor, turpis nec euismod scelerisque, quam turpis adipiscing lorem, vitae mattis nibh ligula nec sem.",$32.26,Xbox,Role-playing,Collier and Sons,192,2000-07-20
515,VITAE IPSUM,"Donec diam neque, vestibulum eget, vulputate ut, ultrices vel, augue.",$30.64,PC,Puzzle,Cassin and Sons,48,1997-11-17
516,IN CONSEQUAT,Integer ac leo. Pellentesque ultrices mattis odio.,$9.13,PS5,Action,"Considine, Kshlerin and Wintheiser",417,2005-07-26
517,POTENTI,"Cum sociis natoque penatibus et magnis dis parturient montes, nascetur ridiculus mus. Vivamus vestibulum sagittis sapien.",$17.90,Xbox,Horror,Bins-Olson,39,1997-05-29
518,SIT AMET,Nunc rhoncus dui vel sem.,$30.97,Switch,Music,"Davis, Bode and Rath",108,1999-07-17
519,INTERDUM MAURIS,Aenean lectus.,$33.91,PS5,Racing,Prohaska Group,350,2017-11-23
520,LIGULA NEC SEM DUIS,Quisque ut erat. Curabitur gravida nisi at nibh.,$42.39,Xbox,Stealth,Heller-Kuhn,228,1996-02-02
521,VESTIBULUM VESTIBULUM,Maecenas tincidunt lacus at velit. Vivamus vel nulla eget eros elementum pellentesque.,$19.43,PC,Platformer,"Daugherty, Zboncak and Marks",136,2023-12-31
522,PURUS,Vestibulum ac est lacinia nisi venenatis tristique.,$29.19,PC,Racing,"Hermann, Kutch and Heaney",427,2006-12-30
523,SIT AMET SEM FUSCE CONSEQUAT,In hac habitasse platea dictumst.,$6.81,Switch,Role-playing,"Parker, Kerluke and Blick",466,2013-12-31
524,SOCIIS NATOQUE PENATIBUS ET MAGNIS,In hac habitasse platea dictumst.,$50.03,Switch,Racing,Cole and Sons,265,2006-09-09
525,METUS ARCU ADIPISCING MOLESTIE HENDRERIT,"Integer aliquet, massa id lobortis convallis, tortor risus dapibus augue, vel accumsan tellus nisi eu orci.",$38.51,PC,Action,"Parker, Frami and Johns",393,1998-11-02
526,CONVALLIS MORBI,Nulla ac enim.,$22.50,PS5,Role-playing,Prosacco Inc,381,1996-09-29
527,SED,Phasellus id sapien in sapien iaculis congue.,$10.14,PS5,Horror,Marquardt-Bauch,145,2005-02-27
528,BLANDIT NON INTERDUM IN ANTE,Vestibulum ante ipsum primis in faucibus orci luctus et ultrices posuere cubilia Curae; Mauris viverra diam vitae quam. Suspendisse potenti.,$12.20,PC,Platformer,Kerluke-Batz,445,2023-11-26
529,IPSUM AC TELLUS,Vivamus vel nulla eget eros elementum pellentesque.,$53.28,Switch,Simulation,"Hermann, Gleichner and Gislason",29,2025-01-21
530,VOLUTPAT SAPIEN ARCU SED,"Cum sociis natoque penatibus et magnis dis parturient montes, nascetur ridiculus mus.",$48.35,Switch,Sports,"Williamson, O'Connell and Olson",18,1996-03-29
531,MI SIT AMET LOBORTIS SAPIEN,Aenean fermentum.,$10.46,PS5,Simulation,Oberbrunner Inc,93,2006-12-20
532,HAC HABITASSE,Sed ante. Vivamus tortor.,$14.37,Switch,Educational,Herman-Pacocha,314,2019-10-12
533,UT,Suspendisse potenti. In eleifend quam a odio.,$20.91,Switch,Strategy,"Gleichner, Reinger and Fritsch",192,2011-08-27
534,NISI VENENATIS TRISTIQUE FUSCE CONGUE,"Morbi vel lectus in quam fringilla rhoncus. Mauris enim leo, rhoncus sed, vestibulum sit amet, cursus id, turpis.",$3.21,Xbox,Racing,"Johnston, Herman and Hammes",367,2006-01-30
535,AMET LOBORTIS SAPIEN SAPIEN NON,In hac habitasse platea dictumst.,$43.48,PS5,Adventure,"Moore, Metz and Dooley",349,2001-03-30
536,AENEAN,Praesent blandit lacinia erat.,$1.59,Switch,Racing,Parker Group,21,2001-03-17
537,VIVAMUS,Nulla tellus. In sagittis dui vel nisl.,$55.58,PC,Strategy,Emard LLC,142,1998-03-07
538,CONDIMENTUM NEQUE,Etiam faucibus cursus urna.,$47.16,Switch,Horror,Dibbert-Spencer,296,2010-06-28
539,PRETIUM QUIS LECTUS SUSPENDISSE,Aenean auctor gravida sem.,$41.46,Xbox,Horror,"Little, McClure and Feeney",47,2007-04-30
540,ANTE IPSUM PRIMIS IN FAUCIBUS,"Quisque arcu libero, rutrum ac, lobortis vel, dapibus at, diam.",$7.90,PC,Action,"Hills, Carroll and Reichel",17,2004-01-19
541,NON LECTUS,Fusce posuere felis sed lacus.,$55.63,Switch,Racing,"Langworth, Bergnaum and McClure",161,2007-10-04
542,ADIPISCING MOLESTIE,Vivamus vel nulla eget eros elementum pellentesque.,$44.49,Switch,Puzzle,"D'Amore, Kiehn and Strosin",440,2002-02-18
543,IPSUM DOLOR SIT AMET,Integer tincidunt ante vel ipsum.,$36.00,PC,Music,Toy Inc,404,1997-10-22
544,BIBENDUM,Aenean auctor gravida sem.,$0.95,PS5,Educational,"Vandervort, Nader and Kunde",333,2018-06-04
545,EST QUAM PHARETRA,Nulla suscipit ligula in lacus. Curabitur at ipsum ac tellus semper interdum.,$30.39,PC,Racing,Turcotte-Towne,95,2017-12-06
546,EGET TEMPUS,"Quisque porta volutpat erat. Quisque erat eros, viverra eget, congue eget, semper rutrum, nulla.",$45.56,Switch,Action,Miller-Schamberger,209,2019-04-14
547,VITAE IPSUM,Mauris sit amet eros. Suspendisse accumsan tortor quis turpis.,$27.48,Switch,Educational,"Kiehn, Ryan and Prohaska",209,2001-12-28
548,HABITASSE PLATEA DICTUMST,Maecenas tincidunt lacus at velit.,$33.48,PC,Action,"Kassulke, Harris and Boyer",322,2011-08-10
549,TRISTIQUE IN,Nulla suscipit ligula in lacus. Curabitur at ipsum ac tellus semper interdum.,$48.42,Xbox,Puzzle,Roberts-Hodkiewicz,40,2023-10-21
550,MALESUADA IN,In blandit ultrices enim.,$4.89,Xbox,Music,Bode-Daniel,395,2007-12-27
551,MOLESTIE NIBH,"Quisque erat eros, viverra eget, congue eget, semper rutrum, nulla.",$54.85,PC,Adventure,Fay-Hansen,187,2005-03-23
552,LACINIA ERAT,"In est risus, auctor sed, tristique in, tempus sit amet, sem. Fusce consequat.",$20.22,Switch,Platformer,Bruen LLC,483,1997-06-30
553,CUBILIA CURAE MAURIS VIVERRA DIAM,Nullam molestie nibh in lectus. Pellentesque at nulla.,$51.76,Switch,Survival,Yundt and Sons,179,2003-02-08
554,NATOQUE PENATIBUS,Pellentesque ultrices mattis odio. Donec vitae nisi.,$38.99,Switch,Platformer,Howell-Grimes,38,2022-10-14
555,ARCU LIBERO RUTRUM AC LOBORTIS,Sed vel enim sit amet nunc viverra dapibus.,$26.45,Switch,Platformer,Bechtelar-Kohler,99,2016-11-27
556,NULLA,Etiam pretium iaculis justo. In hac habitasse platea dictumst.,$24.70,PS5,Simulation,"Muller, Schmeler and Murray",315,1998-02-02
557,SAPIEN ARCU,In quis justo. Maecenas rhoncus aliquam lacus.,$50.67,PC,Fighting,"Lockman, Nader and Volkman",251,2020-10-11
558,TORTOR SOLLICITUDIN MI,Aliquam erat volutpat. In congue.,$53.59,Switch,Music,Glover Group,13,1996-11-10
559,LACINIA AENEAN SIT,Sed accumsan felis. Ut at dolor quis odio consequat varius.,$29.82,PS5,Racing,Botsford Inc,429,2004-08-24
560,VELIT DONEC DIAM NEQUE VESTIBULUM,Curabitur at ipsum ac tellus semper interdum.,$14.52,Xbox,Adventure,"Block, Runolfsdottir and Klein",425,1998-02-11
561,MAURIS ULLAMCORPER PURUS SIT,"Fusce lacus purus, aliquet at, feugiat non, pretium quis, lectus.",$8.14,Switch,Fighting,"Cole, Wolff and Hayes",301,1995-09-12
562,MUS VIVAMUS,Sed sagittis.,$46.43,PS5,Strategy,Little Group,215,2010-01-11
563,QUISQUE ERAT,Maecenas rhoncus aliquam lacus. Morbi quis tortor id nulla ultrices aliquet.,$57.49,PC,Sports,Stark Inc,428,2004-12-19
564,TEMPOR CONVALLIS NULLA,Nam dui.,$32.33,PS5,Music,Will-Bechtelar,429,2008-10-28
565,VESTIBULUM ANTE IPSUM,Morbi porttitor lorem id ligula. Suspendisse ornare consequat lectus.,$47.14,Xbox,Role-playing,O'Reilly-Heidenreich,67,2005-08-02
566,NAM DUI PROIN LEO ODIO,Donec dapibus.,$32.12,PS5,Sports,Schamberger LLC,207,2003-05-05
567,LACUS MORBI SEM,Donec quis orci eget orci vehicula condimentum. Curabitur in libero ut massa volutpat convallis.,$21.70,Switch,Simulation,"Williamson, Flatley and Bradtke",482,2005-01-12
568,VESTIBULUM ALIQUET ULTRICES,Praesent blandit. Nam nulla.,$24.60,Switch,Sports,"Labadie, Stanton and Hickle",344,1996-11-30
569,IN PORTTITOR PEDE JUSTO,"Lorem ipsum dolor sit amet, consectetuer adipiscing elit. Proin risus.",$5.26,Xbox,Survival,Cummings Inc,141,2010-03-09
570,ERAT EROS VIVERRA,Curabitur in libero ut massa volutpat convallis.,$49.06,PC,Educational,Pfeffer LLC,9,2005-12-30
571,JUSTO ETIAM,"In est risus, auctor sed, tristique in, tempus sit amet, sem.",$2.33,PC,Racing,Hessel-Reichel,354,2021-04-12
572,TURPIS SED ANTE,Sed vel enim sit amet nunc viverra dapibus. Nulla suscipit ligula in lacus.,$55.04,PC,Simulation,"Johnston, Rodriguez and Hessel",130,2024-09-14
573,VIVERRA,"Morbi odio odio, elementum eu, interdum eu, tincidunt in, leo. Maecenas pulvinar lobortis est.",$45.94,PC,Sports,"Renner, Raynor and Glover",88,2019-03-23
574,LIBERO NAM DUI PROIN,Maecenas rhoncus aliquam lacus.,$57.71,Xbox,Strategy,Will and Sons,127,2000-12-16
575,SOCIIS NATOQUE PENATIBUS ET,In hac habitasse platea dictumst.,$46.01,PS5,Platformer,"Langosh, Bahringer and Medhurst",50,2010-10-10
576,RIDICULUS MUS VIVAMUS VESTIBULUM,In hac habitasse platea dictumst.,$46.53,PC,Horror,Kreiger and Sons,375,2000-09-30
577,DOLOR QUIS ODIO CONSEQUAT,Nulla mollis molestie lorem.,$52.49,Switch,Platformer,Pouros-Hermiston,64,2010-01-25
578,TURPIS,Etiam justo. Etiam pretium iaculis justo.,$48.52,PS5,Puzzle,Dooley-Hauck,370,2025-02-26
579,FACILISI CRAS,Aenean auctor gravida sem. Praesent id massa id nisl venenatis lacinia.,$47.41,Switch,Sports,Hackett-Daniel,404,2019-12-15
580,NULLA QUISQUE ARCU LIBERO,Duis consequat dui nec nisi volutpat eleifend. Donec ut dolor.,$35.76,Switch,Simulation,"Jenkins, Toy and Walsh",396,2007-01-05
581,VIVAMUS IN,"Nam ultrices, libero non mattis pulvinar, nulla pede ullamcorper augue, a suscipit nulla elit ac nulla.",$21.23,PS5,Music,Douglas-Hamill,203,2011-05-03
582,PELLENTESQUE,Vivamus tortor.,$38.80,PS5,Educational,Windler-Schmidt,116,2008-07-01
583,NULLA SUSCIPIT LIGULA,Duis at velit eu est congue elementum. In hac habitasse platea dictumst.,$27.19,Xbox,Role-playing,O'Reilly-Boyer,174,2005-09-08
584,DIGNISSIM VESTIBULUM VESTIBULUM ANTE IPSUM,Phasellus in felis. Donec semper sapien a libero.,$2.14,Switch,Adventure,Welch-Wisozk,8,2003-09-29
585,NISI AT NIBH,Curabitur at ipsum ac tellus semper interdum.,$8.13,Switch,Puzzle,Corkery-Christiansen,37,2007-01-15
586,JUSTO IN,"Cum sociis natoque penatibus et magnis dis parturient montes, nascetur ridiculus mus. Vivamus vestibulum sagittis sapien.",$30.21,Switch,Sports,Heathcote-Hettinger,186,2010-06-11
587,FAUCIBUS CURSUS URNA UT TELLUS,"In hac habitasse platea dictumst. Morbi vestibulum, velit id pretium iaculis, diam erat fermentum justo, nec condimentum neque sapien placerat ante.",$1.83,Xbox,Sports,Bayer and Sons,497,2020-04-02
588,ORCI LUCTUS ET,"In hac habitasse platea dictumst. Morbi vestibulum, velit id pretium iaculis, diam erat fermentum justo, nec condimentum neque sapien placerat ante.",$36.72,PS5,Racing,"Okuneva, Wiegand and Lakin",117,2009-03-21
589,IN,"Vestibulum quam sapien, varius ut, blandit non, interdum in, ante. Vestibulum ante ipsum primis in faucibus orci luctus et ultrices posuere cubilia Curae; Duis faucibus accumsan odio.",$58.95,Switch,Sports,Walter Inc,484,2025-01-14
590,FAUCIBUS,"Nunc nisl. Duis bibendum, felis sed interdum venenatis, turpis enim blandit mi, in porttitor pede justo eu massa.",$3.08,PC,Role-playing,Kulas-Prosacco,473,2017-05-15
591,VULPUTATE UT ULTRICES VEL AUGUE,Morbi porttitor lorem id ligula.,$0.14,Switch,Fighting,Sporer-Bins,287,2004-10-12
592,ID LIGULA SUSPENDISSE ORNARE,Nulla facilisi.,$16.31,Switch,Action,Doyle Inc,442,2019-02-25
593,PEDE MORBI PORTTITOR LOREM ID,Etiam pretium iaculis justo. In hac habitasse platea dictumst.,$26.60,PC,Racing,"Deckow, Gottlieb and McClure",273,1996-06-11
594,VULPUTATE LUCTUS CUM,"Nullam orci pede, venenatis non, sodales sed, tincidunt eu, felis. Fusce posuere felis sed lacus.",$18.80,Xbox,Platformer,Fahey Inc,143,2013-12-25
595,NASCETUR RIDICULUS MUS ETIAM VEL,"Proin leo odio, porttitor id, consequat in, consequat ut, nulla. Sed accumsan felis.",$7.44,Switch,Role-playing,Robel and Sons,133,2001-02-11
596,VEL ACCUMSAN TELLUS,"Mauris ullamcorper purus sit amet nulla. Quisque arcu libero, rutrum ac, lobortis vel, dapibus at, diam.",$43.10,PC,Puzzle,Treutel Group,271,2001-06-26
597,CONSEQUAT NULLA NISL NUNC,Suspendisse accumsan tortor quis turpis. Sed ante.,$0.64,PS5,Simulation,"Dooley, Wilkinson and D'Amore",403,2002-03-10
598,ALIQUAM QUIS TURPIS,Duis consequat dui nec nisi volutpat eleifend. Donec ut dolor.,$55.61,Xbox,Simulation,O'Reilly Group,362,2016-09-09
599,MAGNA AC CONSEQUAT METUS,Etiam pretium iaculis justo.,$9.05,PS5,Platformer,"Thiel, Upton and Hodkiewicz",243,1999-06-10
600,MAURIS VULPUTATE,Morbi ut odio.,$23.80,PC,Educational,Nicolas Group,429,2018-02-14
601,JUSTO,Suspendisse potenti.,$53.44,PC,Sports,Moore-Stamm,162,2003-07-05
602,ELEIFEND LUCTUS ULTRICIES EU NIBH,"Nam dui. Proin leo odio, porttitor id, consequat in, consequat ut, nulla.",$35.97,Xbox,Platformer,Kuhn and Sons,251,2015-01-22
603,MOLESTIE HENDRERIT AT,Quisque ut erat.,$59.15,Switch,Fighting,Schuppe-Klocko,479,2001-11-05
604,MAGNA AC,"Integer pede justo, lacinia eget, tincidunt eget, tempus vel, pede.",$51.67,Xbox,Fighting,Jerde LLC,239,2021-08-22
605,MAGNIS DIS,"Nam nulla. Integer pede justo, lacinia eget, tincidunt eget, tempus vel, pede.",$0.91,Xbox,Educational,"Toy, Hilll and Funk",413,2008-01-02
606,SAPIEN DIGNISSIM,In sagittis dui vel nisl.,$15.46,Switch,Simulation,Dare-Leffler,23,2014-03-28
607,DIAM IN MAGNA BIBENDUM,Nunc rhoncus dui vel sem. Sed sagittis.,$29.42,Xbox,Racing,Schaden-Auer,119,1994-08-15
608,PELLENTESQUE VOLUTPAT DUI,In hac habitasse platea dictumst.,$40.24,PS5,Fighting,"Ledner, Breitenberg and Turner",243,2006-05-04
609,ERAT NULLA TEMPUS,Donec quis orci eget orci vehicula condimentum. Curabitur in libero ut massa volutpat convallis.,$16.45,Xbox,Adventure,Labadie-Larson,189,2016-09-04
610,QUISQUE UT,Nulla suscipit ligula in lacus. Curabitur at ipsum ac tellus semper interdum.,$27.96,Switch,Strategy,"Howe, Kuphal and Feeney",9,2020-10-13
611,IN MAGNA BIBENDUM IMPERDIET NULLAM,Suspendisse accumsan tortor quis turpis. Sed ante.,$28.98,PS5,Puzzle,"Botsford, Stiedemann and Swift",459,2023-01-08
612,LOREM VITAE MATTIS NIBH,Aliquam sit amet diam in magna bibendum imperdiet.,$42.21,Switch,Action,Ernser LLC,369,2008-03-19
613,VEL,Phasellus sit amet erat.,$54.24,Switch,Music,Rosenbaum-Kuhn,345,2001-10-17
614,GRAVIDA SEM PRAESENT,"Quisque arcu libero, rutrum ac, lobortis vel, dapibus at, diam.",$28.97,PS5,Simulation,"Crona, Gleichner and VonRueden",492,1996-03-11
615,ALIQUET,Duis bibendum.,$51.22,PC,Platformer,Hyatt Inc,207,1996-11-11
616,VEL,"Quisque arcu libero, rutrum ac, lobortis vel, dapibus at, diam. Nam tristique tortor eu pede.",$53.96,PC,Racing,Mayer-Volkman,104,2021-06-13
617,AENEAN,"Duis bibendum, felis sed interdum venenatis, turpis enim blandit mi, in porttitor pede justo eu massa. Donec dapibus.",$9.18,Switch,Strategy,Mertz and Sons,179,1994-08-24
618,PORTTITOR LOREM ID LIGULA SUSPENDISSE,Aliquam non mauris.,$21.21,Xbox,Strategy,Huels and Sons,131,2010-03-15
619,ULTRICES ERAT TORTOR SOLLICITUDIN MI,Duis at velit eu est congue elementum.,$33.99,Switch,Fighting,Cronin and Sons,45,1994-03-06
620,CONGUE,"Aliquam sit amet diam in magna bibendum imperdiet. Nullam orci pede, venenatis non, sodales sed, tincidunt eu, felis.",$55.09,Switch,Platformer,Zboncak-Hirthe,27,2000-07-06
621,ALIQUAM SIT AMET,Donec posuere metus vitae ipsum.,$24.42,Xbox,Simulation,"Wisozk, Murazik and Konopelski",379,1999-11-10
622,SAGITTIS,"Nam ultrices, libero non mattis pulvinar, nulla pede ullamcorper augue, a suscipit nulla elit ac nulla.",$33.22,Switch,Puzzle,Cummings Group,93,2006-04-24
623,VULPUTATE JUSTO IN BLANDIT ULTRICES,"Morbi sem mauris, laoreet ut, rhoncus aliquet, pulvinar sed, nisl.",$21.32,PC,Racing,"West, Turner and Halvorson",134,2005-02-26
624,PORTA VOLUTPAT ERAT QUISQUE ERAT,"Vestibulum ante ipsum primis in faucibus orci luctus et ultrices posuere cubilia Curae; Donec pharetra, magna vestibulum aliquet ultrices, erat tortor sollicitudin mi, sit amet lobortis sapien sapien non mi. Integer ac neque.",$59.64,Xbox,Stealth,"Schroeder, Kutch and Emmerich",50,2009-11-12
625,PEDE MORBI PORTTITOR,Etiam pretium iaculis justo. In hac habitasse platea dictumst.,$16.36,Switch,Sports,Bergnaum Inc,168,2019-12-05
626,ODIO IN HAC HABITASSE,"Nam congue, risus semper porta volutpat, quam pede lobortis ligula, sit amet eleifend pede libero quis orci. Nullam molestie nibh in lectus.",$47.10,PC,Simulation,Grant-Dietrich,92,2007-03-22
627,POSUERE CUBILIA,Donec dapibus.,$40.91,PC,Educational,"Abbott, Volkman and Kihn",404,2016-01-15
628,CONDIMENTUM ID LUCTUS,"Lorem ipsum dolor sit amet, consectetuer adipiscing elit.",$19.65,Switch,Survival,"Nikolaus, Mraz and Herzog",95,2014-09-27
629,SAPIEN PLACERAT ANTE NULLA JUSTO,"Morbi odio odio, elementum eu, interdum eu, tincidunt in, leo.",$58.03,PC,Adventure,Schneider Group,404,2020-11-09
630,ARCU SED AUGUE,Pellentesque viverra pede ac diam.,$36.36,PC,Adventure,Swift-Rolfson,267,2019-10-08
631,ANTE NULLA JUSTO,In quis justo.,$5.20,Switch,Action,"Haley, Kling and Schinner",450,2020-05-27
632,LUCTUS NEC MOLESTIE,"In tempor, turpis nec euismod scelerisque, quam turpis adipiscing lorem, vitae mattis nibh ligula nec sem. Duis aliquam convallis nunc.",$0.86,PS5,Sports,Simonis LLC,322,2001-04-06
633,QUAM FRINGILLA RHONCUS MAURIS ENIM,Mauris lacinia sapien quis libero. Nullam sit amet turpis elementum ligula vehicula consequat.,$16.34,PS5,Sports,Harvey Inc,405,2005-10-01
634,PRIMIS IN FAUCIBUS,Etiam faucibus cursus urna. Ut tellus.,$3.60,PC,Survival,Harris-Swift,326,2018-10-04
635,AT DOLOR QUIS,Phasellus sit amet erat.,$34.06,Xbox,Platformer,"Breitenberg, Dicki and Stokes",359,2019-07-03
636,CUM SOCIIS NATOQUE,"Donec vitae nisi. Nam ultrices, libero non mattis pulvinar, nulla pede ullamcorper augue, a suscipit nulla elit ac nulla.",$0.33,PC,Stealth,Padberg Inc,169,2013-11-26
637,IN FAUCIBUS ORCI LUCTUS,Morbi non lectus. Aliquam sit amet diam in magna bibendum imperdiet.,$7.92,PS5,Horror,Parker Group,98,2019-04-30
638,VENENATIS,"Nam nulla. Integer pede justo, lacinia eget, tincidunt eget, tempus vel, pede.",$21.55,Xbox,Simulation,Murphy-Gottlieb,225,2005-01-28
639,DIAM NEQUE,Nunc rhoncus dui vel sem.,$21.91,PS5,Educational,"Kulas, Crooks and Pacocha",456,2001-05-20
640,DOLOR VEL EST,Fusce consequat.,$8.85,Switch,Stealth,Schoen-Mertz,459,2001-09-26
641,IN FAUCIBUS,Duis at velit eu est congue elementum. In hac habitasse platea dictumst.,$47.21,PS5,Strategy,"Pagac, Smitham and Lockman",429,2008-11-25
642,CONSEQUAT METUS SAPIEN UT NUNC,Nunc nisl.,$4.86,Switch,Simulation,"Oberbrunner, Ortiz and Mitchell",191,2007-02-21
643,PELLENTESQUE,"Fusce congue, diam id ornare imperdiet, sapien urna pretium nisl, ut volutpat sapien arcu sed augue.",$53.08,Switch,Adventure,"Fisher, McDermott and Rosenbaum",498,2016-04-12
644,IN HAC HABITASSE,"Quisque porta volutpat erat. Quisque erat eros, viverra eget, congue eget, semper rutrum, nulla.",$15.69,PC,Survival,Mueller-Murray,285,2015-07-13
645,LECTUS ALIQUAM,"Donec diam neque, vestibulum eget, vulputate ut, ultrices vel, augue. Vestibulum ante ipsum primis in faucibus orci luctus et ultrices posuere cubilia Curae; Donec pharetra, magna vestibulum aliquet ultrices, erat tortor sollicitudin mi, sit amet lobortis sapien sapien non mi.",$59.59,Xbox,Horror,Durgan LLC,107,2007-01-05
646,PROIN,In sagittis dui vel nisl. Duis ac nibh.,$52.22,Xbox,Survival,Senger-Berge,218,2015-03-01
647,MAECENAS PULVINAR LOBORTIS EST,Nullam porttitor lacus at turpis. Donec posuere metus vitae ipsum.,$19.01,Switch,Horror,Robel and Sons,392,1995-11-02
648,VOLUTPAT ERAT QUISQUE ERAT EROS,"Lorem ipsum dolor sit amet, consectetuer adipiscing elit. Proin interdum mauris non ligula pellentesque ultrices.",$57.52,Switch,Strategy,"Flatley, Beatty and Braun",263,2001-03-11
649,NON MI INTEGER,"Aliquam augue quam, sollicitudin vitae, consectetuer eget, rutrum at, lorem. Integer tincidunt ante vel ipsum.",$41.33,PS5,Action,"Leffler, Grady and Ebert",250,2021-12-15
650,CONVALLIS TORTOR,"Nullam orci pede, venenatis non, sodales sed, tincidunt eu, felis. Fusce posuere felis sed lacus.",$4.08,Xbox,Survival,Streich-Tremblay,112,1994-04-16
651,MALESUADA IN IMPERDIET,Sed ante. Vivamus tortor.,$43.50,PS5,Stealth,"Gerlach, Dibbert and Jones",343,2009-05-22
652,ANTE,"Nam ultrices, libero non mattis pulvinar, nulla pede ullamcorper augue, a suscipit nulla elit ac nulla.",$41.17,Switch,Fighting,"Kessler, Goodwin and Walker",334,2014-01-25
653,UT BLANDIT,"Maecenas leo odio, condimentum id, luctus nec, molestie sed, justo. Pellentesque viverra pede ac diam.",$10.46,PS5,Horror,Lindgren Group,266,2008-08-05
654,HABITASSE PLATEA DICTUMST,"Curabitur in libero ut massa volutpat convallis. Morbi odio odio, elementum eu, interdum eu, tincidunt in, leo.",$48.12,PC,Action,"Cartwright, Runte and Pacocha",76,2005-02-06
655,SAPIEN SAPIEN NON MI INTEGER,"Sed sagittis. Nam congue, risus semper porta volutpat, quam pede lobortis ligula, sit amet eleifend pede libero quis orci.",$27.48,Xbox,Music,"Klein, Wolff and Wuckert",46,2024-05-05
656,AT,Proin at turpis a pede posuere nonummy. Integer non velit.,$29.09,PS5,Survival,Oberbrunner Inc,254,2003-11-03
657,ORCI LUCTUS ET ULTRICES POSUERE,Duis at velit eu est congue elementum.,$21.83,PC,Fighting,Cremin-Koelpin,465,2020-08-07
658,MAURIS LACINIA SAPIEN QUIS,"Lorem ipsum dolor sit amet, consectetuer adipiscing elit. Proin interdum mauris non ligula pellentesque ultrices.",$19.77,Switch,Educational,"Hilpert, Cormier and Bayer",350,2024-01-30
659,ALIQUAM QUIS TURPIS EGET ELIT,In hac habitasse platea dictumst. Maecenas ut massa quis augue luctus tincidunt.,$29.31,Switch,Survival,Brown Group,194,2000-03-07
660,VARIUS NULLA FACILISI CRAS NON,Nullam sit amet turpis elementum ligula vehicula consequat.,$40.45,PS5,Adventure,Homenick-Fay,3,1998-03-04
661,BIBENDUM,Suspendisse accumsan tortor quis turpis.,$26.66,PC,Racing,"Hettinger, Predovic and Huel",18,2003-01-20
662,UT ULTRICES VEL,In quis justo. Maecenas rhoncus aliquam lacus.,$28.87,Switch,Educational,Kiehn-Wisoky,306,2024-11-10
663,DICTUMST ETIAM FAUCIBUS CURSUS URNA,Morbi vel lectus in quam fringilla rhoncus.,$43.67,Switch,Platformer,"Jerde, Boehm and Yundt",461,2008-01-23
664,ET ULTRICES POSUERE CUBILIA,"Vestibulum quam sapien, varius ut, blandit non, interdum in, ante.",$6.57,PC,Racing,Kub Inc,312,2011-11-20
665,NASCETUR RIDICULUS MUS ETIAM VEL,"Donec odio justo, sollicitudin ut, suscipit a, feugiat et, eros. Vestibulum ac est lacinia nisi venenatis tristique.",$27.90,PC,Racing,"Streich, Vandervort and Witting",400,1998-11-27
666,QUAM TURPIS,Phasellus sit amet erat.,$45.19,Xbox,Platformer,"Bernhard, Daniel and Green",419,2004-04-02
667,RUTRUM NULLA TELLUS IN,Praesent lectus.,$57.28,PS5,Stealth,"Stark, Lind and Koepp",296,2022-05-22
668,PELLENTESQUE ULTRICES MATTIS,"Integer aliquet, massa id lobortis convallis, tortor risus dapibus augue, vel accumsan tellus nisi eu orci.",$26.61,Xbox,Action,Schmeler and Sons,95,2012-08-29
669,INTERDUM MAURIS NON,Duis bibendum.,$47.84,PS5,Music,"Walsh, Tromp and Flatley",245,2003-06-30
670,MORBI VEL LECTUS,Duis mattis egestas metus.,$43.45,PC,Educational,Powlowski Inc,300,2009-05-12
671,QUISQUE UT ERAT,Morbi non lectus.,$23.87,Xbox,Racing,Hackett LLC,80,2020-06-09
672,DICTUMST MAECENAS UT,In congue. Etiam justo.,$51.33,PS5,Fighting,Mitchell-Ondricka,327,2007-10-01
673,VITAE NISI NAM ULTRICES,"Maecenas leo odio, condimentum id, luctus nec, molestie sed, justo. Pellentesque viverra pede ac diam.",$32.76,Switch,Simulation,"Bogan, Roob and Wiza",226,2024-12-21
674,PHASELLUS IN FELIS DONEC SEMPER,Proin eu mi.,$36.99,PS5,Puzzle,Mante Group,457,1995-07-27
675,ODIO ODIO ELEMENTUM,Maecenas ut massa quis augue luctus tincidunt.,$17.29,Xbox,Music,Kling Group,273,2003-01-14
676,IN,Etiam vel augue.,$42.91,PC,Action,Grady-Jaskolski,336,2005-10-15
677,PLATEA DICTUMST ETIAM,Nullam molestie nibh in lectus. Pellentesque at nulla.,$8.40,PS5,Strategy,"Altenwerth, Willms and Cormier",439,2016-04-05
678,VEL EST DONEC,Morbi ut odio.,$59.38,Xbox,Action,Hessel Group,22,2001-04-27
679,DIAM ID,"Nam nulla. Integer pede justo, lacinia eget, tincidunt eget, tempus vel, pede.",$21.75,PC,Fighting,Reilly-Emmerich,218,2008-10-05
680,MAECENAS UT,"Cum sociis natoque penatibus et magnis dis parturient montes, nascetur ridiculus mus.",$43.30,PC,Stealth,"Johnson, Balistreri and Stiedemann",306,2014-04-12
681,DUIS CONSEQUAT,Vivamus vestibulum sagittis sapien.,$22.16,PS5,Survival,Kirlin Inc,309,2003-04-25
682,PRIMIS IN FAUCIBUS,Suspendisse potenti.,$3.15,Xbox,Fighting,"Fahey, Bayer and Kohler",72,2005-02-26
683,VITAE,Vestibulum ante ipsum primis in faucibus orci luctus et ultrices posuere cubilia Curae; Mauris viverra diam vitae quam. Suspendisse potenti.,$58.10,Switch,Adventure,Smitham-Balistreri,399,2008-08-23
684,UT DOLOR,Sed ante.,$51.28,Switch,Puzzle,Collins LLC,62,2016-07-03
685,IN,"Cras mi pede, malesuada in, imperdiet et, commodo vulputate, justo. In blandit ultrices enim.",$11.45,PC,Music,"Corkery, Hagenes and Deckow",89,2001-01-27
686,NON MI INTEGER,Vestibulum rutrum rutrum neque.,$56.10,PC,Fighting,Bergstrom-Bernhard,47,2020-11-02
687,PENATIBUS,Vivamus vel nulla eget eros elementum pellentesque.,$56.32,PC,Horror,Jakubowski Group,253,2003-05-06
688,MAECENAS,Proin at turpis a pede posuere nonummy. Integer non velit.,$32.05,PC,Role-playing,Little-Weimann,8,2017-06-20
689,NON,Cras non velit nec nisi vulputate nonummy. Maecenas tincidunt lacus at velit.,$40.72,Switch,Horror,Farrell Group,76,2020-08-04
690,INTERDUM MAURIS,"Quisque arcu libero, rutrum ac, lobortis vel, dapibus at, diam. Nam tristique tortor eu pede.",$36.29,Xbox,Platformer,Simonis and Sons,475,2017-08-25
691,MI SIT AMET LOBORTIS SAPIEN,Suspendisse potenti. In eleifend quam a odio.,$9.02,PC,Racing,Windler and Sons,109,2019-06-02
692,MAGNA AT NUNC COMMODO,"Cras mi pede, malesuada in, imperdiet et, commodo vulputate, justo.",$59.17,Switch,Puzzle,Sawayn-Bernier,99,2022-07-20
693,NAM CONGUE RISUS SEMPER PORTA,Maecenas rhoncus aliquam lacus. Morbi quis tortor id nulla ultrices aliquet.,$20.43,Xbox,Action,Fisher LLC,285,2015-04-14
694,AC NULLA SED,Suspendisse potenti. Nullam porttitor lacus at turpis.,$57.52,Xbox,Music,Simonis-McGlynn,327,1998-10-18
695,DOLOR QUIS,Etiam justo. Etiam pretium iaculis justo.,$39.17,Xbox,Racing,Hills-Emmerich,435,2001-09-28
696,ULTRICES POSUERE,In eleifend quam a odio.,$21.53,Xbox,Platformer,Grant-Torphy,42,1994-07-11
697,POTENTI IN ELEIFEND QUAM,Mauris sit amet eros.,$29.24,PS5,Action,"Will, Parisian and Huel",169,2018-05-07
698,SEM,"Mauris enim leo, rhoncus sed, vestibulum sit amet, cursus id, turpis.",$58.45,Switch,Action,Dietrich-Hessel,406,2024-07-12
699,ID LOBORTIS,Maecenas tincidunt lacus at velit.,$21.17,Switch,Educational,Funk-Bergnaum,135,2003-04-06
700,VENENATIS,In sagittis dui vel nisl. Duis ac nibh.,$13.66,Xbox,Music,Littel and Sons,345,2021-09-25
701,VESTIBULUM,Quisque ut erat.,$27.66,Switch,Racing,"Mertz, Schuster and Gibson",128,2024-10-21
702,ELEIFEND,In sagittis dui vel nisl. Duis ac nibh.,$51.53,Xbox,Racing,"Crona, Lockman and Considine",232,2006-12-15
703,VESTIBULUM SIT AMET,Integer a nibh.,$33.45,Xbox,Survival,"Flatley, Torphy and Emard",97,1996-07-16
704,COMMODO PLACERAT PRAESENT BLANDIT,Maecenas rhoncus aliquam lacus. Morbi quis tortor id nulla ultrices aliquet.,$12.34,PC,Role-playing,Dicki Group,42,2007-05-31
705,QUAM,"Nulla neque libero, convallis eget, eleifend luctus, ultricies eu, nibh. Quisque id justo sit amet sapien dignissim vestibulum.",$32.62,PC,Horror,Sawayn-Schoen,1,2014-03-18
706,LACUS AT,Morbi non lectus.,$35.83,Xbox,Puzzle,Emmerich and Sons,266,2003-11-10
707,ELEMENTUM EU INTERDUM EU TINCIDUNT,"Morbi quis tortor id nulla ultrices aliquet. Maecenas leo odio, condimentum id, luctus nec, molestie sed, justo.",$9.58,Xbox,Stealth,Smith-Prosacco,131,2013-08-31
708,EROS,"Maecenas tristique, est et tempus semper, est quam pharetra magna, ac consequat metus sapien ut nunc. Vestibulum ante ipsum primis in faucibus orci luctus et ultrices posuere cubilia Curae; Mauris viverra diam vitae quam.",$51.62,PS5,Fighting,"Schmitt, VonRueden and Altenwerth",90,2020-12-29
709,ULTRICES,"Fusce lacus purus, aliquet at, feugiat non, pretium quis, lectus. Suspendisse potenti.",$38.75,Xbox,Sports,Quigley and Sons,444,2012-09-23
710,QUAM PEDE,Suspendisse potenti. Cras in purus eu magna vulputate luctus.,$9.95,PS5,Music,Mayer and Sons,1,2021-09-14
711,ERAT FERMENTUM JUSTO,Aliquam non mauris. Morbi non lectus.,$53.21,Switch,Role-playing,Jones Group,36,2010-11-28
712,FAUCIBUS,Nullam molestie nibh in lectus.,$15.41,Switch,Sports,Shanahan-Lakin,200,2019-06-10
713,LACUS MORBI SEM MAURIS LAOREET,"Nam nulla. Integer pede justo, lacinia eget, tincidunt eget, tempus vel, pede.",$11.83,PC,Sports,Will-Gutmann,419,2017-06-27
714,DICTUMST ALIQUAM AUGUE QUAM SOLLICITUDIN,In quis justo. Maecenas rhoncus aliquam lacus.,$47.58,Switch,Stealth,"Wiza, Leannon and Beer",493,2007-01-15
715,ET TEMPUS,Nulla tempus. Vivamus in felis eu sapien cursus vestibulum.,$53.10,PS5,Horror,Stiedemann-Osinski,138,2014-07-26
716,LACINIA NISI VENENATIS,"Aliquam augue quam, sollicitudin vitae, consectetuer eget, rutrum at, lorem. Integer tincidunt ante vel ipsum.",$0.18,PS5,Racing,"Emard, Jacobi and Medhurst",9,2016-01-20
717,PELLENTESQUE VOLUTPAT DUI MAECENAS TRISTIQUE,"Lorem ipsum dolor sit amet, consectetuer adipiscing elit. Proin risus.",$53.13,PS5,Puzzle,"Konopelski, Kris and Koss",375,1997-03-11
718,SEM,Duis mattis egestas metus.,$2.03,Xbox,Simulation,Fahey-Farrell,416,2015-10-23
719,VIVERRA PEDE,Vestibulum ante ipsum primis in faucibus orci luctus et ultrices posuere cubilia Curae; Duis faucibus accumsan odio.,$33.61,Switch,Fighting,"Waelchi, Anderson and Hyatt",29,2023-12-04
720,PORTTITOR LOREM ID LIGULA,Maecenas pulvinar lobortis est. Phasellus sit amet erat.,$8.05,PC,Survival,Lang-Bernhard,462,2022-02-25
721,A FEUGIAT ET EROS,"Nam dui. Proin leo odio, porttitor id, consequat in, consequat ut, nulla.",$34.43,PS5,Platformer,Armstrong-Marvin,496,1994-09-02
722,VULPUTATE JUSTO IN BLANDIT ULTRICES,Aliquam non mauris.,$42.89,PC,Puzzle,Runolfsson LLC,180,2012-09-14
723,VELIT,"Curabitur in libero ut massa volutpat convallis. Morbi odio odio, elementum eu, interdum eu, tincidunt in, leo.",$45.17,Xbox,Survival,Mante LLC,451,2001-12-02
724,UT,Proin eu mi.,$24.49,Switch,Role-playing,"Schmitt, Strosin and Kling",236,2007-01-24
725,AUGUE A,Cras in purus eu magna vulputate luctus.,$45.26,Xbox,Survival,"Yundt, Herman and Breitenberg",402,2011-04-22
726,EST CONGUE,Donec quis orci eget orci vehicula condimentum. Curabitur in libero ut massa volutpat convallis.,$14.56,PS5,Puzzle,"MacGyver, Jacobson and Hauck",360,1996-10-22
727,A LIBERO NAM,Pellentesque ultrices mattis odio.,$14.90,PC,Stealth,"Wilderman, Sipes and Block",279,1997-11-14
728,POSUERE CUBILIA CURAE DUIS FAUCIBUS,In hac habitasse platea dictumst.,$7.29,PS5,Platformer,Purdy-Koch,83,2001-06-21
729,DUI LUCTUS RUTRUM,In congue.,$33.33,Xbox,Action,"Ullrich, Rice and O'Connell",425,2023-03-29
730,SIT AMET TURPIS ELEMENTUM,Pellentesque eget nunc. Donec quis orci eget orci vehicula condimentum.,$23.76,PC,Music,Kuphal-Kemmer,70,2002-10-20
731,MAECENAS,"Nam congue, risus semper porta volutpat, quam pede lobortis ligula, sit amet eleifend pede libero quis orci.",$29.13,Switch,Horror,Lakin and Sons,224,2024-07-28
732,PRETIUM IACULIS JUSTO IN HAC,Donec ut dolor.,$52.96,Xbox,Horror,Kunde LLC,340,2000-11-02
733,NEC DUI LUCTUS RUTRUM,"Quisque arcu libero, rutrum ac, lobortis vel, dapibus at, diam.",$47.99,PC,Sports,Hoppe Group,117,2011-05-09
734,LIBERO,Nulla ac enim.,$5.07,Switch,Adventure,Fadel Group,387,1994-10-15
735,ALIQUAM,Vivamus vestibulum sagittis sapien.,$46.52,Xbox,Horror,"Sanford, Smith and Hirthe",119,2004-05-12
736,SEM MAURIS LAOREET UT,"Aliquam augue quam, sollicitudin vitae, consectetuer eget, rutrum at, lorem.",$49.31,Xbox,Simulation,"Roob, Hettinger and Hirthe",255,2000-01-20
737,JUSTO SIT AMET SAPIEN DIGNISSIM,Vestibulum rutrum rutrum neque.,$9.26,Xbox,Action,Mohr-Mills,466,2004-02-20
738,MI,Mauris ullamcorper purus sit amet nulla.,$6.98,Switch,Platformer,Smith and Sons,87,2012-10-01
739,CUBILIA CURAE DUIS FAUCIBUS,"Vivamus vestibulum sagittis sapien. Cum sociis natoque penatibus et magnis dis parturient montes, nascetur ridiculus mus.",$11.71,Switch,Stealth,"Purdy, Marquardt and Lebsack",135,2009-01-11
740,PEDE ULLAMCORPER AUGUE,Nulla ac enim.,$54.83,Switch,Fighting,Swaniawski-Brakus,499,2020-06-14
741,DONEC SEMPER SAPIEN A,Etiam justo. Etiam pretium iaculis justo.,$27.61,PC,Puzzle,Feest-Hermiston,470,1996-08-18
742,SUSPENDISSE POTENTI IN ELEIFEND QUAM,Morbi non lectus.,$57.35,Switch,Horror,Wolf LLC,256,2000-02-15
743,VESTIBULUM,Donec ut dolor.,$8.40,Switch,Strategy,"Windler, Lubowitz and Rau",449,2010-05-06
744,EST CONGUE ELEMENTUM IN,"Morbi vel lectus in quam fringilla rhoncus. Mauris enim leo, rhoncus sed, vestibulum sit amet, cursus id, turpis.",$25.01,PC,Racing,Blick-Lynch,215,1995-11-23
745,VIVERRA DIAM VITAE QUAM,Praesent lectus.,$23.53,PC,Platformer,"Green, Boehm and Mayer",132,2007-02-09
746,MAURIS SIT AMET EROS,Phasellus in felis.,$27.85,PS5,Educational,"Ritchie, Jacobi and Von",135,1994-04-21
747,EST QUAM PHARETRA,Nulla ut erat id mauris vulputate elementum. Nullam varius.,$12.18,Switch,Survival,"Effertz, Heller and Gutkowski",95,2003-03-26
748,MAECENAS UT MASSA,In quis justo.,$15.68,Xbox,Role-playing,"Bogan, Paucek and Schmeler",108,1994-09-20
749,PEDE MORBI,Curabitur at ipsum ac tellus semper interdum.,$8.12,PC,Platformer,Wuckert LLC,471,1997-07-14
750,PRAESENT ID,Morbi non quam nec dui luctus rutrum.,$56.91,PS5,Action,"Tillman, Johnston and Bernhard",188,2005-11-17
751,ORCI,Nullam varius.,$59.96,Xbox,Platformer,Funk-Lueilwitz,287,2006-05-04
752,CUM SOCIIS,Morbi non quam nec dui luctus rutrum. Nulla tellus.,$8.02,PC,Puzzle,McCullough LLC,489,2023-05-17
753,DUIS,Aenean sit amet justo.,$27.08,Xbox,Horror,Schmeler LLC,162,2020-10-19
754,RHONCUS MAURIS ENIM LEO,Pellentesque at nulla. Suspendisse potenti.,$58.05,PC,Survival,Crist and Sons,340,2018-12-07
755,ALIQUET PULVINAR,"In hac habitasse platea dictumst. Morbi vestibulum, velit id pretium iaculis, diam erat fermentum justo, nec condimentum neque sapien placerat ante.",$1.35,Switch,Sports,"Muller, Kilback and Connelly",254,2015-09-17
756,VIVERRA,"Curabitur in libero ut massa volutpat convallis. Morbi odio odio, elementum eu, interdum eu, tincidunt in, leo.",$36.58,PC,Stealth,Emard Inc,316,2018-03-18
757,ODIO,In quis justo. Maecenas rhoncus aliquam lacus.,$25.19,Xbox,Survival,Gutkowski LLC,249,2024-09-28
758,DIAM NAM TRISTIQUE TORTOR EU,Donec posuere metus vitae ipsum.,$59.67,PS5,Puzzle,Lehner Inc,428,2015-08-20
759,VESTIBULUM,In eleifend quam a odio.,$18.27,PC,Platformer,Weimann Group,497,1996-06-27
760,MOLESTIE,Etiam pretium iaculis justo. In hac habitasse platea dictumst.,$52.79,PS5,Strategy,"Rutherford, Ziemann and Gerlach",70,2023-02-22
761,TURPIS ADIPISCING,Duis aliquam convallis nunc.,$11.73,Xbox,Music,Williamson-Nader,392,1999-11-06
762,MASSA VOLUTPAT CONVALLIS,Aenean auctor gravida sem. Praesent id massa id nisl venenatis lacinia.,$20.53,Xbox,Adventure,"Huels, Bergstrom and Zemlak",1,2015-01-09
763,UT VOLUTPAT SAPIEN,"Sed sagittis. Nam congue, risus semper porta volutpat, quam pede lobortis ligula, sit amet eleifend pede libero quis orci.",$51.23,Xbox,Action,"Lemke, Paucek and Williamson",251,2009-01-17
764,RHONCUS SED VESTIBULUM SIT AMET,Praesent blandit lacinia erat.,$26.99,Xbox,Horror,Roob-Sipes,257,2012-01-14
765,NULLA NISL NUNC NISL DUIS,Nulla tellus. In sagittis dui vel nisl.,$21.01,PS5,Survival,Strosin LLC,307,2019-01-26
766,ANTE,Duis ac nibh.,$41.99,Xbox,Horror,Yundt and Sons,289,2010-09-21
767,ALIQUET MAECENAS LEO ODIO CONDIMENTUM,Pellentesque ultrices mattis odio. Donec vitae nisi.,$26.56,Switch,Platformer,"Kuhlman, Blanda and Bosco",233,2018-06-20
768,NAM NULLA,Curabitur in libero ut massa volutpat convallis.,$45.19,PC,Educational,"Padberg, Schiller and Nienow",495,2021-09-19
769,CONSEQUAT IN CONSEQUAT,Maecenas ut massa quis augue luctus tincidunt.,$52.63,PS5,Survival,"Waters, Hermiston and Mohr",270,1997-04-29
770,PHARETRA,Sed vel enim sit amet nunc viverra dapibus.,$29.53,PS5,Educational,Deckow LLC,284,1996-05-19
771,PENATIBUS ET MAGNIS,Donec ut mauris eget massa tempor convallis.,$4.51,Xbox,Platformer,Larson Group,4,1994-02-07
772,POSUERE CUBILIA CURAE MAURIS,Ut at dolor quis odio consequat varius.,$37.39,PS5,Action,"Stamm, Ratke and Pfannerstill",55,1995-07-08
773,ETIAM JUSTO ETIAM PRETIUM IACULIS,Aenean lectus. Pellentesque eget nunc.,$5.90,Switch,Educational,"Armstrong, Cartwright and Homenick",307,2022-04-28
774,LOBORTIS LIGULA SIT AMET,"Aliquam augue quam, sollicitudin vitae, consectetuer eget, rutrum at, lorem. Integer tincidunt ante vel ipsum.",$36.05,Xbox,Action,"Feeney, Bartoletti and Boyle",485,2008-02-12
775,AC NULLA SED VEL ENIM,Cras pellentesque volutpat dui.,$7.37,PC,Platformer,"Ratke, Kling and Olson",140,2011-05-19
776,ANTE NULLA JUSTO,Aenean fermentum.,$7.23,Switch,Stealth,Von-Bogisich,65,2004-01-09
777,LACINIA SAPIEN,Aliquam non mauris.,$15.29,Xbox,Survival,Lynch and Sons,220,2013-02-07
778,NON VELIT,Morbi non lectus. Aliquam sit amet diam in magna bibendum imperdiet.,$38.13,Xbox,Puzzle,Johnson Inc,354,1997-03-16
779,NULLA SED ACCUMSAN FELIS UT,Nulla tempus.,$48.77,PC,Sports,"Larson, McClure and Hansen",316,2005-11-05
780,IN ANTE VESTIBULUM ANTE IPSUM,In hac habitasse platea dictumst.,$36.94,Xbox,Racing,Blick Group,255,2017-04-18
781,METUS SAPIEN,Nunc purus.,$22.23,PS5,Horror,"Schamberger, Altenwerth and Kihn",304,2020-03-29
782,SAPIEN SAPIEN NON MI INTEGER,"Quisque porta volutpat erat. Quisque erat eros, viverra eget, congue eget, semper rutrum, nulla.",$8.17,Xbox,Puzzle,Gislason Group,389,2012-12-15
783,MORBI,"Fusce lacus purus, aliquet at, feugiat non, pretium quis, lectus.",$38.47,Switch,Survival,Feeney and Sons,92,1996-02-22
784,VOLUTPAT DUI,"In hac habitasse platea dictumst. Morbi vestibulum, velit id pretium iaculis, diam erat fermentum justo, nec condimentum neque sapien placerat ante.",$1.40,Xbox,Puzzle,Daniel LLC,134,2013-04-04
785,NULLA ULTRICES ALIQUET,Nam tristique tortor eu pede.,$14.23,PC,Platformer,Franecki-Rogahn,41,2013-09-24
786,ET ULTRICES,"Morbi vestibulum, velit id pretium iaculis, diam erat fermentum justo, nec condimentum neque sapien placerat ante. Nulla justo.",$5.83,Xbox,Educational,"Rohan, Pfannerstill and Kuhlman",161,1994-01-22
787,UT MASSA QUIS AUGUE LUCTUS,Morbi non lectus. Aliquam sit amet diam in magna bibendum imperdiet.,$43.00,PC,Music,Abernathy and Sons,119,2010-03-18
788,ALIQUAM NON MAURIS MORBI NON,Mauris sit amet eros. Suspendisse accumsan tortor quis turpis.,$28.82,PC,Puzzle,"Treutel, Pouros and Mayer",368,1994-07-23
789,ELEMENTUM PELLENTESQUE,"Nam congue, risus semper porta volutpat, quam pede lobortis ligula, sit amet eleifend pede libero quis orci. Nullam molestie nibh in lectus.",$54.52,PS5,Stealth,Schmidt-Schowalter,292,2016-11-07
790,VOLUTPAT,Curabitur gravida nisi at nibh. In hac habitasse platea dictumst.,$8.70,Xbox,Puzzle,O'Reilly-Zieme,92,2009-10-06
791,CONSECTETUER ADIPISCING ELIT PROIN INTERDUM,"Aliquam augue quam, sollicitudin vitae, consectetuer eget, rutrum at, lorem.",$59.81,PS5,Action,Berge Inc,21,2009-11-09
792,ANTE NULLA,Suspendisse potenti.,$0.55,Switch,Music,Grady and Sons,15,2011-12-16
793,ETIAM FAUCIBUS CURSUS URNA,Donec dapibus.,$34.18,PS5,Strategy,"Brown, Koch and Pfannerstill",73,1997-06-01
794,VELIT,Maecenas pulvinar lobortis est.,$57.44,Switch,Action,Bechtelar-Streich,163,2013-05-28
795,NISI AT NIBH IN HAC,Vestibulum ante ipsum primis in faucibus orci luctus et ultrices posuere cubilia Curae; Duis faucibus accumsan odio. Curabitur convallis.,$51.78,PS5,Educational,Dietrich-Lubowitz,415,2022-10-05
796,SAPIEN SAPIEN NON,Morbi non quam nec dui luctus rutrum. Nulla tellus.,$49.65,PS5,Action,Yundt-Ferry,285,2022-12-19
797,POSUERE,Mauris sit amet eros.,$7.33,PS5,Horror,Botsford Group,295,2004-08-25
798,INTEGER A,"Maecenas tristique, est et tempus semper, est quam pharetra magna, ac consequat metus sapien ut nunc.",$28.45,PC,Puzzle,Luettgen and Sons,258,1994-04-25
799,IPSUM PRAESENT BLANDIT,Nunc rhoncus dui vel sem.,$42.91,Xbox,Racing,Blick and Sons,19,1999-03-25
800,MAURIS ENIM LEO RHONCUS SED,"Fusce congue, diam id ornare imperdiet, sapien urna pretium nisl, ut volutpat sapien arcu sed augue.",$21.15,PS5,Adventure,"Kautzer, Legros and Rau",165,2024-09-05
801,VESTIBULUM EGET VULPUTATE UT,Nunc purus. Phasellus in felis.,$35.97,PS5,Survival,Watsica Group,182,1994-05-16
802,NUNC PURUS,"Sed sagittis. Nam congue, risus semper porta volutpat, quam pede lobortis ligula, sit amet eleifend pede libero quis orci.",$1.87,PC,Strategy,Bergnaum Inc,16,2015-06-24
803,AC TELLUS,Pellentesque ultrices mattis odio.,$34.77,PC,Adventure,Altenwerth and Sons,423,2011-08-12
804,CURABITUR CONVALLIS DUIS CONSEQUAT,"Nam ultrices, libero non mattis pulvinar, nulla pede ullamcorper augue, a suscipit nulla elit ac nulla.",$52.18,Xbox,Strategy,Jakubowski-Stamm,37,2018-11-27
805,MI IN PORTTITOR,Sed ante.,$48.28,Xbox,Simulation,"Muller, Adams and Wehner",80,1994-07-09
806,DOLOR QUIS ODIO,Maecenas ut massa quis augue luctus tincidunt. Nulla mollis molestie lorem.,$49.57,PS5,Platformer,"Ferry, Hettinger and Ebert",247,2020-05-22
807,UT MASSA QUIS AUGUE,"Suspendisse ornare consequat lectus. In est risus, auctor sed, tristique in, tempus sit amet, sem.",$24.95,Xbox,Role-playing,Little Inc,83,2006-12-17
808,NASCETUR RIDICULUS MUS,"Maecenas tristique, est et tempus semper, est quam pharetra magna, ac consequat metus sapien ut nunc. Vestibulum ante ipsum primis in faucibus orci luctus et ultrices posuere cubilia Curae; Mauris viverra diam vitae quam.",$14.23,Xbox,Music,Ferry Inc,300,2008-03-17
809,TRISTIQUE IN TEMPUS,Morbi quis tortor id nulla ultrices aliquet.,$50.69,Xbox,Sports,Wintheiser-Batz,206,2018-12-23
810,SIT AMET LOBORTIS SAPIEN,Etiam pretium iaculis justo.,$43.16,PC,Platformer,Fay and Sons,373,2021-04-25
811,SIT AMET NUNC,In quis justo. Maecenas rhoncus aliquam lacus.,$32.71,Xbox,Simulation,O'Reilly-Stokes,271,2000-05-06
812,DOLOR,Vestibulum rutrum rutrum neque. Aenean auctor gravida sem.,$46.03,Switch,Strategy,Ondricka-Franecki,306,2000-09-11
813,SIT AMET,Praesent lectus.,$2.33,PS5,Adventure,Effertz-Mitchell,200,2024-12-28
814,PRIMIS IN FAUCIBUS ORCI,Nunc rhoncus dui vel sem.,$51.73,PC,Survival,Heathcote-Nienow,74,2008-12-25
815,DUI PROIN LEO ODIO,Duis consequat dui nec nisi volutpat eleifend.,$34.25,PS5,Sports,"Carter, Thiel and Pfeffer",351,2021-10-26
816,MAURIS NON LIGULA,"Nam nulla. Integer pede justo, lacinia eget, tincidunt eget, tempus vel, pede.",$22.30,PS5,Puzzle,Gulgowski Inc,337,2022-10-29
817,QUAM SUSPENDISSE POTENTI NULLAM,"Fusce congue, diam id ornare imperdiet, sapien urna pretium nisl, ut volutpat sapien arcu sed augue. Aliquam erat volutpat.",$6.69,PC,Racing,Cormier Inc,453,2003-02-26
818,HAC HABITASSE,Integer a nibh.,$15.25,Xbox,Racing,Olson-Crooks,72,1997-08-31
819,VULPUTATE UT ULTRICES,Nulla facilisi. Cras non velit nec nisi vulputate nonummy.,$38.02,Switch,Adventure,"Nikolaus, Romaguera and Farrell",213,2022-08-17
820,VARIUS NULLA,"Nulla neque libero, convallis eget, eleifend luctus, ultricies eu, nibh. Quisque id justo sit amet sapien dignissim vestibulum.",$4.11,Switch,Platformer,Braun LLC,226,2003-03-09
821,TEMPOR,Nulla ut erat id mauris vulputate elementum.,$32.64,Xbox,Stealth,Schroeder-Schinner,202,2022-12-13
822,ENIM BLANDIT MI IN PORTTITOR,Sed ante.,$38.42,Xbox,Racing,Berge-Kshlerin,253,2006-09-24
823,MAGNA VULPUTATE LUCTUS CUM SOCIIS,Morbi porttitor lorem id ligula. Suspendisse ornare consequat lectus.,$21.82,Xbox,Role-playing,Kertzmann-Koepp,285,2005-03-14
824,TORTOR RISUS,Praesent blandit lacinia erat.,$57.86,PC,Simulation,Douglas and Sons,155,2017-07-17
825,RISUS SEMPER PORTA,Nulla mollis molestie lorem. Quisque ut erat.,$28.45,PC,Role-playing,Bartell-Turcotte,264,2011-07-27
826,AC ENIM IN TEMPOR TURPIS,Ut at dolor quis odio consequat varius.,$50.39,Xbox,Music,Heller and Sons,87,2004-01-02
827,AC DIAM,Vivamus vestibulum sagittis sapien.,$39.54,Switch,Fighting,O'Keefe-Robel,120,2003-01-31
828,DONEC QUIS,Aenean lectus. Pellentesque eget nunc.,$33.93,PS5,Survival,Lubowitz-Zboncak,499,2008-08-19
829,EU FELIS FUSCE POSUERE,Vestibulum ante ipsum primis in faucibus orci luctus et ultrices posuere cubilia Curae; Duis faucibus accumsan odio. Curabitur convallis.,$12.99,PC,Role-playing,Haley and Sons,114,2011-11-18
830,NULLA QUISQUE,Duis bibendum.,$25.94,Switch,Racing,"Pfannerstill, Lockman and Farrell",378,2006-08-20
831,DOLOR SIT,In congue. Etiam justo.,$27.90,Switch,Fighting,Thiel-Johns,267,2014-01-13
832,SAPIEN UT NUNC VESTIBULUM ANTE,Nulla nisl.,$40.36,PS5,Platformer,Crooks-Crona,367,2007-09-16
833,VITAE,Suspendisse potenti.,$49.89,PC,Horror,Schinner-Little,119,2000-01-25
834,LACINIA NISI VENENATIS,Praesent id massa id nisl venenatis lacinia. Aenean sit amet justo.,$42.07,PS5,Stealth,Blick Group,238,2003-05-20
835,JUSTO,Aliquam non mauris. Morbi non lectus.,$31.17,Switch,Music,Gulgowski-Kutch,28,2001-12-15
836,LACUS,"Fusce lacus purus, aliquet at, feugiat non, pretium quis, lectus. Suspendisse potenti.",$13.69,Switch,Survival,Feest LLC,390,2004-06-23
837,NULLA,Aenean auctor gravida sem. Praesent id massa id nisl venenatis lacinia.,$56.33,PS5,Educational,Bogan and Sons,105,2013-03-09
838,DONEC,Suspendisse ornare consequat lectus.,$34.35,Switch,Fighting,Corkery-Gerhold,129,2017-08-01
839,SOLLICITUDIN MI SIT AMET LOBORTIS,"Nam dui. Proin leo odio, porttitor id, consequat in, consequat ut, nulla.",$56.31,Xbox,Strategy,"Thiel, Rutherford and Raynor",47,1997-05-14
840,AUGUE ALIQUAM ERAT VOLUTPAT IN,"Donec diam neque, vestibulum eget, vulputate ut, ultrices vel, augue. Vestibulum ante ipsum primis in faucibus orci luctus et ultrices posuere cubilia Curae; Donec pharetra, magna vestibulum aliquet ultrices, erat tortor sollicitudin mi, sit amet lobortis sapien sapien non mi.",$13.30,PS5,Stealth,DuBuque-Murphy,304,1998-07-26
841,NAM,Morbi a ipsum. Integer a nibh.,$55.89,PS5,Puzzle,"Rice, Shields and Bayer",100,2001-12-11
842,PEDE ULLAMCORPER AUGUE,"Duis bibendum, felis sed interdum venenatis, turpis enim blandit mi, in porttitor pede justo eu massa.",$4.27,Xbox,Platformer,Davis-Howe,157,2006-11-14
843,FACILISI CRAS NON VELIT NEC,Etiam pretium iaculis justo.,$14.78,PC,Adventure,Dach-Christiansen,216,2017-05-15
844,INTERDUM IN ANTE,"Praesent lectus. Vestibulum quam sapien, varius ut, blandit non, interdum in, ante.",$33.64,PC,Adventure,"Nienow, Luettgen and Kuhic",268,2021-05-29
845,LOBORTIS EST PHASELLUS,Aenean fermentum. Donec ut mauris eget massa tempor convallis.,$53.57,PS5,Horror,"Lubowitz, Mosciski and Jakubowski",43,2011-12-02
846,IN ANTE,Cras pellentesque volutpat dui.,$46.48,PC,Role-playing,"Abernathy, Littel and Schiller",426,2010-02-26
847,VULPUTATE JUSTO,"Donec vitae nisi. Nam ultrices, libero non mattis pulvinar, nulla pede ullamcorper augue, a suscipit nulla elit ac nulla.",$47.11,Xbox,Music,"Goodwin, Will and Friesen",364,1997-08-01
848,ETIAM,Aliquam erat volutpat.,$47.89,Switch,Action,Abernathy LLC,190,2013-07-19
849,CRAS MI PEDE MALESUADA IN,"Fusce congue, diam id ornare imperdiet, sapien urna pretium nisl, ut volutpat sapien arcu sed augue. Aliquam erat volutpat.",$2.58,Xbox,Racing,Bahringer LLC,264,2007-01-03
850,NULLA INTEGER PEDE JUSTO LACINIA,Vestibulum ac est lacinia nisi venenatis tristique.,$9.27,Xbox,Puzzle,Will-Cummings,213,2025-01-15
851,PLACERAT,Nam nulla.,$30.78,PS5,Stealth,Kuvalis LLC,282,2021-09-20
852,TURPIS ADIPISCING LOREM,Nunc rhoncus dui vel sem.,$32.09,PS5,Platformer,Schiller-Lindgren,2,2010-08-22
853,TURPIS,Aenean fermentum.,$17.88,Switch,Sports,Kertzmann-Bradtke,36,2012-09-01
854,NULLA SUSCIPIT LIGULA IN,Vivamus vestibulum sagittis sapien.,$34.50,PC,Educational,Ebert-Simonis,207,2012-02-21
855,SAPIEN PLACERAT ANTE NULLA,Duis consequat dui nec nisi volutpat eleifend. Donec ut dolor.,$49.57,PC,Simulation,Reichel-Yundt,124,1996-06-14
856,CURSUS URNA UT,Donec ut dolor.,$17.44,Xbox,Music,"Konopelski, Collins and Breitenberg",41,2020-02-14
857,SED TRISTIQUE IN,In eleifend quam a odio.,$7.79,PC,Strategy,Rowe LLC,381,2019-02-10
858,SEMPER RUTRUM NULLA NUNC,Sed vel enim sit amet nunc viverra dapibus.,$51.22,PC,Role-playing,Dooley-Hauck,399,2017-07-05
859,ERAT,Morbi non quam nec dui luctus rutrum.,$16.47,PS5,Simulation,"Rolfson, Stamm and Grant",229,2016-02-06
860,CONVALLIS,Pellentesque ultrices mattis odio.,$55.86,PS5,Survival,Weissnat and Sons,202,2005-09-02
861,COMMODO PLACERAT PRAESENT BLANDIT,"Maecenas tristique, est et tempus semper, est quam pharetra magna, ac consequat metus sapien ut nunc. Vestibulum ante ipsum primis in faucibus orci luctus et ultrices posuere cubilia Curae; Mauris viverra diam vitae quam.",$22.69,Xbox,Educational,Lynch and Sons,334,2009-06-18
862,METUS SAPIEN UT,"Vestibulum ante ipsum primis in faucibus orci luctus et ultrices posuere cubilia Curae; Donec pharetra, magna vestibulum aliquet ultrices, erat tortor sollicitudin mi, sit amet lobortis sapien sapien non mi. Integer ac neque.",$43.51,Xbox,Music,Senger and Sons,352,2015-04-01
863,EU TINCIDUNT IN LEO MAECENAS,Mauris sit amet eros. Suspendisse accumsan tortor quis turpis.,$42.33,PC,Educational,Lockman-Haag,204,2010-05-01
864,VARIUS,Suspendisse potenti.,$36.55,PS5,Role-playing,Thompson Inc,470,2003-12-25
865,PORTTITOR ID CONSEQUAT IN CONSEQUAT,Morbi vel lectus in quam fringilla rhoncus.,$32.88,PS5,Sports,Kerluke-Spinka,160,2012-05-20
866,VULPUTATE ELEMENTUM NULLAM,"Aliquam sit amet diam in magna bibendum imperdiet. Nullam orci pede, venenatis non, sodales sed, tincidunt eu, felis.",$58.78,Switch,Music,Welch and Sons,37,2004-02-24
867,EU MASSA DONEC,Donec posuere metus vitae ipsum.,$3.72,PC,Sports,Berge LLC,255,2018-04-09
868,PROIN AT TURPIS A PEDE,Sed vel enim sit amet nunc viverra dapibus.,$0.45,PC,Educational,Kreiger and Sons,416,2024-12-02
869,AT FEUGIAT NON,Donec ut mauris eget massa tempor convallis.,$33.57,PC,Horror,"Gibson, Pollich and King",439,2015-03-27
870,ORCI MAURIS LACINIA SAPIEN QUIS,Suspendisse potenti.,$33.40,Switch,Role-playing,Labadie Inc,248,2015-03-01
871,NAM ULTRICES LIBERO,Aenean fermentum.,$44.61,Xbox,Horror,Smitham and Sons,394,2001-02-10
872,CONSEQUAT LECTUS IN EST RISUS,Praesent lectus.,$19.42,Xbox,Platformer,Pacocha-Turcotte,365,2016-11-14
873,VULPUTATE ELEMENTUM NULLAM,Maecenas tincidunt lacus at velit. Vivamus vel nulla eget eros elementum pellentesque.,$36.32,Switch,Adventure,"Beer, Pollich and Turcotte",372,2005-07-08
874,VELIT EU EST CONGUE ELEMENTUM,In blandit ultrices enim.,$26.71,Xbox,Survival,Littel Group,20,2008-01-31
875,BLANDIT NAM NULLA INTEGER,"Quisque erat eros, viverra eget, congue eget, semper rutrum, nulla.",$47.62,PS5,Simulation,"Maggio, Wehner and Frami",400,2024-07-10
876,ET ULTRICES POSUERE,Pellentesque viverra pede ac diam. Cras pellentesque volutpat dui.,$21.27,Xbox,Racing,"Wolff, Hagenes and Yost",389,2013-02-14
877,UT NUNC,"Integer non velit. Donec diam neque, vestibulum eget, vulputate ut, ultrices vel, augue.",$38.41,Xbox,Fighting,Ward-Dibbert,461,2013-10-23
878,MORBI A IPSUM,"Vestibulum ac est lacinia nisi venenatis tristique. Fusce congue, diam id ornare imperdiet, sapien urna pretium nisl, ut volutpat sapien arcu sed augue.",$18.66,Xbox,Adventure,Aufderhar-Zulauf,152,1997-06-17
879,PHASELLUS ID SAPIEN IN,Aliquam sit amet diam in magna bibendum imperdiet.,$42.50,PS5,Fighting,Parisian-Connelly,46,2018-04-09
880,AENEAN FERMENTUM,"In hac habitasse platea dictumst. Morbi vestibulum, velit id pretium iaculis, diam erat fermentum justo, nec condimentum neque sapien placerat ante.",$28.15,Xbox,Sports,Ziemann Group,220,2003-09-09
881,LACUS PURUS ALIQUET,Sed ante.,$54.76,PC,Strategy,Berge-Crist,479,2021-11-14
882,EROS VIVERRA EGET,Aliquam erat volutpat. In congue.,$7.89,Xbox,Platformer,Breitenberg Group,192,2009-05-27
883,NON LECTUS ALIQUAM SIT,In hac habitasse platea dictumst.,$53.34,PC,Sports,Kiehn Group,7,1998-03-29
884,NEC NISI,Morbi non lectus.,$57.51,PS5,Stealth,"Swift, Watsica and Schoen",60,2003-08-04
885,INTERDUM IN,Duis at velit eu est congue elementum. In hac habitasse platea dictumst.,$9.60,Xbox,Fighting,Emard LLC,113,2002-12-12
886,DUI PROIN,Proin eu mi. Nulla ac enim.,$12.30,PS5,Action,"Cronin, Bahringer and Nader",178,2023-01-12
887,QUAM SOLLICITUDIN VITAE CONSECTETUER,Donec quis orci eget orci vehicula condimentum.,$8.21,Switch,Survival,Schuppe LLC,196,2015-06-07
888,JUSTO PELLENTESQUE,Nulla tellus.,$25.51,PS5,Simulation,"Effertz, King and Abbott",442,2005-09-19
889,AMET DIAM,In hac habitasse platea dictumst.,$34.43,Xbox,Survival,"Hudson, Bins and Gulgowski",414,2005-03-31
890,LEO,Curabitur at ipsum ac tellus semper interdum.,$39.67,Xbox,Simulation,"Brakus, Bechtelar and Feeney",325,2003-03-31
891,SEM FUSCE CONSEQUAT NULLA,Morbi a ipsum.,$30.21,PC,Fighting,"O'Conner, Fahey and Hayes",200,2001-06-26
892,FERMENTUM,"Vestibulum quam sapien, varius ut, blandit non, interdum in, ante. Vestibulum ante ipsum primis in faucibus orci luctus et ultrices posuere cubilia Curae; Duis faucibus accumsan odio.",$3.47,Switch,Strategy,Schuppe Group,357,2015-06-28
893,CURABITUR AT IPSUM AC,Proin at turpis a pede posuere nonummy.,$9.25,Switch,Music,"Rice, Walker and Runolfsson",14,2015-12-17
894,LIBERO,Aliquam erat volutpat. In congue.,$1.79,PS5,Strategy,Emard-Ledner,258,2023-07-21
895,RISUS SEMPER PORTA,"In blandit ultrices enim. Lorem ipsum dolor sit amet, consectetuer adipiscing elit.",$45.74,PS5,Role-playing,Walker-Carter,80,1999-01-19
896,EU,Ut tellus. Nulla ut erat id mauris vulputate elementum.,$12.68,Xbox,Platformer,Veum Inc,426,1997-09-24
897,VARIUS,Nunc rhoncus dui vel sem.,$32.77,Xbox,Adventure,Walter and Sons,455,2003-05-19
898,MORBI VESTIBULUM VELIT,In quis justo. Maecenas rhoncus aliquam lacus.,$20.06,PS5,Adventure,Zieme-Grant,236,2012-12-25
899,AC NIBH FUSCE,Duis at velit eu est congue elementum. In hac habitasse platea dictumst.,$7.00,Xbox,Fighting,Kilback Group,250,1995-06-28
900,EGET CONGUE,Aliquam quis turpis eget elit sodales scelerisque. Mauris sit amet eros.,$35.33,PS5,Racing,"Huel, Rohan and Dietrich",163,2002-09-14
901,CONSECTETUER EGET RUTRUM,"Suspendisse ornare consequat lectus. In est risus, auctor sed, tristique in, tempus sit amet, sem.",$5.14,Switch,Horror,VonRueden-Kling,18,2015-12-05
902,IPSUM DOLOR,"Quisque erat eros, viverra eget, congue eget, semper rutrum, nulla.",$4.59,Switch,Puzzle,Collier and Sons,102,1996-12-31
903,PHASELLUS IN,"Vestibulum ante ipsum primis in faucibus orci luctus et ultrices posuere cubilia Curae; Donec pharetra, magna vestibulum aliquet ultrices, erat tortor sollicitudin mi, sit amet lobortis sapien sapien non mi.",$24.53,PS5,Racing,"Schimmel, Ferry and Stoltenberg",123,2013-06-17
904,VIVAMUS IN FELIS EU SAPIEN,"Duis bibendum, felis sed interdum venenatis, turpis enim blandit mi, in porttitor pede justo eu massa. Donec dapibus.",$51.65,PS5,Puzzle,"Yost, Breitenberg and Skiles",2,2009-08-09
905,IN LEO,Integer ac leo. Pellentesque ultrices mattis odio.,$45.50,Xbox,Adventure,Pagac Group,395,2013-09-09
906,UT AT DOLOR QUIS ODIO,Donec ut mauris eget massa tempor convallis.,$48.03,PC,Survival,Franecki and Sons,135,2013-07-13
907,ALIQUET ULTRICES,Nunc purus.,$59.25,Xbox,Role-playing,Herman-Krajcik,399,2016-08-08
908,PENATIBUS ET,Donec dapibus. Duis at velit eu est congue elementum.,$38.44,PS5,Educational,Bashirian-Smith,364,2018-04-01
909,MALESUADA,Vestibulum sed magna at nunc commodo placerat.,$44.09,PS5,Simulation,Jaskolski LLC,339,2002-08-13
910,CONVALLIS EGET ELEIFEND LUCTUS,Vivamus vestibulum sagittis sapien.,$30.56,PS5,Action,"Pouros, Kunde and Reichel",25,2002-04-27
911,SED JUSTO PELLENTESQUE,Nulla nisl. Nunc nisl.,$37.72,Switch,Strategy,Upton Inc,94,2016-01-05
912,INTERDUM MAURIS ULLAMCORPER,Suspendisse potenti. In eleifend quam a odio.,$42.79,Switch,Simulation,"Boehm, Schultz and Kreiger",233,1995-05-08
913,FELIS,Suspendisse ornare consequat lectus.,$53.54,PS5,Stealth,"Ritchie, Bauch and Goodwin",292,2014-09-08
914,MALESUADA IN IMPERDIET ET,"Cras mi pede, malesuada in, imperdiet et, commodo vulputate, justo.",$59.39,Switch,Educational,D'Amore LLC,133,2003-10-18
915,LECTUS PELLENTESQUE,"Donec ut mauris eget massa tempor convallis. Nulla neque libero, convallis eget, eleifend luctus, ultricies eu, nibh.",$39.63,Switch,Fighting,"Sanford, Ullrich and Kemmer",168,2011-12-06
916,PORTTITOR,Proin eu mi.,$3.88,PS5,Strategy,Schoen Group,319,2015-02-25
917,CUBILIA,Duis ac nibh.,$53.84,Switch,Fighting,"Runolfsdottir, Bartoletti and Barton",388,1994-01-14
918,PEDE,"Nullam orci pede, venenatis non, sodales sed, tincidunt eu, felis.",$0.17,PS5,Survival,"Dickinson, Koss and Kiehn",125,1996-11-20
919,CURSUS ID TURPIS INTEGER ALIQUET,Fusce consequat.,$3.11,PC,Role-playing,"Buckridge, Wyman and Wilkinson",222,2019-06-21
920,RISUS SEMPER PORTA VOLUTPAT QUAM,Mauris lacinia sapien quis libero. Nullam sit amet turpis elementum ligula vehicula consequat.,$39.05,Switch,Fighting,Jast-Bosco,224,2024-04-09
921,DONEC SEMPER SAPIEN A,Vestibulum rutrum rutrum neque.,$56.60,PC,Survival,Effertz-Steuber,469,2017-09-01
922,HENDRERIT AT VULPUTATE VITAE NISL,Vestibulum ante ipsum primis in faucibus orci luctus et ultrices posuere cubilia Curae; Duis faucibus accumsan odio. Curabitur convallis.,$23.89,PC,Horror,Volkman LLC,238,2020-12-05
923,ALIQUET PULVINAR,Aenean sit amet justo.,$22.09,PC,Adventure,Dooley-Wyman,177,2020-11-17
924,IN FELIS EU,"Fusce congue, diam id ornare imperdiet, sapien urna pretium nisl, ut volutpat sapien arcu sed augue.",$36.11,Xbox,Action,O'Reilly-Bradtke,389,2023-03-06
925,SIT AMET CURSUS ID,"Duis bibendum, felis sed interdum venenatis, turpis enim blandit mi, in porttitor pede justo eu massa. Donec dapibus.",$10.00,PC,Simulation,Hodkiewicz-Jacobson,50,2016-05-05
926,NULLAM ORCI PEDE VENENATIS NON,Proin interdum mauris non ligula pellentesque ultrices.,$31.68,PS5,Strategy,"Rodriguez, Toy and Kessler",31,2000-11-13
927,CUBILIA CURAE,Maecenas tincidunt lacus at velit. Vivamus vel nulla eget eros elementum pellentesque.,$43.55,Xbox,Role-playing,"Gulgowski, Sporer and Gleason",429,1996-01-30
928,MAURIS ULLAMCORPER PURUS SIT AMET,Etiam vel augue.,$25.54,Xbox,Role-playing,"Emard, Thompson and Koelpin",191,2020-05-20
929,MORBI QUIS TORTOR,Ut tellus. Nulla ut erat id mauris vulputate elementum.,$6.85,Xbox,Educational,Jacobs-Hoeger,412,2016-07-17
930,PEDE ULLAMCORPER,Aenean fermentum.,$11.33,Switch,Platformer,"Stiedemann, Rolfson and Streich",68,2011-12-07
931,MORBI SEM,Integer tincidunt ante vel ipsum.,$42.45,PC,Music,"D'Amore, Carroll and Stroman",92,2014-11-12
932,MAURIS VULPUTATE ELEMENTUM NULLAM VARIUS,Maecenas pulvinar lobortis est. Phasellus sit amet erat.,$33.42,Xbox,Educational,Powlowski-Collins,229,1995-11-27
933,CURAE NULLA,Pellentesque at nulla. Suspendisse potenti.,$27.95,Xbox,Action,Reilly-Nienow,465,2010-09-12
934,EGET NUNC DONEC,Aliquam non mauris. Morbi non lectus.,$8.47,PS5,Strategy,Kilback Inc,87,1996-05-24
935,EST,"Mauris enim leo, rhoncus sed, vestibulum sit amet, cursus id, turpis. Integer aliquet, massa id lobortis convallis, tortor risus dapibus augue, vel accumsan tellus nisi eu orci.",$12.34,Switch,Strategy,Funk LLC,51,2014-10-13
936,ETIAM JUSTO,"Duis ac nibh. Fusce lacus purus, aliquet at, feugiat non, pretium quis, lectus.",$22.83,PC,Simulation,"Fahey, Langworth and Torphy",346,2021-05-03
937,IN,"Donec diam neque, vestibulum eget, vulputate ut, ultrices vel, augue.",$27.23,Switch,Fighting,Ziemann Inc,257,2023-11-24
938,MI SIT AMET LOBORTIS SAPIEN,Vestibulum sed magna at nunc commodo placerat.,$29.83,Switch,Platformer,Swift Group,357,1995-02-27
939,VEL PEDE MORBI,"In tempor, turpis nec euismod scelerisque, quam turpis adipiscing lorem, vitae mattis nibh ligula nec sem. Duis aliquam convallis nunc.",$37.01,Xbox,Role-playing,Johnson and Sons,9,2002-12-28
940,NEC MOLESTIE SED JUSTO,Nulla suscipit ligula in lacus. Curabitur at ipsum ac tellus semper interdum.,$49.48,Switch,Fighting,"Kuvalis, Paucek and Stokes",385,2001-03-08
941,EGET NUNC,Praesent blandit. Nam nulla.,$50.88,PC,Horror,"Ruecker, Zieme and Fritsch",313,2023-08-03
942,ID TURPIS INTEGER ALIQUET MASSA,Aenean fermentum. Donec ut mauris eget massa tempor convallis.,$14.41,Xbox,Survival,"Ryan, Cartwright and Gottlieb",487,1994-01-29
943,VOLUTPAT ELEIFEND DONEC,Pellentesque at nulla. Suspendisse potenti.,$7.85,PC,Horror,Nienow-Lockman,207,2015-03-12
944,MASSA,Suspendisse ornare consequat lectus.,$26.64,PC,Racing,Doyle-Goldner,243,2005-08-18
945,AUGUE,Etiam justo. Etiam pretium iaculis justo.,$11.06,Xbox,Horror,Rath Inc,445,1997-03-04
946,MAURIS SIT,Fusce consequat. Nulla nisl.,$13.32,PC,Stealth,Bins Inc,44,1996-03-02
947,MI INTEGER,Nulla justo.,$47.44,Xbox,Stealth,Oberbrunner-Bednar,185,2019-03-28
948,DOLOR VEL EST,Nulla suscipit ligula in lacus.,$1.66,Switch,Adventure,Graham-D'Amore,247,2011-09-27
949,IN ANTE VESTIBULUM ANTE IPSUM,Duis mattis egestas metus. Aenean fermentum.,$12.79,Xbox,Simulation,Borer and Sons,30,1997-05-22
950,NON QUAM NEC DUI LUCTUS,Ut at dolor quis odio consequat varius. Integer ac leo.,$32.51,PS5,Music,"Murphy, Dickinson and Volkman",442,1997-10-09
951,RUTRUM,Proin at turpis a pede posuere nonummy.,$45.11,PC,Music,"Harvey, Buckridge and Anderson",252,2024-05-18
952,QUIS TURPIS,Praesent blandit. Nam nulla.,$5.80,PC,Adventure,Barton-Durgan,91,2021-11-30
953,DONEC QUIS ORCI EGET ORCI,Nullam molestie nibh in lectus.,$39.72,Xbox,Survival,Marvin-Harber,199,2020-04-02
954,ETIAM VEL AUGUE VESTIBULUM RUTRUM,"Donec diam neque, vestibulum eget, vulputate ut, ultrices vel, augue. Vestibulum ante ipsum primis in faucibus orci luctus et ultrices posuere cubilia Curae; Donec pharetra, magna vestibulum aliquet ultrices, erat tortor sollicitudin mi, sit amet lobortis sapien sapien non mi.",$35.13,PC,Simulation,"Abshire, McClure and Adams",37,2011-05-02
955,CURABITUR CONVALLIS DUIS CONSEQUAT DUI,Suspendisse potenti.,$12.43,Switch,Survival,Tromp-Bauch,353,2016-05-10
956,VITAE,Maecenas pulvinar lobortis est. Phasellus sit amet erat.,$15.87,PS5,Sports,"Erdman, Price and Padberg",15,2018-07-17
957,LIGULA VEHICULA,Mauris ullamcorper purus sit amet nulla.,$10.55,PC,Educational,"Anderson, Feil and White",408,2007-02-17
958,QUIS,Aenean lectus. Pellentesque eget nunc.,$56.44,PS5,Fighting,Thompson-Kling,344,2008-04-15
959,VESTIBULUM ANTE IPSUM PRIMIS IN,"Fusce congue, diam id ornare imperdiet, sapien urna pretium nisl, ut volutpat sapien arcu sed augue.",$5.99,PC,Fighting,Hodkiewicz Group,17,2003-02-21
960,NAM DUI PROIN,Nulla mollis molestie lorem. Quisque ut erat.,$49.62,PC,Action,Feil and Sons,441,2024-06-07
961,SED JUSTO PELLENTESQUE VIVERRA,Nulla justo. Aliquam quis turpis eget elit sodales scelerisque.,$35.15,Switch,Role-playing,Crona-Kertzmann,146,1999-08-02
962,ADIPISCING ELIT PROIN INTERDUM MAURIS,Phasellus id sapien in sapien iaculis congue.,$13.89,Switch,Survival,"Langworth, Stracke and Botsford",59,2015-01-24
963,VELIT,"Aliquam augue quam, sollicitudin vitae, consectetuer eget, rutrum at, lorem. Integer tincidunt ante vel ipsum.",$32.96,PC,Simulation,"Muller, Jones and Weber",75,1999-02-02
964,NONUMMY,Donec ut dolor.,$57.31,PS5,Fighting,"Will, Beer and Carroll",192,2003-01-26
965,JUSTO PELLENTESQUE VIVERRA PEDE,Curabitur convallis. Duis consequat dui nec nisi volutpat eleifend.,$30.16,Switch,Survival,Trantow-Fadel,285,1997-01-11
966,NULLA TELLUS IN SAGITTIS DUI,Nulla tellus. In sagittis dui vel nisl.,$41.96,Xbox,Horror,"Stehr, Pacocha and Hermiston",347,2006-01-31
967,TURPIS ADIPISCING LOREM VITAE,"Integer aliquet, massa id lobortis convallis, tortor risus dapibus augue, vel accumsan tellus nisi eu orci. Mauris lacinia sapien quis libero.",$4.81,PC,Horror,"Koelpin, Orn and Marquardt",68,2007-05-30
968,MORBI VEL,Mauris sit amet eros.,$6.11,Xbox,Stealth,Williamson-Huels,350,2012-11-12
969,IN LIBERO,Integer a nibh.,$35.05,Xbox,Fighting,"Marquardt, Lueilwitz and Spinka",381,2009-02-13
970,LACINIA,"Nunc nisl. Duis bibendum, felis sed interdum venenatis, turpis enim blandit mi, in porttitor pede justo eu massa.",$4.42,Switch,Fighting,Mann-Wehner,163,1995-06-09
971,VIVERRA EGET CONGUE EGET,In hac habitasse platea dictumst.,$24.90,PC,Role-playing,Jakubowski-Runolfsdottir,277,2022-02-02
972,VIVAMUS TORTOR DUIS MATTIS EGESTAS,Sed accumsan felis. Ut at dolor quis odio consequat varius.,$8.27,PS5,Fighting,"Bailey, Dach and Kuhic",260,2008-11-05
973,RISUS PRAESENT LECTUS VESTIBULUM QUAM,Morbi non lectus. Aliquam sit amet diam in magna bibendum imperdiet.,$55.59,PS5,Racing,Kulas-Altenwerth,311,2015-12-05
974,ELEIFEND PEDE LIBERO,In quis justo.,$19.85,Xbox,Educational,Lehner Group,90,2006-11-15
975,FELIS DONEC SEMPER SAPIEN A,"Nunc nisl. Duis bibendum, felis sed interdum venenatis, turpis enim blandit mi, in porttitor pede justo eu massa.",$24.66,PC,Action,"Schuster, Mayer and Williamson",171,2012-03-18
976,NULLA TELLUS IN SAGITTIS,"Vestibulum ante ipsum primis in faucibus orci luctus et ultrices posuere cubilia Curae; Donec pharetra, magna vestibulum aliquet ultrices, erat tortor sollicitudin mi, sit amet lobortis sapien sapien non mi. Integer ac neque.",$42.74,PS5,Action,Jacobs LLC,491,2015-04-06
977,EU TINCIDUNT,Donec semper sapien a libero. Nam dui.,$41.35,PS5,Role-playing,Wilkinson-Wisozk,483,2007-04-20
978,SUSCIPIT LIGULA IN,Suspendisse potenti. Cras in purus eu magna vulputate luctus.,$50.01,PC,Stealth,"Christiansen, Kreiger and Towne",295,1999-03-24
979,VITAE NISI NAM ULTRICES,Duis ac nibh.,$1.06,PS5,Role-playing,Runolfsdottir-Buckridge,342,2023-08-19
980,CONGUE VIVAMUS METUS ARCU ADIPISCING,Integer ac leo. Pellentesque ultrices mattis odio.,$38.08,PS5,Puzzle,Koepp Group,241,2010-06-20
981,UT AT DOLOR QUIS ODIO,Sed vel enim sit amet nunc viverra dapibus. Nulla suscipit ligula in lacus.,$51.88,PS5,Survival,"Sauer, Wilkinson and Greenholt",145,2024-10-18
982,AT DIAM NAM TRISTIQUE,Nulla justo. Aliquam quis turpis eget elit sodales scelerisque.,$38.59,Xbox,Fighting,Purdy-Pagac,16,2000-02-24
983,SUSCIPIT LIGULA IN,Praesent id massa id nisl venenatis lacinia.,$29.04,Switch,Platformer,Hickle-Hand,150,2013-06-11
984,DUIS ALIQUAM CONVALLIS,"Cras mi pede, malesuada in, imperdiet et, commodo vulputate, justo.",$57.59,PC,Stealth,Wisozk-Kertzmann,290,2020-11-01
985,LOBORTIS SAPIEN SAPIEN,Etiam vel augue.,$35.05,PS5,Action,"Jast, Kihn and Witting",81,1998-11-09
986,AMET CONSECTETUER,"Nulla neque libero, convallis eget, eleifend luctus, ultricies eu, nibh.",$40.19,Switch,Music,Nikolaus-Pacocha,241,2005-11-05
987,SAPIEN PLACERAT ANTE NULLA JUSTO,Phasellus in felis.,$34.87,PC,Strategy,Predovic-Denesik,498,2019-10-05
988,ELEMENTUM NULLAM VARIUS NULLA,Sed accumsan felis. Ut at dolor quis odio consequat varius.,$41.74,Xbox,Fighting,Rowe Inc,50,2003-10-17
989,MAECENAS TRISTIQUE EST ET,Donec ut mauris eget massa tempor convallis.,$56.94,PC,Adventure,Hyatt LLC,225,2009-08-12
990,VOLUTPAT CONVALLIS MORBI ODIO ODIO,Donec quis orci eget orci vehicula condimentum.,$49.13,Xbox,Simulation,Yost-Wunsch,201,2011-07-01
991,VOLUTPAT IN,Etiam vel augue.,$57.59,PS5,Role-playing,"Jacobs, McClure and Schulist",49,2002-11-22
992,ALIQUAM,"Morbi vestibulum, velit id pretium iaculis, diam erat fermentum justo, nec condimentum neque sapien placerat ante. Nulla justo.",$16.46,PC,Adventure,"Gulgowski, Spinka and Simonis",424,2024-10-30
993,LOREM,Nunc purus. Phasellus in felis.,$10.29,Switch,Sports,Douglas and Sons,282,2017-06-16
994,IN FELIS DONEC SEMPER SAPIEN,"Morbi vestibulum, velit id pretium iaculis, diam erat fermentum justo, nec condimentum neque sapien placerat ante.",$20.08,Xbox,Survival,Blick Group,247,2008-09-17
995,AT TURPIS A PEDE,Pellentesque at nulla. Suspendisse potenti.,$35.41,PC,Platformer,"Heidenreich, Hoeger and Stroman",75,2019-08-30
996,ORCI PEDE VENENATIS NON,In quis justo.,$32.77,Xbox,Music,Windler and Sons,187,2019-09-23
997,NISL,Integer tincidunt ante vel ipsum.,$51.95,PS5,Sports,Erdman and Sons,310,1995-04-11
998,INTEGER A NIBH IN QUIS,Maecenas rhoncus aliquam lacus. Morbi quis tortor id nulla ultrices aliquet.,$8.35,PS5,Fighting,Dickinson-Breitenberg,10,2022-06-24
999,TEMPUS SEMPER EST QUAM PHARETRA,Maecenas pulvinar lobortis est. Phasellus sit amet erat.,$35.08,Switch,Fighting,Bradtke-Jaskolski,173,1994-04-12
1000,NATOQUE PENATIBUS,Phasellus sit amet erat. Nulla tempus.,$28.83,Switch,Racing,"Schmidt, Heaney and Stokes",278,2010-09-25
