game_id,title,description,price,platform,genre,developer,stock_quantity,release_date
1,CURABITUR GRAVIDA NISI AT,"Integer ac leo. Pellentesque ultrices mattis odio. Donec vitae nisi. Nam ultrices, libero non mattis pulvinar, nulla pede ullamcorper augue, a suscipit nulla elit ac nulla. Sed vel enim sit amet nunc viverra dapibus. Nulla suscipit ligula in lacus. Curabitur at ipsum ac tellus semper interdum.",$51.18,Switch,Horror,Wolf LLC,248,01/18/2024
2,MORBI NON QUAM,Nullam varius. Nulla facilisi. Cras non velit nec nisi vulputate nonummy. Maecenas tincidunt lacus at velit.,$28.47,PS5,Survival,"Bergstrom, Bailey and King",124,04/17/2002
3,ANTE IPSUM PRIMIS,"Sed ante. Vivamus tortor. Duis mattis egestas metus. Aenean fermentum. Donec ut mauris eget massa tempor convallis. Nulla neque libero, convallis eget, eleifend luctus, ultricies eu, nibh. Quisque id justo sit amet sapien dignissim vestibulum. Vestibulum ante ipsum primis in faucibus orci luctus et ultrices posuere cubilia Curae; Nulla dapibus dolor vel est. Donec odio justo, sollicitudin ut, suscipit a, feugiat et, eros.",$31.60,PS5,Adventure,"Block, Auer and Haley",876,05/31/2007
4,FELIS SED,"Nulla ac enim. In tempor, turpis nec euismod scelerisque, quam turpis adipiscing lorem, vitae mattis nibh ligula nec sem. Duis aliquam convallis nunc. Proin at turpis a pede posuere nonummy.",$23.38,PS5,Strategy,Feest-Schmeler,844,06/25/2012
5,LACINIA NISI VENENATIS TRISTIQUE FUSCE,"Maecenas rhoncus aliquam lacus. Morbi quis tortor id nulla ultrices aliquet. Maecenas leo odio, condimentum id, luctus nec, molestie sed, justo. Pellentesque viverra pede ac diam. Cras pellentesque volutpat dui. Maecenas tristique, est et tempus semper, est quam pharetra magna, ac consequat metus sapien ut nunc. Vestibulum ante ipsum primis in faucibus orci luctus et ultrices posuere cubilia Curae; Mauris viverra diam vitae quam. Suspendisse potenti. Nullam porttitor lacus at turpis. Donec posuere metus vitae ipsum.",$6.20,Switch,Role-playing,"Blanda, Nader and Jakubowski",233,06/19/2005
6,NON INTERDUM IN ANTE VESTIBULUM,Suspendisse accumsan tortor quis turpis. Sed ante. Vivamus tortor. Duis mattis egestas metus. Aenean fermentum. Donec ut mauris eget massa tempor convallis.,$45.89,Xbox,Rhythm,Dietrich-Ankunding,505,01/22/1995
7,NASCETUR RIDICULUS MUS VIVAMUS,"In est risus, auctor sed, tristique in, tempus sit amet, sem. Fusce consequat. Nulla nisl. Nunc nisl.",$34.67,Switch,Adventure,DuBuque Inc,928,08/03/1994
8,JUSTO IN,"Maecenas tristique, est et tempus semper, est quam pharetra magna, ac consequat metus sapien ut nunc. Vestibulum ante ipsum primis in faucibus orci luctus et ultrices posuere cubilia Curae; Mauris viverra diam vitae quam. Suspendisse potenti. Nullam porttitor lacus at turpis. Donec posuere metus vitae ipsum. Aliquam non mauris. Morbi non lectus. Aliquam sit amet diam in magna bibendum imperdiet.",$19.01,Xbox,Adventure,O'Keefe LLC,477,04/10/1996
9,PHASELLUS IN FELIS DONEC SEMPER,"Praesent blandit. Nam nulla. Integer pede justo, lacinia eget, tincidunt eget, tempus vel, pede.",$45.05,Xbox,Racing,"Leannon, Monahan and Senger",110,03/09/2018
10,MAECENAS TINCIDUNT LACUS AT,"Pellentesque eget nunc. Donec quis orci eget orci vehicula condimentum. Curabitur in libero ut massa volutpat convallis. Morbi odio odio, elementum eu, interdum eu, tincidunt in, leo. Maecenas pulvinar lobortis est. Phasellus sit amet erat. Nulla tempus. Vivamus in felis eu sapien cursus vestibulum. Proin eu mi. Nulla ac enim.",$33.13,Switch,Action,"Kovacek, Funk and Mann",641,01/23/1999
11,PELLENTESQUE VIVERRA PEDE AC DIAM,"Curabitur in libero ut massa volutpat convallis. Morbi odio odio, elementum eu, interdum eu, tincidunt in, leo. Maecenas pulvinar lobortis est. Phasellus sit amet erat. Nulla tempus. Vivamus in felis eu sapien cursus vestibulum. Proin eu mi.",$3.17,PS5,Puzzle,Pacocha-Littel,561,05/10/1997
12,SUSPENDISSE POTENTI,"Vestibulum ante ipsum primis in faucibus orci luctus et ultrices posuere cubilia Curae; Duis faucibus accumsan odio. Curabitur convallis. Duis consequat dui nec nisi volutpat eleifend. Donec ut dolor. Morbi vel lectus in quam fringilla rhoncus. Mauris enim leo, rhoncus sed, vestibulum sit amet, cursus id, turpis. Integer aliquet, massa id lobortis convallis, tortor risus dapibus augue, vel accumsan tellus nisi eu orci. Mauris lacinia sapien quis libero. Nullam sit amet turpis elementum ligula vehicula consequat. Morbi a ipsum.",$53.71,PC,Simulation,"O'Conner, Collins and DuBuque",376,11/16/1996
13,SEMPER SAPIEN A,"Suspendisse ornare consequat lectus. In est risus, auctor sed, tristique in, tempus sit amet, sem. Fusce consequat. Nulla nisl. Nunc nisl. Duis bibendum, felis sed interdum venenatis, turpis enim blandit mi, in porttitor pede justo eu massa. Donec dapibus.",$11.26,PS5,Rhythm,Moore-Rowe,588,04/28/2004
14,EST LACINIA NISI VENENATIS TRISTIQUE,"Maecenas rhoncus aliquam lacus. Morbi quis tortor id nulla ultrices aliquet. Maecenas leo odio, condimentum id, luctus nec, molestie sed, justo. Pellentesque viverra pede ac diam. Cras pellentesque volutpat dui. Maecenas tristique, est et tempus semper, est quam pharetra magna, ac consequat metus sapien ut nunc. Vestibulum ante ipsum primis in faucibus orci luctus et ultrices posuere cubilia Curae; Mauris viverra diam vitae quam. Suspendisse potenti. Nullam porttitor lacus at turpis. Donec posuere metus vitae ipsum.",$10.44,Switch,MMORPG,"Beahan, Bashirian and Dickens",274,11/20/2002
15,NISI VOLUTPAT ELEIFEND,"Vestibulum ante ipsum primis in faucibus orci luctus et ultrices posuere cubilia Curae; Donec pharetra, magna vestibulum aliquet ultrices, erat tortor sollicitudin mi, sit amet lobortis sapien sapien non mi. Integer ac neque. Duis bibendum. Morbi non quam nec dui luctus rutrum. Nulla tellus. In sagittis dui vel nisl. Duis ac nibh. Fusce lacus purus, aliquet at, feugiat non, pretium quis, lectus.",$2.00,Xbox,Racing,"Wintheiser, Olson and Turner",85,07/17/2018
16,MAECENAS UT,"Phasellus id sapien in sapien iaculis congue. Vivamus metus arcu, adipiscing molestie, hendrerit at, vulputate vitae, nisl. Aenean lectus.",$36.26,Switch,Stealth,Bruen-Raynor,254,03/09/2007
17,NULLA SED VEL ENIM,Etiam pretium iaculis justo. In hac habitasse platea dictumst. Etiam faucibus cursus urna. Ut tellus. Nulla ut erat id mauris vulputate elementum. Nullam varius. Nulla facilisi.,$22.43,PC,Role-playing,West-Corwin,687,10/27/2004
18,ULTRICES,"Duis bibendum. Morbi non quam nec dui luctus rutrum. Nulla tellus. In sagittis dui vel nisl. Duis ac nibh. Fusce lacus purus, aliquet at, feugiat non, pretium quis, lectus. Suspendisse potenti. In eleifend quam a odio. In hac habitasse platea dictumst. Maecenas ut massa quis augue luctus tincidunt.",$55.70,PC,MMORPG,Ryan-Braun,579,12/23/2013
19,NON,Suspendisse potenti. In eleifend quam a odio.,$50.87,PS5,Horror,Batz-Mueller,380,04/13/2014
20,ALIQUAM QUIS,"Pellentesque eget nunc. Donec quis orci eget orci vehicula condimentum. Curabitur in libero ut massa volutpat convallis. Morbi odio odio, elementum eu, interdum eu, tincidunt in, leo. Maecenas pulvinar lobortis est. Phasellus sit amet erat.",$1.66,Xbox,Simulation,"Ruecker, Fay and Conn",709,03/03/2013
21,EU INTERDUM EU TINCIDUNT,"Duis at velit eu est congue elementum. In hac habitasse platea dictumst. Morbi vestibulum, velit id pretium iaculis, diam erat fermentum justo, nec condimentum neque sapien placerat ante. Nulla justo.",$49.72,Xbox,Puzzle,"Daniel, Bradtke and Rippin",925,01/20/2010
22,ELEIFEND LUCTUS ULTRICIES EU NIBH,"In sagittis dui vel nisl. Duis ac nibh. Fusce lacus purus, aliquet at, feugiat non, pretium quis, lectus.",$5.10,Xbox,Fighting,Altenwerth Group,487,02/23/1994
23,PELLENTESQUE QUISQUE PORTA VOLUTPAT,Phasellus sit amet erat. Nulla tempus.,$59.59,PC,Action,Gerhold-DuBuque,448,03/31/2006
24,LACUS,"Maecenas tristique, est et tempus semper, est quam pharetra magna, ac consequat metus sapien ut nunc. Vestibulum ante ipsum primis in faucibus orci luctus et ultrices posuere cubilia Curae; Mauris viverra diam vitae quam. Suspendisse potenti. Nullam porttitor lacus at turpis. Donec posuere metus vitae ipsum. Aliquam non mauris. Morbi non lectus. Aliquam sit amet diam in magna bibendum imperdiet. Nullam orci pede, venenatis non, sodales sed, tincidunt eu, felis.",$21.08,Switch,Fighting,"Hackett, Padberg and Walsh",21,12/27/2005
25,QUAM SOLLICITUDIN VITAE CONSECTETUER EGET,"Pellentesque ultrices mattis odio. Donec vitae nisi. Nam ultrices, libero non mattis pulvinar, nulla pede ullamcorper augue, a suscipit nulla elit ac nulla. Sed vel enim sit amet nunc viverra dapibus. Nulla suscipit ligula in lacus.",$56.38,Switch,Platformer,Hodkiewicz LLC,802,06/22/2001
26,PURUS,Aliquam quis turpis eget elit sodales scelerisque. Mauris sit amet eros.,$10.95,PC,MMORPG,"Kuhn, Cummerata and Ledner",427,03/24/2000
27,ANTE IPSUM,Etiam pretium iaculis justo. In hac habitasse platea dictumst. Etiam faucibus cursus urna.,$42.22,Xbox,Simulation,Huels-Mann,723,05/25/1996
28,EGET MASSA TEMPOR,"Curabitur in libero ut massa volutpat convallis. Morbi odio odio, elementum eu, interdum eu, tincidunt in, leo. Maecenas pulvinar lobortis est. Phasellus sit amet erat. Nulla tempus. Vivamus in felis eu sapien cursus vestibulum.",$5.96,Xbox,Stealth,Medhurst Group,321,05/22/2000
29,AT TURPIS,Curabitur gravida nisi at nibh. In hac habitasse platea dictumst.,$15.16,PS5,Adventure,Senger-Nienow,645,11/07/2018
30,LACUS CURABITUR AT,"Vestibulum ante ipsum primis in faucibus orci luctus et ultrices posuere cubilia Curae; Nulla dapibus dolor vel est. Donec odio justo, sollicitudin ut, suscipit a, feugiat et, eros. Vestibulum ac est lacinia nisi venenatis tristique. Fusce congue, diam id ornare imperdiet, sapien urna pretium nisl, ut volutpat sapien arcu sed augue. Aliquam erat volutpat. In congue. Etiam justo. Etiam pretium iaculis justo. In hac habitasse platea dictumst.",$38.56,Xbox,Rhythm,Leuschke Group,378,04/30/2002
31,BLANDIT NAM NULLA,"Donec diam neque, vestibulum eget, vulputate ut, ultrices vel, augue. Vestibulum ante ipsum primis in faucibus orci luctus et ultrices posuere cubilia Curae; Donec pharetra, magna vestibulum aliquet ultrices, erat tortor sollicitudin mi, sit amet lobortis sapien sapien non mi. Integer ac neque. Duis bibendum. Morbi non quam nec dui luctus rutrum. Nulla tellus. In sagittis dui vel nisl. Duis ac nibh. Fusce lacus purus, aliquet at, feugiat non, pretium quis, lectus.",$44.51,Switch,Rhythm,Ruecker LLC,471,07/23/2009
32,PULVINAR SED NISL NUNC,"Cras in purus eu magna vulputate luctus. Cum sociis natoque penatibus et magnis dis parturient montes, nascetur ridiculus mus. Vivamus vestibulum sagittis sapien. Cum sociis natoque penatibus et magnis dis parturient montes, nascetur ridiculus mus.",$39.33,PS5,Fighting,Gulgowski-Brown,183,08/06/2021
33,TELLUS NISI EU,"Morbi porttitor lorem id ligula. Suspendisse ornare consequat lectus. In est risus, auctor sed, tristique in, tempus sit amet, sem. Fusce consequat. Nulla nisl. Nunc nisl.",$8.21,Xbox,Stealth,"Lehner, Johns and Wilkinson",463,11/22/2006
34,VEL PEDE MORBI PORTTITOR LOREM,"Nulla mollis molestie lorem. Quisque ut erat. Curabitur gravida nisi at nibh. In hac habitasse platea dictumst. Aliquam augue quam, sollicitudin vitae, consectetuer eget, rutrum at, lorem. Integer tincidunt ante vel ipsum. Praesent blandit lacinia erat. Vestibulum sed magna at nunc commodo placerat.",$37.59,PC,Action,Ortiz-Funk,284,06/26/2001
35,VELIT EU,"Donec odio justo, sollicitudin ut, suscipit a, feugiat et, eros. Vestibulum ac est lacinia nisi venenatis tristique. Fusce congue, diam id ornare imperdiet, sapien urna pretium nisl, ut volutpat sapien arcu sed augue. Aliquam erat volutpat.",$1.67,PC,Rhythm,"Lehner, Smitham and Berge",549,03/07/2011
36,AT LOREM INTEGER TINCIDUNT,Phasellus sit amet erat. Nulla tempus. Vivamus in felis eu sapien cursus vestibulum. Proin eu mi.,$0.33,PS5,Fighting,Trantow LLC,456,09/30/2021
37,BIBENDUM,Suspendisse potenti. Nullam porttitor lacus at turpis. Donec posuere metus vitae ipsum.,$8.24,PC,Horror,"Crooks, Jacobson and Donnelly",783,10/19/1995
38,ELEIFEND,"Proin eu mi. Nulla ac enim. In tempor, turpis nec euismod scelerisque, quam turpis adipiscing lorem, vitae mattis nibh ligula nec sem. Duis aliquam convallis nunc. Proin at turpis a pede posuere nonummy. Integer non velit. Donec diam neque, vestibulum eget, vulputate ut, ultrices vel, augue. Vestibulum ante ipsum primis in faucibus orci luctus et ultrices posuere cubilia Curae; Donec pharetra, magna vestibulum aliquet ultrices, erat tortor sollicitudin mi, sit amet lobortis sapien sapien non mi. Integer ac neque.",$52.29,PS5,Adventure,"Baumbach, Osinski and Wuckert",182,08/29/1996
39,AENEAN,"Vestibulum sed magna at nunc commodo placerat. Praesent blandit. Nam nulla. Integer pede justo, lacinia eget, tincidunt eget, tempus vel, pede. Morbi porttitor lorem id ligula. Suspendisse ornare consequat lectus. In est risus, auctor sed, tristique in, tempus sit amet, sem. Fusce consequat. Nulla nisl. Nunc nisl.",$59.64,PC,Survival,Considine Inc,605,05/28/2013
40,BLANDIT MI IN PORTTITOR,"Cum sociis natoque penatibus et magnis dis parturient montes, nascetur ridiculus mus. Vivamus vestibulum sagittis sapien. Cum sociis natoque penatibus et magnis dis parturient montes, nascetur ridiculus mus. Etiam vel augue. Vestibulum rutrum rutrum neque. Aenean auctor gravida sem. Praesent id massa id nisl venenatis lacinia. Aenean sit amet justo. Morbi ut odio.",$57.08,PS5,Sports,"Parker, Stroman and Roberts",842,04/01/2024
41,SIT AMET,"Sed ante. Vivamus tortor. Duis mattis egestas metus. Aenean fermentum. Donec ut mauris eget massa tempor convallis. Nulla neque libero, convallis eget, eleifend luctus, ultricies eu, nibh. Quisque id justo sit amet sapien dignissim vestibulum.",$41.79,Switch,Role-playing,Bailey Inc,488,10/06/2022
42,VESTIBULUM ALIQUET ULTRICES ERAT TORTOR,Suspendisse potenti. In eleifend quam a odio. In hac habitasse platea dictumst. Maecenas ut massa quis augue luctus tincidunt. Nulla mollis molestie lorem. Quisque ut erat.,$23.68,PS5,Role-playing,"Boyer, Huels and Steuber",258,09/02/1995
43,EU,"Donec odio justo, sollicitudin ut, suscipit a, feugiat et, eros. Vestibulum ac est lacinia nisi venenatis tristique. Fusce congue, diam id ornare imperdiet, sapien urna pretium nisl, ut volutpat sapien arcu sed augue. Aliquam erat volutpat. In congue.",$41.30,PS5,Role-playing,Smith-Kiehn,134,01/28/2002
44,LEO PELLENTESQUE ULTRICES MATTIS,"Morbi sem mauris, laoreet ut, rhoncus aliquet, pulvinar sed, nisl.",$50.44,Switch,Racing,Wyman-Hills,204,03/25/2012
45,CONSEQUAT UT NULLA,"Quisque ut erat. Curabitur gravida nisi at nibh. In hac habitasse platea dictumst. Aliquam augue quam, sollicitudin vitae, consectetuer eget, rutrum at, lorem. Integer tincidunt ante vel ipsum. Praesent blandit lacinia erat. Vestibulum sed magna at nunc commodo placerat. Praesent blandit. Nam nulla.",$29.39,Xbox,Stealth,Brown-Smitham,791,12/05/2001
46,ADIPISCING MOLESTIE HENDRERIT,"Lorem ipsum dolor sit amet, consectetuer adipiscing elit. Proin interdum mauris non ligula pellentesque ultrices.",$47.61,Xbox,Strategy,Waelchi-Schultz,887,04/11/1999
47,PRETIUM QUIS,Vestibulum rutrum rutrum neque. Aenean auctor gravida sem.,$12.19,PC,Action,"Beier, Langworth and Beahan",526,11/21/2023
48,SIT AMET,"Nulla ac enim. In tempor, turpis nec euismod scelerisque, quam turpis adipiscing lorem, vitae mattis nibh ligula nec sem. Duis aliquam convallis nunc. Proin at turpis a pede posuere nonummy.",$43.76,Xbox,Rhythm,Crist Inc,115,01/16/2011
49,NISI VULPUTATE NONUMMY,"In hac habitasse platea dictumst. Morbi vestibulum, velit id pretium iaculis, diam erat fermentum justo, nec condimentum neque sapien placerat ante.",$59.52,Xbox,Survival,Bednar and Sons,581,03/11/2009
50,SIT,In hac habitasse platea dictumst. Etiam faucibus cursus urna. Ut tellus. Nulla ut erat id mauris vulputate elementum. Nullam varius.,$44.73,Switch,Strategy,Rutherford Group,847,01/21/2004
51,FUSCE CONSEQUAT NULLA NISL NUNC,Nulla ut erat id mauris vulputate elementum. Nullam varius.,$29.70,PS5,Rhythm,Kassulke-McLaughlin,264,05/14/1998
52,NEQUE DUIS BIBENDUM MORBI,"In blandit ultrices enim. Lorem ipsum dolor sit amet, consectetuer adipiscing elit. Proin interdum mauris non ligula pellentesque ultrices. Phasellus id sapien in sapien iaculis congue. Vivamus metus arcu, adipiscing molestie, hendrerit at, vulputate vitae, nisl.",$9.03,PC,Sports,Padberg-Olson,518,09/12/2015
53,FACILISI CRAS NON VELIT,"Aliquam sit amet diam in magna bibendum imperdiet. Nullam orci pede, venenatis non, sodales sed, tincidunt eu, felis. Fusce posuere felis sed lacus. Morbi sem mauris, laoreet ut, rhoncus aliquet, pulvinar sed, nisl. Nunc rhoncus dui vel sem. Sed sagittis. Nam congue, risus semper porta volutpat, quam pede lobortis ligula, sit amet eleifend pede libero quis orci. Nullam molestie nibh in lectus. Pellentesque at nulla. Suspendisse potenti.",$6.00,Switch,Survival,Gottlieb-Labadie,174,09/03/1998
54,HABITASSE,Etiam faucibus cursus urna. Ut tellus. Nulla ut erat id mauris vulputate elementum. Nullam varius. Nulla facilisi. Cras non velit nec nisi vulputate nonummy. Maecenas tincidunt lacus at velit. Vivamus vel nulla eget eros elementum pellentesque. Quisque porta volutpat erat.,$39.17,Switch,Adventure,Gottlieb-Morar,841,06/09/2003
55,METUS,"Nulla ut erat id mauris vulputate elementum. Nullam varius. Nulla facilisi. Cras non velit nec nisi vulputate nonummy. Maecenas tincidunt lacus at velit. Vivamus vel nulla eget eros elementum pellentesque. Quisque porta volutpat erat. Quisque erat eros, viverra eget, congue eget, semper rutrum, nulla. Nunc purus. Phasellus in felis.",$57.17,PS5,Horror,Windler LLC,421,05/31/1995
56,CUBILIA CURAE,Morbi non lectus.,$38.64,PS5,Stealth,Casper-Moen,881,11/10/2007
57,DOLOR,"Phasellus in felis. Donec semper sapien a libero. Nam dui. Proin leo odio, porttitor id, consequat in, consequat ut, nulla. Sed accumsan felis.",$42.47,Switch,Simulation,"Kub, Reynolds and Dietrich",271,07/20/1994
58,SED ACCUMSAN FELIS UT,Mauris sit amet eros. Suspendisse accumsan tortor quis turpis. Sed ante. Vivamus tortor. Duis mattis egestas metus. Aenean fermentum. Donec ut mauris eget massa tempor convallis.,$35.19,PC,Simulation,Hickle LLC,15,01/04/1999
59,SIT,"Integer aliquet, massa id lobortis convallis, tortor risus dapibus augue, vel accumsan tellus nisi eu orci. Mauris lacinia sapien quis libero. Nullam sit amet turpis elementum ligula vehicula consequat. Morbi a ipsum. Integer a nibh. In quis justo.",$28.89,Xbox,Adventure,"Schuppe, Rempel and Oberbrunner",132,11/25/2018
60,ELIT AC NULLA SED,"In hac habitasse platea dictumst. Aliquam augue quam, sollicitudin vitae, consectetuer eget, rutrum at, lorem. Integer tincidunt ante vel ipsum. Praesent blandit lacinia erat. Vestibulum sed magna at nunc commodo placerat.",$11.55,PC,Puzzle,Hand-Mann,709,07/18/2011
61,MAECENAS RHONCUS ALIQUAM LACUS,Maecenas ut massa quis augue luctus tincidunt. Nulla mollis molestie lorem. Quisque ut erat. Curabitur gravida nisi at nibh. In hac habitasse platea dictumst.,$51.71,Xbox,Horror,Bartell-Mitchell,761,12/14/2007
62,IN SAGITTIS DUI VEL NISL,"Mauris enim leo, rhoncus sed, vestibulum sit amet, cursus id, turpis. Integer aliquet, massa id lobortis convallis, tortor risus dapibus augue, vel accumsan tellus nisi eu orci. Mauris lacinia sapien quis libero. Nullam sit amet turpis elementum ligula vehicula consequat.",$29.40,PC,Racing,Bergnaum Inc,532,08/04/2020
63,CURABITUR IN LIBERO UT,"Integer aliquet, massa id lobortis convallis, tortor risus dapibus augue, vel accumsan tellus nisi eu orci. Mauris lacinia sapien quis libero. Nullam sit amet turpis elementum ligula vehicula consequat.",$15.60,Switch,Stealth,Botsford-Kris,826,07/10/2011
64,ALIQUET,"Integer ac leo. Pellentesque ultrices mattis odio. Donec vitae nisi. Nam ultrices, libero non mattis pulvinar, nulla pede ullamcorper augue, a suscipit nulla elit ac nulla. Sed vel enim sit amet nunc viverra dapibus. Nulla suscipit ligula in lacus. Curabitur at ipsum ac tellus semper interdum. Mauris ullamcorper purus sit amet nulla. Quisque arcu libero, rutrum ac, lobortis vel, dapibus at, diam.",$11.17,PC,Puzzle,"Weissnat, Von and Cassin",161,12/30/1998
65,MAGNA BIBENDUM IMPERDIET NULLAM,"Duis at velit eu est congue elementum. In hac habitasse platea dictumst. Morbi vestibulum, velit id pretium iaculis, diam erat fermentum justo, nec condimentum neque sapien placerat ante. Nulla justo. Aliquam quis turpis eget elit sodales scelerisque.",$7.01,PC,Survival,Mertz-Fisher,422,07/21/2019
66,LEO,"Donec vitae nisi. Nam ultrices, libero non mattis pulvinar, nulla pede ullamcorper augue, a suscipit nulla elit ac nulla. Sed vel enim sit amet nunc viverra dapibus.",$14.82,PS5,Stealth,"Robel, Sanford and Crist",659,11/29/2023
67,MOLESTIE LOREM QUISQUE UT,Nulla facilisi. Cras non velit nec nisi vulputate nonummy. Maecenas tincidunt lacus at velit. Vivamus vel nulla eget eros elementum pellentesque.,$14.42,PC,Action,Brakus Group,210,05/13/1994
68,DOLOR SIT AMET,"Vestibulum rutrum rutrum neque. Aenean auctor gravida sem. Praesent id massa id nisl venenatis lacinia. Aenean sit amet justo. Morbi ut odio. Cras mi pede, malesuada in, imperdiet et, commodo vulputate, justo.",$21.21,Xbox,Role-playing,Weimann and Sons,607,05/22/2002
69,DICTUMST MAECENAS,"Duis consequat dui nec nisi volutpat eleifend. Donec ut dolor. Morbi vel lectus in quam fringilla rhoncus. Mauris enim leo, rhoncus sed, vestibulum sit amet, cursus id, turpis. Integer aliquet, massa id lobortis convallis, tortor risus dapibus augue, vel accumsan tellus nisi eu orci. Mauris lacinia sapien quis libero. Nullam sit amet turpis elementum ligula vehicula consequat.",$45.50,Switch,Adventure,Beahan-Roberts,601,12/03/2020
70,PLATEA,"Integer aliquet, massa id lobortis convallis, tortor risus dapibus augue, vel accumsan tellus nisi eu orci. Mauris lacinia sapien quis libero. Nullam sit amet turpis elementum ligula vehicula consequat. Morbi a ipsum.",$5.89,Xbox,Strategy,Waelchi-Boehm,145,04/06/2023
71,MOLESTIE HENDRERIT AT,Phasellus in felis. Donec semper sapien a libero. Nam dui.,$30.89,PS5,Sports,Ernser-Reynolds,147,12/08/2002
72,NEQUE SAPIEN PLACERAT,Sed ante. Vivamus tortor.,$59.74,PC,Fighting,Carter-Purdy,133,02/13/2010
73,DUI LUCTUS,"Vivamus metus arcu, adipiscing molestie, hendrerit at, vulputate vitae, nisl.",$57.14,Xbox,Fighting,Kulas Group,266,12/17/2004
74,AMET NUNC,Pellentesque eget nunc.,$7.46,Xbox,Adventure,"Hartmann, Olson and Kub",916,11/26/2024
75,ID JUSTO SIT AMET,Vestibulum ante ipsum primis in faucibus orci luctus et ultrices posuere cubilia Curae; Mauris viverra diam vitae quam. Suspendisse potenti. Nullam porttitor lacus at turpis. Donec posuere metus vitae ipsum. Aliquam non mauris. Morbi non lectus.,$8.08,Xbox,Role-playing,Jast and Sons,761,01/13/2000
76,NULLA UT ERAT ID MAURIS,"Proin at turpis a pede posuere nonummy. Integer non velit. Donec diam neque, vestibulum eget, vulputate ut, ultrices vel, augue. Vestibulum ante ipsum primis in faucibus orci luctus et ultrices posuere cubilia Curae; Donec pharetra, magna vestibulum aliquet ultrices, erat tortor sollicitudin mi, sit amet lobortis sapien sapien non mi. Integer ac neque.",$33.40,PC,Action,Buckridge-Purdy,191,04/23/2003
77,TINCIDUNT,"Sed sagittis. Nam congue, risus semper porta volutpat, quam pede lobortis ligula, sit amet eleifend pede libero quis orci. Nullam molestie nibh in lectus. Pellentesque at nulla.",$10.45,PS5,Strategy,Bernier-Russel,295,07/27/2020
78,DICTUMST,Maecenas ut massa quis augue luctus tincidunt. Nulla mollis molestie lorem. Quisque ut erat. Curabitur gravida nisi at nibh. In hac habitasse platea dictumst.,$13.70,Xbox,MMORPG,Ziemann and Sons,439,10/25/2006
79,EST LACINIA NISI,"Proin at turpis a pede posuere nonummy. Integer non velit. Donec diam neque, vestibulum eget, vulputate ut, ultrices vel, augue. Vestibulum ante ipsum primis in faucibus orci luctus et ultrices posuere cubilia Curae; Donec pharetra, magna vestibulum aliquet ultrices, erat tortor sollicitudin mi, sit amet lobortis sapien sapien non mi. Integer ac neque. Duis bibendum. Morbi non quam nec dui luctus rutrum.",$42.19,PC,Role-playing,Heaney Group,774,10/09/2002
80,EST DONEC ODIO,"Proin eu mi. Nulla ac enim. In tempor, turpis nec euismod scelerisque, quam turpis adipiscing lorem, vitae mattis nibh ligula nec sem. Duis aliquam convallis nunc.",$45.88,Xbox,Racing,Weber Group,516,10/31/2023
81,NEQUE SAPIEN PLACERAT,"Praesent lectus. Vestibulum quam sapien, varius ut, blandit non, interdum in, ante. Vestibulum ante ipsum primis in faucibus orci luctus et ultrices posuere cubilia Curae; Duis faucibus accumsan odio. Curabitur convallis. Duis consequat dui nec nisi volutpat eleifend. Donec ut dolor.",$21.66,Xbox,Racing,"Wilderman, Kub and Rippin",494,04/23/2010
82,TEMPUS,Aliquam erat volutpat.,$31.51,Switch,Platformer,"Funk, Erdman and Connelly",748,01/15/2001
83,DAPIBUS,"In est risus, auctor sed, tristique in, tempus sit amet, sem. Fusce consequat. Nulla nisl. Nunc nisl. Duis bibendum, felis sed interdum venenatis, turpis enim blandit mi, in porttitor pede justo eu massa. Donec dapibus. Duis at velit eu est congue elementum. In hac habitasse platea dictumst. Morbi vestibulum, velit id pretium iaculis, diam erat fermentum justo, nec condimentum neque sapien placerat ante. Nulla justo.",$16.54,PC,Fighting,Vandervort-Boyer,600,11/06/2019
84,LOBORTIS EST,"Praesent lectus. Vestibulum quam sapien, varius ut, blandit non, interdum in, ante. Vestibulum ante ipsum primis in faucibus orci luctus et ultrices posuere cubilia Curae; Duis faucibus accumsan odio. Curabitur convallis. Duis consequat dui nec nisi volutpat eleifend. Donec ut dolor. Morbi vel lectus in quam fringilla rhoncus. Mauris enim leo, rhoncus sed, vestibulum sit amet, cursus id, turpis. Integer aliquet, massa id lobortis convallis, tortor risus dapibus augue, vel accumsan tellus nisi eu orci. Mauris lacinia sapien quis libero.",$20.06,Xbox,Strategy,"Waelchi, Langworth and Crist",684,06/19/1994
85,EGESTAS METUS AENEAN FERMENTUM DONEC,"Quisque erat eros, viverra eget, congue eget, semper rutrum, nulla. Nunc purus.",$50.37,Xbox,MMORPG,Jast-Rodriguez,995,07/06/1995
86,NISL DUIS,"Mauris sit amet eros. Suspendisse accumsan tortor quis turpis. Sed ante. Vivamus tortor. Duis mattis egestas metus. Aenean fermentum. Donec ut mauris eget massa tempor convallis. Nulla neque libero, convallis eget, eleifend luctus, ultricies eu, nibh.",$12.57,PC,Puzzle,Von Inc,622,05/07/2021
87,ALIQUAM CONVALLIS,Aenean fermentum. Donec ut mauris eget massa tempor convallis.,$47.10,Switch,Survival,Johnson-Prohaska,261,11/30/2003
88,RISUS,Nullam porttitor lacus at turpis.,$13.64,PS5,Rhythm,Macejkovic Inc,3,06/17/2012
89,MORBI VESTIBULUM,"Vestibulum ante ipsum primis in faucibus orci luctus et ultrices posuere cubilia Curae; Donec pharetra, magna vestibulum aliquet ultrices, erat tortor sollicitudin mi, sit amet lobortis sapien sapien non mi. Integer ac neque. Duis bibendum. Morbi non quam nec dui luctus rutrum. Nulla tellus. In sagittis dui vel nisl. Duis ac nibh.",$17.16,PC,Puzzle,Roberts LLC,309,05/13/1995
90,MUS VIVAMUS VESTIBULUM SAGITTIS SAPIEN,"Curabitur convallis. Duis consequat dui nec nisi volutpat eleifend. Donec ut dolor. Morbi vel lectus in quam fringilla rhoncus. Mauris enim leo, rhoncus sed, vestibulum sit amet, cursus id, turpis.",$39.25,PC,Action,"Cummings, Stroman and Pouros",530,03/04/2012
91,METUS SAPIEN,"Vestibulum ac est lacinia nisi venenatis tristique. Fusce congue, diam id ornare imperdiet, sapien urna pretium nisl, ut volutpat sapien arcu sed augue.",$9.56,Xbox,Strategy,"Cremin, Wisozk and Dickens",210,01/25/2022
92,NEC EUISMOD SCELERISQUE QUAM TURPIS,"In hac habitasse platea dictumst. Morbi vestibulum, velit id pretium iaculis, diam erat fermentum justo, nec condimentum neque sapien placerat ante. Nulla justo. Aliquam quis turpis eget elit sodales scelerisque. Mauris sit amet eros. Suspendisse accumsan tortor quis turpis. Sed ante. Vivamus tortor.",$47.26,PS5,Racing,"Johnson, Ullrich and Keebler",656,06/04/2014
93,BLANDIT NAM,Nulla tellus. In sagittis dui vel nisl.,$11.23,Switch,Racing,"Armstrong, O'Keefe and Walker",798,01/17/2025
94,NEQUE AENEAN AUCTOR,"In hac habitasse platea dictumst. Morbi vestibulum, velit id pretium iaculis, diam erat fermentum justo, nec condimentum neque sapien placerat ante. Nulla justo. Aliquam quis turpis eget elit sodales scelerisque. Mauris sit amet eros. Suspendisse accumsan tortor quis turpis. Sed ante. Vivamus tortor. Duis mattis egestas metus. Aenean fermentum.",$10.26,Xbox,MMORPG,"Schowalter, Bednar and Wyman",904,07/20/2002
95,ENIM LEO RHONCUS SED,"Morbi non lectus. Aliquam sit amet diam in magna bibendum imperdiet. Nullam orci pede, venenatis non, sodales sed, tincidunt eu, felis. Fusce posuere felis sed lacus. Morbi sem mauris, laoreet ut, rhoncus aliquet, pulvinar sed, nisl. Nunc rhoncus dui vel sem. Sed sagittis. Nam congue, risus semper porta volutpat, quam pede lobortis ligula, sit amet eleifend pede libero quis orci. Nullam molestie nibh in lectus. Pellentesque at nulla.",$40.01,PS5,MMORPG,"Ledner, Leannon and Luettgen",82,06/28/1995
96,LOBORTIS SAPIEN SAPIEN NON,"Sed sagittis. Nam congue, risus semper porta volutpat, quam pede lobortis ligula, sit amet eleifend pede libero quis orci. Nullam molestie nibh in lectus. Pellentesque at nulla. Suspendisse potenti. Cras in purus eu magna vulputate luctus. Cum sociis natoque penatibus et magnis dis parturient montes, nascetur ridiculus mus.",$59.27,Xbox,Stealth,"Homenick, Brown and Crooks",481,07/19/2019
97,NULLA INTEGER,"Cum sociis natoque penatibus et magnis dis parturient montes, nascetur ridiculus mus. Etiam vel augue. Vestibulum rutrum rutrum neque. Aenean auctor gravida sem. Praesent id massa id nisl venenatis lacinia. Aenean sit amet justo. Morbi ut odio.",$28.46,PC,Strategy,Rowe LLC,450,01/18/2011
98,DIS PARTURIENT MONTES NASCETUR,"Fusce posuere felis sed lacus. Morbi sem mauris, laoreet ut, rhoncus aliquet, pulvinar sed, nisl. Nunc rhoncus dui vel sem. Sed sagittis. Nam congue, risus semper porta volutpat, quam pede lobortis ligula, sit amet eleifend pede libero quis orci. Nullam molestie nibh in lectus. Pellentesque at nulla.",$47.64,Xbox,MMORPG,Runolfsson Group,642,10/14/2020
99,NAM TRISTIQUE TORTOR EU,Aenean lectus. Pellentesque eget nunc. Donec quis orci eget orci vehicula condimentum.,$41.21,PS5,Stealth,Kilback Group,785,11/24/2009
100,MASSA TEMPOR,In hac habitasse platea dictumst.,$16.22,Switch,Racing,"Kris, King and Russel",672,08/18/1995
101,VENENATIS TRISTIQUE FUSCE,"Curabitur in libero ut massa volutpat convallis. Morbi odio odio, elementum eu, interdum eu, tincidunt in, leo. Maecenas pulvinar lobortis est. Phasellus sit amet erat. Nulla tempus.",$8.90,PS5,Role-playing,Bernhard Inc,342,08/31/2018
102,NONUMMY INTEGER,"Donec semper sapien a libero. Nam dui. Proin leo odio, porttitor id, consequat in, consequat ut, nulla. Sed accumsan felis. Ut at dolor quis odio consequat varius. Integer ac leo.",$41.09,Switch,Platformer,Herman Inc,825,11/12/2013
103,RISUS PRAESENT LECTUS,"Nullam orci pede, venenatis non, sodales sed, tincidunt eu, felis. Fusce posuere felis sed lacus. Morbi sem mauris, laoreet ut, rhoncus aliquet, pulvinar sed, nisl. Nunc rhoncus dui vel sem.",$26.41,PS5,Stealth,Moore Group,582,02/19/2023
104,NON VELIT DONEC DIAM NEQUE,Etiam justo. Etiam pretium iaculis justo. In hac habitasse platea dictumst. Etiam faucibus cursus urna. Ut tellus. Nulla ut erat id mauris vulputate elementum.,$53.03,PC,MMORPG,"Runolfsson, Bauch and Langosh",940,12/11/2017
105,COMMODO VULPUTATE,"Aenean fermentum. Donec ut mauris eget massa tempor convallis. Nulla neque libero, convallis eget, eleifend luctus, ultricies eu, nibh. Quisque id justo sit amet sapien dignissim vestibulum. Vestibulum ante ipsum primis in faucibus orci luctus et ultrices posuere cubilia Curae; Nulla dapibus dolor vel est. Donec odio justo, sollicitudin ut, suscipit a, feugiat et, eros. Vestibulum ac est lacinia nisi venenatis tristique.",$56.00,PS5,Survival,Bahringer-MacGyver,533,01/08/2010
106,NISL DUIS,Nulla tempus. Vivamus in felis eu sapien cursus vestibulum. Proin eu mi.,$48.00,PS5,Rhythm,"Hudson, Weber and Schimmel",230,07/06/2020
107,JUSTO IN,Duis bibendum. Morbi non quam nec dui luctus rutrum. Nulla tellus. In sagittis dui vel nisl. Duis ac nibh.,$58.01,Xbox,Horror,"Kutch, Ortiz and Pagac",254,11/11/2014
108,EU NIBH,"Quisque id justo sit amet sapien dignissim vestibulum. Vestibulum ante ipsum primis in faucibus orci luctus et ultrices posuere cubilia Curae; Nulla dapibus dolor vel est. Donec odio justo, sollicitudin ut, suscipit a, feugiat et, eros. Vestibulum ac est lacinia nisi venenatis tristique. Fusce congue, diam id ornare imperdiet, sapien urna pretium nisl, ut volutpat sapien arcu sed augue. Aliquam erat volutpat. In congue. Etiam justo.",$56.53,Xbox,Role-playing,Altenwerth Group,537,02/07/2018
109,SAGITTIS DUI VEL,"Nunc rhoncus dui vel sem. Sed sagittis. Nam congue, risus semper porta volutpat, quam pede lobortis ligula, sit amet eleifend pede libero quis orci. Nullam molestie nibh in lectus. Pellentesque at nulla. Suspendisse potenti.",$36.33,Switch,Horror,Strosin LLC,907,02/23/2020
110,IPSUM ALIQUAM NON MAURIS MORBI,"Morbi ut odio. Cras mi pede, malesuada in, imperdiet et, commodo vulputate, justo. In blandit ultrices enim.",$28.05,PC,Fighting,Crooks-Auer,267,10/28/2003
111,SED INTERDUM VENENATIS,"Nam congue, risus semper porta volutpat, quam pede lobortis ligula, sit amet eleifend pede libero quis orci. Nullam molestie nibh in lectus. Pellentesque at nulla. Suspendisse potenti. Cras in purus eu magna vulputate luctus. Cum sociis natoque penatibus et magnis dis parturient montes, nascetur ridiculus mus. Vivamus vestibulum sagittis sapien. Cum sociis natoque penatibus et magnis dis parturient montes, nascetur ridiculus mus. Etiam vel augue. Vestibulum rutrum rutrum neque.",$19.99,Switch,Strategy,Metz LLC,195,09/26/2000
112,DUIS AC NIBH,"Proin interdum mauris non ligula pellentesque ultrices. Phasellus id sapien in sapien iaculis congue. Vivamus metus arcu, adipiscing molestie, hendrerit at, vulputate vitae, nisl. Aenean lectus. Pellentesque eget nunc.",$51.20,Xbox,Stealth,"Bosco, Graham and Rice",658,05/26/2020
113,AC NEQUE DUIS,Fusce consequat. Nulla nisl.,$50.67,PC,MMORPG,Fisher and Sons,487,08/06/2017
114,EGET VULPUTATE UT ULTRICES,"In hac habitasse platea dictumst. Maecenas ut massa quis augue luctus tincidunt. Nulla mollis molestie lorem. Quisque ut erat. Curabitur gravida nisi at nibh. In hac habitasse platea dictumst. Aliquam augue quam, sollicitudin vitae, consectetuer eget, rutrum at, lorem. Integer tincidunt ante vel ipsum. Praesent blandit lacinia erat. Vestibulum sed magna at nunc commodo placerat.",$15.03,Switch,Role-playing,"Toy, Kub and Ortiz",389,06/26/1997
115,MUS VIVAMUS,"Morbi vestibulum, velit id pretium iaculis, diam erat fermentum justo, nec condimentum neque sapien placerat ante. Nulla justo.",$15.52,PS5,Strategy,Heidenreich Inc,341,04/05/1998
116,IN TEMPOR,Integer a nibh.,$7.46,Xbox,Adventure,Hane-Mueller,150,12/14/2024
117,RHONCUS ALIQUET,"Aliquam non mauris. Morbi non lectus. Aliquam sit amet diam in magna bibendum imperdiet. Nullam orci pede, venenatis non, sodales sed, tincidunt eu, felis.",$27.75,PS5,Racing,Hyatt-Goodwin,501,09/07/2012
118,FAUCIBUS ORCI LUCTUS,In hac habitasse platea dictumst. Etiam faucibus cursus urna. Ut tellus. Nulla ut erat id mauris vulputate elementum. Nullam varius. Nulla facilisi. Cras non velit nec nisi vulputate nonummy. Maecenas tincidunt lacus at velit. Vivamus vel nulla eget eros elementum pellentesque. Quisque porta volutpat erat.,$24.26,PC,Action,Jakubowski-Ruecker,521,02/05/2010
119,POSUERE FELIS SED LACUS,"Morbi porttitor lorem id ligula. Suspendisse ornare consequat lectus. In est risus, auctor sed, tristique in, tempus sit amet, sem. Fusce consequat. Nulla nisl. Nunc nisl.",$58.90,Switch,Survival,"Reinger, Roob and Tillman",917,11/27/2006
120,LUCTUS ET ULTRICES,"Suspendisse ornare consequat lectus. In est risus, auctor sed, tristique in, tempus sit amet, sem. Fusce consequat. Nulla nisl.",$26.00,PS5,Rhythm,"Padberg, Cole and Rau",233,09/29/1994
121,PULVINAR NULLA PEDE ULLAMCORPER AUGUE,"Phasellus id sapien in sapien iaculis congue. Vivamus metus arcu, adipiscing molestie, hendrerit at, vulputate vitae, nisl. Aenean lectus. Pellentesque eget nunc.",$7.72,Xbox,Platformer,Reichel Inc,500,11/09/2015
122,AT IPSUM AC TELLUS,"In sagittis dui vel nisl. Duis ac nibh. Fusce lacus purus, aliquet at, feugiat non, pretium quis, lectus.",$9.38,PS5,Fighting,Flatley LLC,725,11/21/2024
123,PRAESENT BLANDIT,"Cum sociis natoque penatibus et magnis dis parturient montes, nascetur ridiculus mus. Vivamus vestibulum sagittis sapien. Cum sociis natoque penatibus et magnis dis parturient montes, nascetur ridiculus mus. Etiam vel augue. Vestibulum rutrum rutrum neque. Aenean auctor gravida sem. Praesent id massa id nisl venenatis lacinia. Aenean sit amet justo.",$38.83,PS5,Role-playing,"McCullough, West and Doyle",671,04/02/1997
124,CONVALLIS,"Nullam orci pede, venenatis non, sodales sed, tincidunt eu, felis. Fusce posuere felis sed lacus. Morbi sem mauris, laoreet ut, rhoncus aliquet, pulvinar sed, nisl. Nunc rhoncus dui vel sem. Sed sagittis. Nam congue, risus semper porta volutpat, quam pede lobortis ligula, sit amet eleifend pede libero quis orci. Nullam molestie nibh in lectus.",$23.51,Switch,Stealth,"Bode, Kuhlman and Walker",743,10/20/2001
125,PENATIBUS,"Vestibulum ante ipsum primis in faucibus orci luctus et ultrices posuere cubilia Curae; Donec pharetra, magna vestibulum aliquet ultrices, erat tortor sollicitudin mi, sit amet lobortis sapien sapien non mi. Integer ac neque. Duis bibendum. Morbi non quam nec dui luctus rutrum. Nulla tellus. In sagittis dui vel nisl. Duis ac nibh.",$49.64,Switch,Sports,Heathcote Group,660,04/05/2023
126,MAECENAS LEO ODIO,Pellentesque eget nunc. Donec quis orci eget orci vehicula condimentum.,$27.91,PS5,MMORPG,Zulauf and Sons,445,02/27/2014
127,VITAE MATTIS NIBH,"Mauris lacinia sapien quis libero. Nullam sit amet turpis elementum ligula vehicula consequat. Morbi a ipsum. Integer a nibh. In quis justo. Maecenas rhoncus aliquam lacus. Morbi quis tortor id nulla ultrices aliquet. Maecenas leo odio, condimentum id, luctus nec, molestie sed, justo. Pellentesque viverra pede ac diam.",$50.59,PC,Action,"Gleichner, Lehner and Bauch",34,07/12/2014
128,PORTA VOLUTPAT QUAM,"Pellentesque at nulla. Suspendisse potenti. Cras in purus eu magna vulputate luctus. Cum sociis natoque penatibus et magnis dis parturient montes, nascetur ridiculus mus. Vivamus vestibulum sagittis sapien. Cum sociis natoque penatibus et magnis dis parturient montes, nascetur ridiculus mus. Etiam vel augue.",$28.75,PC,Horror,Stark-Bernhard,310,11/24/2010
129,PHASELLUS,"Ut at dolor quis odio consequat varius. Integer ac leo. Pellentesque ultrices mattis odio. Donec vitae nisi. Nam ultrices, libero non mattis pulvinar, nulla pede ullamcorper augue, a suscipit nulla elit ac nulla. Sed vel enim sit amet nunc viverra dapibus. Nulla suscipit ligula in lacus.",$52.38,PS5,Rhythm,"Abbott, Wolf and Bradtke",997,07/27/2007
130,TINCIDUNT EGET TEMPUS,In hac habitasse platea dictumst. Maecenas ut massa quis augue luctus tincidunt.,$1.22,PS5,Strategy,Beahan-Larson,122,07/10/2019
131,SED TRISTIQUE IN TEMPUS,"Nulla tellus. In sagittis dui vel nisl. Duis ac nibh. Fusce lacus purus, aliquet at, feugiat non, pretium quis, lectus. Suspendisse potenti. In eleifend quam a odio. In hac habitasse platea dictumst. Maecenas ut massa quis augue luctus tincidunt.",$39.96,PC,Adventure,"Mayert, Jacobs and Hickle",538,03/01/2000
132,ERAT ID MAURIS,"Curabitur convallis. Duis consequat dui nec nisi volutpat eleifend. Donec ut dolor. Morbi vel lectus in quam fringilla rhoncus. Mauris enim leo, rhoncus sed, vestibulum sit amet, cursus id, turpis. Integer aliquet, massa id lobortis convallis, tortor risus dapibus augue, vel accumsan tellus nisi eu orci. Mauris lacinia sapien quis libero. Nullam sit amet turpis elementum ligula vehicula consequat. Morbi a ipsum. Integer a nibh.",$20.82,Switch,Stealth,Harris-Senger,552,06/17/2022
133,EU NIBH QUISQUE ID,"Sed vel enim sit amet nunc viverra dapibus. Nulla suscipit ligula in lacus. Curabitur at ipsum ac tellus semper interdum. Mauris ullamcorper purus sit amet nulla. Quisque arcu libero, rutrum ac, lobortis vel, dapibus at, diam. Nam tristique tortor eu pede.",$47.81,PC,Strategy,Schneider-Kemmer,30,08/23/2016
134,TELLUS,"Morbi porttitor lorem id ligula. Suspendisse ornare consequat lectus. In est risus, auctor sed, tristique in, tempus sit amet, sem. Fusce consequat. Nulla nisl. Nunc nisl. Duis bibendum, felis sed interdum venenatis, turpis enim blandit mi, in porttitor pede justo eu massa. Donec dapibus. Duis at velit eu est congue elementum.",$49.13,PC,Adventure,"Erdman, Gerlach and Lehner",230,08/18/2023
135,CONGUE ELEMENTUM IN HAC HABITASSE,"Proin leo odio, porttitor id, consequat in, consequat ut, nulla. Sed accumsan felis. Ut at dolor quis odio consequat varius. Integer ac leo. Pellentesque ultrices mattis odio. Donec vitae nisi.",$45.30,Xbox,MMORPG,Corkery and Sons,777,12/13/2011
136,LUCTUS TINCIDUNT,In eleifend quam a odio. In hac habitasse platea dictumst. Maecenas ut massa quis augue luctus tincidunt.,$5.74,Switch,Racing,Kozey-Lemke,114,07/10/2024
137,CONSEQUAT,"Fusce consequat. Nulla nisl. Nunc nisl. Duis bibendum, felis sed interdum venenatis, turpis enim blandit mi, in porttitor pede justo eu massa. Donec dapibus.",$18.15,Xbox,Survival,"Haley, Monahan and Williamson",947,04/30/2013
138,PULVINAR SED NISL NUNC,"Morbi sem mauris, laoreet ut, rhoncus aliquet, pulvinar sed, nisl. Nunc rhoncus dui vel sem. Sed sagittis. Nam congue, risus semper porta volutpat, quam pede lobortis ligula, sit amet eleifend pede libero quis orci. Nullam molestie nibh in lectus. Pellentesque at nulla.",$41.21,Switch,Strategy,Kemmer-Tremblay,602,08/02/2005
139,LACINIA SAPIEN QUIS LIBERO NULLAM,"Praesent blandit lacinia erat. Vestibulum sed magna at nunc commodo placerat. Praesent blandit. Nam nulla. Integer pede justo, lacinia eget, tincidunt eget, tempus vel, pede. Morbi porttitor lorem id ligula.",$2.68,Switch,Role-playing,Price-Fadel,7,01/08/2017
140,BLANDIT,"Maecenas tincidunt lacus at velit. Vivamus vel nulla eget eros elementum pellentesque. Quisque porta volutpat erat. Quisque erat eros, viverra eget, congue eget, semper rutrum, nulla. Nunc purus. Phasellus in felis. Donec semper sapien a libero. Nam dui.",$50.80,PC,MMORPG,Treutel Inc,909,07/13/2018
141,INTEGER TINCIDUNT,"Nam ultrices, libero non mattis pulvinar, nulla pede ullamcorper augue, a suscipit nulla elit ac nulla. Sed vel enim sit amet nunc viverra dapibus. Nulla suscipit ligula in lacus. Curabitur at ipsum ac tellus semper interdum. Mauris ullamcorper purus sit amet nulla. Quisque arcu libero, rutrum ac, lobortis vel, dapibus at, diam. Nam tristique tortor eu pede.",$37.21,Xbox,Racing,Pfannerstill and Sons,315,02/01/2024
142,NAM NULLA,"Integer non velit. Donec diam neque, vestibulum eget, vulputate ut, ultrices vel, augue. Vestibulum ante ipsum primis in faucibus orci luctus et ultrices posuere cubilia Curae; Donec pharetra, magna vestibulum aliquet ultrices, erat tortor sollicitudin mi, sit amet lobortis sapien sapien non mi. Integer ac neque. Duis bibendum. Morbi non quam nec dui luctus rutrum. Nulla tellus. In sagittis dui vel nisl.",$45.09,Xbox,Horror,O'Conner and Sons,945,04/14/2006
143,IN PURUS EU,"Morbi vestibulum, velit id pretium iaculis, diam erat fermentum justo, nec condimentum neque sapien placerat ante.",$9.70,PS5,Racing,Schmitt-Reilly,912,11/05/1999
144,PELLENTESQUE VOLUTPAT DUI MAECENAS,Nullam varius. Nulla facilisi. Cras non velit nec nisi vulputate nonummy.,$24.47,Xbox,Horror,Legros LLC,625,08/11/2004
145,SED VEL ENIM SIT AMET,"Nulla ac enim. In tempor, turpis nec euismod scelerisque, quam turpis adipiscing lorem, vitae mattis nibh ligula nec sem. Duis aliquam convallis nunc.",$21.39,PC,Strategy,Hermiston and Sons,462,12/12/2017
146,CUM SOCIIS NATOQUE PENATIBUS,"Duis mattis egestas metus. Aenean fermentum. Donec ut mauris eget massa tempor convallis. Nulla neque libero, convallis eget, eleifend luctus, ultricies eu, nibh. Quisque id justo sit amet sapien dignissim vestibulum. Vestibulum ante ipsum primis in faucibus orci luctus et ultrices posuere cubilia Curae; Nulla dapibus dolor vel est.",$55.11,PS5,Fighting,"Schumm, Price and Feest",194,07/01/2022
147,CRAS MI PEDE MALESUADA,Pellentesque viverra pede ac diam.,$12.80,PC,Sports,"Ritchie, Wisoky and Berge",507,12/31/2024
148,TINCIDUNT ANTE VEL IPSUM,"Nulla facilisi. Cras non velit nec nisi vulputate nonummy. Maecenas tincidunt lacus at velit. Vivamus vel nulla eget eros elementum pellentesque. Quisque porta volutpat erat. Quisque erat eros, viverra eget, congue eget, semper rutrum, nulla. Nunc purus. Phasellus in felis.",$5.54,PS5,Rhythm,"Stroman, West and Marks",803,08/15/2004
149,VARIUS INTEGER,Ut tellus. Nulla ut erat id mauris vulputate elementum.,$59.05,PS5,Strategy,Batz Inc,20,12/21/2016
150,IN FAUCIBUS,Nullam porttitor lacus at turpis. Donec posuere metus vitae ipsum. Aliquam non mauris. Morbi non lectus. Aliquam sit amet diam in magna bibendum imperdiet.,$57.49,PC,Rhythm,"Huels, Hahn and Braun",643,01/05/2019
151,DUIS BIBENDUM FELIS SED,"Vestibulum ac est lacinia nisi venenatis tristique. Fusce congue, diam id ornare imperdiet, sapien urna pretium nisl, ut volutpat sapien arcu sed augue. Aliquam erat volutpat.",$38.09,Xbox,Fighting,Watsica-Fahey,701,04/07/2018
152,MASSA TEMPOR CONVALLIS,"In blandit ultrices enim. Lorem ipsum dolor sit amet, consectetuer adipiscing elit. Proin interdum mauris non ligula pellentesque ultrices.",$2.18,PS5,Action,Baumbach-Hane,656,08/28/2022
153,CONSEQUAT MORBI A,"Fusce consequat. Nulla nisl. Nunc nisl. Duis bibendum, felis sed interdum venenatis, turpis enim blandit mi, in porttitor pede justo eu massa. Donec dapibus. Duis at velit eu est congue elementum. In hac habitasse platea dictumst. Morbi vestibulum, velit id pretium iaculis, diam erat fermentum justo, nec condimentum neque sapien placerat ante.",$0.31,Xbox,Racing,"Bergnaum, Grady and Kuhn",1000,02/14/2001
154,BLANDIT NON INTERDUM,"Praesent blandit lacinia erat. Vestibulum sed magna at nunc commodo placerat. Praesent blandit. Nam nulla. Integer pede justo, lacinia eget, tincidunt eget, tempus vel, pede. Morbi porttitor lorem id ligula. Suspendisse ornare consequat lectus. In est risus, auctor sed, tristique in, tempus sit amet, sem. Fusce consequat.",$37.54,Xbox,Racing,Collier and Sons,16,07/13/2007
155,ETIAM VEL,"Maecenas rhoncus aliquam lacus. Morbi quis tortor id nulla ultrices aliquet. Maecenas leo odio, condimentum id, luctus nec, molestie sed, justo. Pellentesque viverra pede ac diam. Cras pellentesque volutpat dui. Maecenas tristique, est et tempus semper, est quam pharetra magna, ac consequat metus sapien ut nunc. Vestibulum ante ipsum primis in faucibus orci luctus et ultrices posuere cubilia Curae; Mauris viverra diam vitae quam.",$44.79,Xbox,Simulation,"Funk, Lowe and Schroeder",37,01/01/1996
156,EGET TEMPUS,"Quisque id justo sit amet sapien dignissim vestibulum. Vestibulum ante ipsum primis in faucibus orci luctus et ultrices posuere cubilia Curae; Nulla dapibus dolor vel est. Donec odio justo, sollicitudin ut, suscipit a, feugiat et, eros. Vestibulum ac est lacinia nisi venenatis tristique. Fusce congue, diam id ornare imperdiet, sapien urna pretium nisl, ut volutpat sapien arcu sed augue. Aliquam erat volutpat. In congue. Etiam justo. Etiam pretium iaculis justo. In hac habitasse platea dictumst.",$26.31,PS5,Racing,Schmeler-Bogan,238,08/29/2005
157,JUSTO IN BLANDIT,Vestibulum ante ipsum primis in faucibus orci luctus et ultrices posuere cubilia Curae; Mauris viverra diam vitae quam. Suspendisse potenti. Nullam porttitor lacus at turpis.,$7.70,PC,Rhythm,Champlin Group,377,07/10/2015
158,NULLA DAPIBUS DOLOR VEL,"Praesent lectus. Vestibulum quam sapien, varius ut, blandit non, interdum in, ante. Vestibulum ante ipsum primis in faucibus orci luctus et ultrices posuere cubilia Curae; Duis faucibus accumsan odio. Curabitur convallis. Duis consequat dui nec nisi volutpat eleifend. Donec ut dolor. Morbi vel lectus in quam fringilla rhoncus. Mauris enim leo, rhoncus sed, vestibulum sit amet, cursus id, turpis. Integer aliquet, massa id lobortis convallis, tortor risus dapibus augue, vel accumsan tellus nisi eu orci. Mauris lacinia sapien quis libero.",$15.22,Switch,Fighting,Kirlin Inc,113,02/07/2005
159,DAPIBUS,"Phasellus in felis. Donec semper sapien a libero. Nam dui. Proin leo odio, porttitor id, consequat in, consequat ut, nulla. Sed accumsan felis. Ut at dolor quis odio consequat varius. Integer ac leo. Pellentesque ultrices mattis odio. Donec vitae nisi.",$13.32,PS5,Adventure,"Doyle, Waelchi and Mills",586,10/16/2013
160,VEL DAPIBUS AT DIAM NAM,"Cras mi pede, malesuada in, imperdiet et, commodo vulputate, justo. In blandit ultrices enim. Lorem ipsum dolor sit amet, consectetuer adipiscing elit. Proin interdum mauris non ligula pellentesque ultrices. Phasellus id sapien in sapien iaculis congue. Vivamus metus arcu, adipiscing molestie, hendrerit at, vulputate vitae, nisl.",$39.11,PC,Puzzle,"Pacocha, Ankunding and Heathcote",566,07/05/2024
161,VEL LECTUS IN QUAM,"Vivamus vestibulum sagittis sapien. Cum sociis natoque penatibus et magnis dis parturient montes, nascetur ridiculus mus. Etiam vel augue. Vestibulum rutrum rutrum neque. Aenean auctor gravida sem. Praesent id massa id nisl venenatis lacinia.",$23.00,PC,Strategy,Donnelly LLC,327,05/29/2016
162,DUI VEL SEM SED,Vivamus tortor. Duis mattis egestas metus. Aenean fermentum.,$38.96,Xbox,Action,Wintheiser LLC,521,06/07/2018
163,VESTIBULUM,"Vestibulum ante ipsum primis in faucibus orci luctus et ultrices posuere cubilia Curae; Nulla dapibus dolor vel est. Donec odio justo, sollicitudin ut, suscipit a, feugiat et, eros. Vestibulum ac est lacinia nisi venenatis tristique. Fusce congue, diam id ornare imperdiet, sapien urna pretium nisl, ut volutpat sapien arcu sed augue. Aliquam erat volutpat. In congue.",$18.92,Switch,Sports,Champlin-Murphy,955,03/10/2019
164,NULLA,"Nulla tellus. In sagittis dui vel nisl. Duis ac nibh. Fusce lacus purus, aliquet at, feugiat non, pretium quis, lectus. Suspendisse potenti. In eleifend quam a odio. In hac habitasse platea dictumst. Maecenas ut massa quis augue luctus tincidunt. Nulla mollis molestie lorem.",$10.18,PC,Action,Corkery Group,842,04/05/2000
165,FAUCIBUS ORCI LUCTUS ET,Integer tincidunt ante vel ipsum. Praesent blandit lacinia erat. Vestibulum sed magna at nunc commodo placerat. Praesent blandit.,$20.86,Xbox,Racing,Morissette-Toy,350,03/10/2000
166,COMMODO PLACERAT PRAESENT BLANDIT,"Curabitur gravida nisi at nibh. In hac habitasse platea dictumst. Aliquam augue quam, sollicitudin vitae, consectetuer eget, rutrum at, lorem. Integer tincidunt ante vel ipsum. Praesent blandit lacinia erat. Vestibulum sed magna at nunc commodo placerat. Praesent blandit. Nam nulla. Integer pede justo, lacinia eget, tincidunt eget, tempus vel, pede. Morbi porttitor lorem id ligula.",$49.40,PS5,Racing,"Zboncak, Ledner and Hane",44,04/07/2000
167,LEO ODIO,"Morbi a ipsum. Integer a nibh. In quis justo. Maecenas rhoncus aliquam lacus. Morbi quis tortor id nulla ultrices aliquet. Maecenas leo odio, condimentum id, luctus nec, molestie sed, justo. Pellentesque viverra pede ac diam. Cras pellentesque volutpat dui.",$27.33,PS5,Sports,Flatley Group,827,09/05/2012
168,SOLLICITUDIN UT SUSCIPIT A,Etiam pretium iaculis justo.,$59.07,Xbox,Horror,Feeney Group,76,10/31/2003
169,EST PHASELLUS SIT AMET ERAT,"In hac habitasse platea dictumst. Morbi vestibulum, velit id pretium iaculis, diam erat fermentum justo, nec condimentum neque sapien placerat ante. Nulla justo. Aliquam quis turpis eget elit sodales scelerisque. Mauris sit amet eros. Suspendisse accumsan tortor quis turpis. Sed ante. Vivamus tortor. Duis mattis egestas metus. Aenean fermentum.",$46.30,Switch,Adventure,Hermann-Lueilwitz,55,09/02/2016
170,UT SUSCIPIT A FEUGIAT,"Nam congue, risus semper porta volutpat, quam pede lobortis ligula, sit amet eleifend pede libero quis orci. Nullam molestie nibh in lectus. Pellentesque at nulla. Suspendisse potenti. Cras in purus eu magna vulputate luctus. Cum sociis natoque penatibus et magnis dis parturient montes, nascetur ridiculus mus. Vivamus vestibulum sagittis sapien. Cum sociis natoque penatibus et magnis dis parturient montes, nascetur ridiculus mus.",$53.85,Switch,Puzzle,Wolff-Frami,45,05/11/2020
171,AUGUE VESTIBULUM ANTE IPSUM PRIMIS,"Sed accumsan felis. Ut at dolor quis odio consequat varius. Integer ac leo. Pellentesque ultrices mattis odio. Donec vitae nisi. Nam ultrices, libero non mattis pulvinar, nulla pede ullamcorper augue, a suscipit nulla elit ac nulla.",$47.16,Xbox,Survival,Fadel-Kovacek,451,05/08/2022
172,DAPIBUS,Ut tellus. Nulla ut erat id mauris vulputate elementum. Nullam varius.,$40.73,PC,Action,Schmitt Inc,289,03/13/2012
173,QUAM SUSPENDISSE POTENTI,"Morbi porttitor lorem id ligula. Suspendisse ornare consequat lectus. In est risus, auctor sed, tristique in, tempus sit amet, sem. Fusce consequat. Nulla nisl. Nunc nisl. Duis bibendum, felis sed interdum venenatis, turpis enim blandit mi, in porttitor pede justo eu massa. Donec dapibus.",$6.98,Switch,Sports,"Hermiston, Hudson and Mraz",627,08/17/2001
174,ET ULTRICES,"In est risus, auctor sed, tristique in, tempus sit amet, sem. Fusce consequat. Nulla nisl. Nunc nisl. Duis bibendum, felis sed interdum venenatis, turpis enim blandit mi, in porttitor pede justo eu massa. Donec dapibus. Duis at velit eu est congue elementum. In hac habitasse platea dictumst. Morbi vestibulum, velit id pretium iaculis, diam erat fermentum justo, nec condimentum neque sapien placerat ante. Nulla justo.",$20.92,PC,Stealth,Senger and Sons,167,04/23/2007
175,NIBH,Nulla facilisi.,$9.18,PC,Action,Russel Group,662,03/16/2000
176,IPSUM PRAESENT BLANDIT LACINIA ERAT,Etiam faucibus cursus urna. Ut tellus. Nulla ut erat id mauris vulputate elementum. Nullam varius. Nulla facilisi. Cras non velit nec nisi vulputate nonummy. Maecenas tincidunt lacus at velit. Vivamus vel nulla eget eros elementum pellentesque.,$14.38,Xbox,Sports,Anderson and Sons,454,10/10/2018
177,MAGNA AT,Vestibulum ante ipsum primis in faucibus orci luctus et ultrices posuere cubilia Curae; Duis faucibus accumsan odio. Curabitur convallis. Duis consequat dui nec nisi volutpat eleifend. Donec ut dolor.,$38.72,Xbox,Racing,"Gusikowski, Dach and Labadie",253,12/10/1997
178,LOBORTIS SAPIEN SAPIEN NON,Duis consequat dui nec nisi volutpat eleifend.,$21.01,Xbox,Adventure,Hodkiewicz LLC,283,02/13/2001
179,SIT AMET,"Suspendisse ornare consequat lectus. In est risus, auctor sed, tristique in, tempus sit amet, sem. Fusce consequat. Nulla nisl. Nunc nisl. Duis bibendum, felis sed interdum venenatis, turpis enim blandit mi, in porttitor pede justo eu massa. Donec dapibus.",$48.68,PC,Survival,Hilpert-Cummerata,817,01/26/2009
180,MOLESTIE HENDRERIT AT VULPUTATE VITAE,"Integer ac leo. Pellentesque ultrices mattis odio. Donec vitae nisi. Nam ultrices, libero non mattis pulvinar, nulla pede ullamcorper augue, a suscipit nulla elit ac nulla. Sed vel enim sit amet nunc viverra dapibus. Nulla suscipit ligula in lacus. Curabitur at ipsum ac tellus semper interdum. Mauris ullamcorper purus sit amet nulla. Quisque arcu libero, rutrum ac, lobortis vel, dapibus at, diam. Nam tristique tortor eu pede.",$40.89,Xbox,Fighting,"Price, Franecki and Kiehn",555,02/23/2004
181,ANTE VIVAMUS,"Maecenas leo odio, condimentum id, luctus nec, molestie sed, justo. Pellentesque viverra pede ac diam. Cras pellentesque volutpat dui. Maecenas tristique, est et tempus semper, est quam pharetra magna, ac consequat metus sapien ut nunc. Vestibulum ante ipsum primis in faucibus orci luctus et ultrices posuere cubilia Curae; Mauris viverra diam vitae quam. Suspendisse potenti. Nullam porttitor lacus at turpis. Donec posuere metus vitae ipsum.",$33.27,PS5,MMORPG,Lakin and Sons,17,02/28/1995
182,JUSTO IN HAC HABITASSE,Maecenas tincidunt lacus at velit.,$55.68,Switch,Fighting,"Pacocha, Legros and Volkman",61,03/07/2001
183,ORNARE CONSEQUAT LECTUS,"Morbi ut odio. Cras mi pede, malesuada in, imperdiet et, commodo vulputate, justo. In blandit ultrices enim.",$59.84,PS5,Stealth,Ernser LLC,560,12/26/2023
184,HABITASSE PLATEA DICTUMST MAECENAS UT,"In hac habitasse platea dictumst. Aliquam augue quam, sollicitudin vitae, consectetuer eget, rutrum at, lorem. Integer tincidunt ante vel ipsum. Praesent blandit lacinia erat. Vestibulum sed magna at nunc commodo placerat.",$37.84,PC,Fighting,Leuschke Group,98,02/24/2024
185,IACULIS DIAM ERAT,Sed ante. Vivamus tortor. Duis mattis egestas metus. Aenean fermentum.,$50.71,PC,Adventure,Schmitt and Sons,200,05/04/2014
186,COMMODO VULPUTATE JUSTO IN BLANDIT,Vestibulum ante ipsum primis in faucibus orci luctus et ultrices posuere cubilia Curae; Duis faucibus accumsan odio. Curabitur convallis. Duis consequat dui nec nisi volutpat eleifend. Donec ut dolor. Morbi vel lectus in quam fringilla rhoncus.,$9.48,Xbox,Rhythm,"Roberts, Ryan and Rice",216,06/29/1996
187,JUSTO MORBI,"Etiam faucibus cursus urna. Ut tellus. Nulla ut erat id mauris vulputate elementum. Nullam varius. Nulla facilisi. Cras non velit nec nisi vulputate nonummy. Maecenas tincidunt lacus at velit. Vivamus vel nulla eget eros elementum pellentesque. Quisque porta volutpat erat. Quisque erat eros, viverra eget, congue eget, semper rutrum, nulla.",$34.09,PC,Survival,Reinger-Collins,280,04/30/2020
188,NULLA AC,Morbi porttitor lorem id ligula.,$4.92,PS5,Rhythm,Monahan-Hoeger,497,02/04/2021
189,PORTA VOLUTPAT,Donec ut mauris eget massa tempor convallis.,$52.24,Switch,Stealth,"Herman, Boehm and Conroy",586,07/16/1995
190,MORBI QUIS TORTOR ID,"Fusce consequat. Nulla nisl. Nunc nisl. Duis bibendum, felis sed interdum venenatis, turpis enim blandit mi, in porttitor pede justo eu massa. Donec dapibus. Duis at velit eu est congue elementum. In hac habitasse platea dictumst. Morbi vestibulum, velit id pretium iaculis, diam erat fermentum justo, nec condimentum neque sapien placerat ante. Nulla justo.",$13.87,Switch,Action,O'Hara-Block,575,06/10/2000
191,EGET CONGUE EGET SEMPER RUTRUM,"Nulla neque libero, convallis eget, eleifend luctus, ultricies eu, nibh. Quisque id justo sit amet sapien dignissim vestibulum. Vestibulum ante ipsum primis in faucibus orci luctus et ultrices posuere cubilia Curae; Nulla dapibus dolor vel est. Donec odio justo, sollicitudin ut, suscipit a, feugiat et, eros. Vestibulum ac est lacinia nisi venenatis tristique. Fusce congue, diam id ornare imperdiet, sapien urna pretium nisl, ut volutpat sapien arcu sed augue. Aliquam erat volutpat.",$42.55,Xbox,Platformer,Shields-Durgan,598,09/13/2023
192,VESTIBULUM AC,"Fusce congue, diam id ornare imperdiet, sapien urna pretium nisl, ut volutpat sapien arcu sed augue. Aliquam erat volutpat. In congue. Etiam justo. Etiam pretium iaculis justo.",$22.88,PS5,Role-playing,"Okuneva, Reichel and Wolff",191,06/27/2021
193,VENENATIS,"Nulla neque libero, convallis eget, eleifend luctus, ultricies eu, nibh. Quisque id justo sit amet sapien dignissim vestibulum.",$30.49,PC,Action,"Medhurst, Pacocha and Christiansen",756,07/30/2008
194,CONVALLIS DUIS CONSEQUAT DUI NEC,"Cras in purus eu magna vulputate luctus. Cum sociis natoque penatibus et magnis dis parturient montes, nascetur ridiculus mus. Vivamus vestibulum sagittis sapien. Cum sociis natoque penatibus et magnis dis parturient montes, nascetur ridiculus mus. Etiam vel augue. Vestibulum rutrum rutrum neque. Aenean auctor gravida sem.",$50.37,Switch,Role-playing,Ziemann and Sons,92,10/08/2004
195,ODIO,"Nulla mollis molestie lorem. Quisque ut erat. Curabitur gravida nisi at nibh. In hac habitasse platea dictumst. Aliquam augue quam, sollicitudin vitae, consectetuer eget, rutrum at, lorem.",$19.87,PC,Stealth,"Farrell, Considine and Breitenberg",80,09/15/2017
196,UT ODIO CRAS MI,"Curabitur convallis. Duis consequat dui nec nisi volutpat eleifend. Donec ut dolor. Morbi vel lectus in quam fringilla rhoncus. Mauris enim leo, rhoncus sed, vestibulum sit amet, cursus id, turpis.",$3.87,Switch,MMORPG,Rohan and Sons,42,01/18/1999
197,VEL NULLA,Mauris sit amet eros.,$1.15,PS5,Survival,"Daugherty, Tillman and Towne",314,01/06/2011
198,LOBORTIS SAPIEN,"Nam ultrices, libero non mattis pulvinar, nulla pede ullamcorper augue, a suscipit nulla elit ac nulla. Sed vel enim sit amet nunc viverra dapibus. Nulla suscipit ligula in lacus. Curabitur at ipsum ac tellus semper interdum. Mauris ullamcorper purus sit amet nulla.",$30.28,Xbox,Stealth,"Wuckert, Rowe and Emmerich",231,08/20/2024
199,IPSUM DOLOR SIT,In congue. Etiam justo. Etiam pretium iaculis justo. In hac habitasse platea dictumst. Etiam faucibus cursus urna. Ut tellus. Nulla ut erat id mauris vulputate elementum.,$52.89,Xbox,Platformer,Rowe Inc,691,12/20/2000
200,MORBI PORTTITOR LOREM ID LIGULA,"Vestibulum ac est lacinia nisi venenatis tristique. Fusce congue, diam id ornare imperdiet, sapien urna pretium nisl, ut volutpat sapien arcu sed augue. Aliquam erat volutpat. In congue. Etiam justo. Etiam pretium iaculis justo. In hac habitasse platea dictumst. Etiam faucibus cursus urna. Ut tellus.",$3.39,Switch,Strategy,"Schamberger, Cronin and Rohan",343,01/07/1998
201,VIVAMUS VESTIBULUM SAGITTIS,"Nulla neque libero, convallis eget, eleifend luctus, ultricies eu, nibh. Quisque id justo sit amet sapien dignissim vestibulum.",$51.14,PS5,Simulation,Harris-Pollich,114,04/30/2024
202,PRIMIS IN FAUCIBUS ORCI,In hac habitasse platea dictumst. Maecenas ut massa quis augue luctus tincidunt. Nulla mollis molestie lorem. Quisque ut erat. Curabitur gravida nisi at nibh.,$49.42,PS5,Puzzle,Bernier-Lueilwitz,827,12/12/2021
203,VESTIBULUM EGET VULPUTATE UT ULTRICES,Aenean sit amet justo. Morbi ut odio.,$6.47,Switch,Sports,Cremin LLC,862,03/12/2008
204,POSUERE CUBILIA CURAE DUIS,"Morbi non quam nec dui luctus rutrum. Nulla tellus. In sagittis dui vel nisl. Duis ac nibh. Fusce lacus purus, aliquet at, feugiat non, pretium quis, lectus. Suspendisse potenti. In eleifend quam a odio.",$9.75,PC,Rhythm,Schaden Inc,441,02/07/2006
205,BLANDIT NON INTERDUM IN,"Donec semper sapien a libero. Nam dui. Proin leo odio, porttitor id, consequat in, consequat ut, nulla. Sed accumsan felis. Ut at dolor quis odio consequat varius. Integer ac leo. Pellentesque ultrices mattis odio. Donec vitae nisi.",$43.71,PS5,Strategy,Weber-Gusikowski,812,10/05/2023
206,TRISTIQUE TORTOR,"Pellentesque eget nunc. Donec quis orci eget orci vehicula condimentum. Curabitur in libero ut massa volutpat convallis. Morbi odio odio, elementum eu, interdum eu, tincidunt in, leo. Maecenas pulvinar lobortis est. Phasellus sit amet erat. Nulla tempus. Vivamus in felis eu sapien cursus vestibulum. Proin eu mi.",$40.23,Switch,Platformer,"Daugherty, Crooks and Schuppe",167,11/07/2009
207,UT NUNC,"Ut at dolor quis odio consequat varius. Integer ac leo. Pellentesque ultrices mattis odio. Donec vitae nisi. Nam ultrices, libero non mattis pulvinar, nulla pede ullamcorper augue, a suscipit nulla elit ac nulla. Sed vel enim sit amet nunc viverra dapibus. Nulla suscipit ligula in lacus. Curabitur at ipsum ac tellus semper interdum.",$24.81,Xbox,Simulation,Lang and Sons,555,04/22/2021
208,NUNC VESTIBULUM ANTE,Nullam porttitor lacus at turpis. Donec posuere metus vitae ipsum.,$21.74,Switch,Action,Moore-Boehm,501,04/08/2023
209,IN HAC,"Mauris enim leo, rhoncus sed, vestibulum sit amet, cursus id, turpis. Integer aliquet, massa id lobortis convallis, tortor risus dapibus augue, vel accumsan tellus nisi eu orci. Mauris lacinia sapien quis libero. Nullam sit amet turpis elementum ligula vehicula consequat. Morbi a ipsum. Integer a nibh.",$47.36,PS5,Horror,Mertz-Jast,492,08/06/2003
210,SED AUGUE ALIQUAM ERAT,"Vestibulum sed magna at nunc commodo placerat. Praesent blandit. Nam nulla. Integer pede justo, lacinia eget, tincidunt eget, tempus vel, pede. Morbi porttitor lorem id ligula. Suspendisse ornare consequat lectus. In est risus, auctor sed, tristique in, tempus sit amet, sem. Fusce consequat. Nulla nisl.",$16.68,Switch,MMORPG,Stoltenberg-Lehner,688,10/06/2007
211,MAURIS VIVERRA,Ut at dolor quis odio consequat varius. Integer ac leo. Pellentesque ultrices mattis odio.,$9.97,Xbox,Fighting,Pagac-Purdy,642,04/27/1998
212,ELEMENTUM PELLENTESQUE QUISQUE PORTA VOLUTPAT,"Aliquam augue quam, sollicitudin vitae, consectetuer eget, rutrum at, lorem.",$14.05,Xbox,Simulation,Collins Group,38,04/17/1999
213,RUTRUM AC LOBORTIS VEL DAPIBUS,"Vivamus in felis eu sapien cursus vestibulum. Proin eu mi. Nulla ac enim. In tempor, turpis nec euismod scelerisque, quam turpis adipiscing lorem, vitae mattis nibh ligula nec sem. Duis aliquam convallis nunc. Proin at turpis a pede posuere nonummy. Integer non velit. Donec diam neque, vestibulum eget, vulputate ut, ultrices vel, augue.",$10.00,PS5,Racing,Bechtelar LLC,329,02/14/2021
214,ADIPISCING LOREM VITAE MATTIS NIBH,"Fusce posuere felis sed lacus. Morbi sem mauris, laoreet ut, rhoncus aliquet, pulvinar sed, nisl. Nunc rhoncus dui vel sem. Sed sagittis.",$40.96,Xbox,Platformer,"Price, Anderson and Hills",701,03/30/2008
215,MI NULLA AC,"Nullam molestie nibh in lectus. Pellentesque at nulla. Suspendisse potenti. Cras in purus eu magna vulputate luctus. Cum sociis natoque penatibus et magnis dis parturient montes, nascetur ridiculus mus. Vivamus vestibulum sagittis sapien. Cum sociis natoque penatibus et magnis dis parturient montes, nascetur ridiculus mus. Etiam vel augue. Vestibulum rutrum rutrum neque. Aenean auctor gravida sem.",$0.46,PS5,Sports,"Luettgen, Kunde and Koss",651,09/14/2018
216,LIGULA VEHICULA CONSEQUAT MORBI A,"Nam dui. Proin leo odio, porttitor id, consequat in, consequat ut, nulla. Sed accumsan felis. Ut at dolor quis odio consequat varius. Integer ac leo.",$50.74,PS5,Action,D'Amore-Hegmann,635,05/22/2024
217,LEO,Integer tincidunt ante vel ipsum. Praesent blandit lacinia erat. Vestibulum sed magna at nunc commodo placerat.,$52.51,Xbox,Survival,Gusikowski-Ritchie,688,06/07/2006
218,SUSPENDISSE ORNARE,"Nullam porttitor lacus at turpis. Donec posuere metus vitae ipsum. Aliquam non mauris. Morbi non lectus. Aliquam sit amet diam in magna bibendum imperdiet. Nullam orci pede, venenatis non, sodales sed, tincidunt eu, felis. Fusce posuere felis sed lacus. Morbi sem mauris, laoreet ut, rhoncus aliquet, pulvinar sed, nisl. Nunc rhoncus dui vel sem. Sed sagittis.",$35.03,PC,Role-playing,"Kemmer, Green and Pfeffer",725,11/08/1998
219,DUI VEL NISL DUIS,"Morbi quis tortor id nulla ultrices aliquet. Maecenas leo odio, condimentum id, luctus nec, molestie sed, justo. Pellentesque viverra pede ac diam. Cras pellentesque volutpat dui. Maecenas tristique, est et tempus semper, est quam pharetra magna, ac consequat metus sapien ut nunc. Vestibulum ante ipsum primis in faucibus orci luctus et ultrices posuere cubilia Curae; Mauris viverra diam vitae quam. Suspendisse potenti. Nullam porttitor lacus at turpis.",$34.04,Switch,Role-playing,"Osinski, Quigley and Kertzmann",678,04/20/2012
220,MORBI,"Nunc nisl. Duis bibendum, felis sed interdum venenatis, turpis enim blandit mi, in porttitor pede justo eu massa. Donec dapibus.",$45.25,Switch,Action,"Wisoky, Welch and D'Amore",682,12/03/1997
221,PRAESENT BLANDIT NAM NULLA INTEGER,"Donec vitae nisi. Nam ultrices, libero non mattis pulvinar, nulla pede ullamcorper augue, a suscipit nulla elit ac nulla. Sed vel enim sit amet nunc viverra dapibus. Nulla suscipit ligula in lacus.",$50.28,Switch,Survival,"Barton, Okuneva and Ward",848,07/20/2019
222,EST ET,"Nam congue, risus semper porta volutpat, quam pede lobortis ligula, sit amet eleifend pede libero quis orci. Nullam molestie nibh in lectus. Pellentesque at nulla. Suspendisse potenti. Cras in purus eu magna vulputate luctus. Cum sociis natoque penatibus et magnis dis parturient montes, nascetur ridiculus mus. Vivamus vestibulum sagittis sapien. Cum sociis natoque penatibus et magnis dis parturient montes, nascetur ridiculus mus. Etiam vel augue. Vestibulum rutrum rutrum neque.",$33.20,PS5,Action,Torphy Inc,786,03/17/2019
223,ORCI LUCTUS ET ULTRICES POSUERE,Nulla ut erat id mauris vulputate elementum. Nullam varius. Nulla facilisi. Cras non velit nec nisi vulputate nonummy.,$44.93,PS5,MMORPG,Sporer LLC,268,12/17/2007
224,AMET CONSECTETUER ADIPISCING ELIT,"Vestibulum ante ipsum primis in faucibus orci luctus et ultrices posuere cubilia Curae; Nulla dapibus dolor vel est. Donec odio justo, sollicitudin ut, suscipit a, feugiat et, eros. Vestibulum ac est lacinia nisi venenatis tristique. Fusce congue, diam id ornare imperdiet, sapien urna pretium nisl, ut volutpat sapien arcu sed augue. Aliquam erat volutpat. In congue. Etiam justo. Etiam pretium iaculis justo. In hac habitasse platea dictumst.",$14.35,PS5,Horror,"Cartwright, Roob and Jacobs",746,04/17/2012
225,VEL ENIM,"Nullam sit amet turpis elementum ligula vehicula consequat. Morbi a ipsum. Integer a nibh. In quis justo. Maecenas rhoncus aliquam lacus. Morbi quis tortor id nulla ultrices aliquet. Maecenas leo odio, condimentum id, luctus nec, molestie sed, justo.",$23.51,Switch,Simulation,Swaniawski-Moore,24,05/03/2000
226,MI,In hac habitasse platea dictumst.,$3.61,Switch,Rhythm,Doyle-Simonis,825,08/10/1994
227,VEL LECTUS IN QUAM,"Curabitur gravida nisi at nibh. In hac habitasse platea dictumst. Aliquam augue quam, sollicitudin vitae, consectetuer eget, rutrum at, lorem. Integer tincidunt ante vel ipsum. Praesent blandit lacinia erat. Vestibulum sed magna at nunc commodo placerat.",$9.82,Xbox,Strategy,"Balistreri, Heathcote and Kertzmann",319,08/25/2019
228,RHONCUS SED VESTIBULUM SIT,"Duis consequat dui nec nisi volutpat eleifend. Donec ut dolor. Morbi vel lectus in quam fringilla rhoncus. Mauris enim leo, rhoncus sed, vestibulum sit amet, cursus id, turpis. Integer aliquet, massa id lobortis convallis, tortor risus dapibus augue, vel accumsan tellus nisi eu orci. Mauris lacinia sapien quis libero.",$37.47,PC,Rhythm,Lebsack-Waelchi,143,08/08/1996
229,ID TURPIS INTEGER ALIQUET,"Suspendisse potenti. Nullam porttitor lacus at turpis. Donec posuere metus vitae ipsum. Aliquam non mauris. Morbi non lectus. Aliquam sit amet diam in magna bibendum imperdiet. Nullam orci pede, venenatis non, sodales sed, tincidunt eu, felis. Fusce posuere felis sed lacus. Morbi sem mauris, laoreet ut, rhoncus aliquet, pulvinar sed, nisl.",$25.02,Switch,Sports,Block-Kuhn,696,03/24/2016
230,ADIPISCING MOLESTIE HENDRERIT AT,Nulla justo. Aliquam quis turpis eget elit sodales scelerisque. Mauris sit amet eros. Suspendisse accumsan tortor quis turpis. Sed ante. Vivamus tortor. Duis mattis egestas metus. Aenean fermentum.,$11.75,PC,Fighting,Parker-Witting,504,03/17/2006
231,TELLUS IN SAGITTIS DUI VEL,Morbi a ipsum. Integer a nibh. In quis justo. Maecenas rhoncus aliquam lacus. Morbi quis tortor id nulla ultrices aliquet.,$44.61,PC,Racing,Kassulke-Towne,84,03/09/2021
232,EST RISUS AUCTOR,Mauris lacinia sapien quis libero. Nullam sit amet turpis elementum ligula vehicula consequat. Morbi a ipsum. Integer a nibh. In quis justo.,$52.76,PS5,Racing,Murphy-Kerluke,955,06/11/2012
233,METUS ARCU ADIPISCING MOLESTIE HENDRERIT,"Nam dui. Proin leo odio, porttitor id, consequat in, consequat ut, nulla. Sed accumsan felis. Ut at dolor quis odio consequat varius. Integer ac leo.",$51.93,Xbox,Rhythm,Ward Inc,33,02/04/2004
234,A,"Praesent blandit. Nam nulla. Integer pede justo, lacinia eget, tincidunt eget, tempus vel, pede. Morbi porttitor lorem id ligula. Suspendisse ornare consequat lectus. In est risus, auctor sed, tristique in, tempus sit amet, sem. Fusce consequat. Nulla nisl.",$43.22,PC,Fighting,"Smitham, Reinger and Borer",957,09/02/2011
235,JUSTO PELLENTESQUE VIVERRA PEDE,Cras non velit nec nisi vulputate nonummy. Maecenas tincidunt lacus at velit. Vivamus vel nulla eget eros elementum pellentesque.,$7.41,Xbox,Simulation,Kreiger LLC,809,08/01/2009
236,FRINGILLA RHONCUS MAURIS,Nunc purus. Phasellus in felis. Donec semper sapien a libero.,$45.04,Xbox,Fighting,"Pollich, Hyatt and Zieme",571,01/10/2023
237,HABITASSE PLATEA DICTUMST ETIAM FAUCIBUS,"Vestibulum ante ipsum primis in faucibus orci luctus et ultrices posuere cubilia Curae; Nulla dapibus dolor vel est. Donec odio justo, sollicitudin ut, suscipit a, feugiat et, eros. Vestibulum ac est lacinia nisi venenatis tristique. Fusce congue, diam id ornare imperdiet, sapien urna pretium nisl, ut volutpat sapien arcu sed augue. Aliquam erat volutpat. In congue.",$52.86,PC,Stealth,Dicki-Nolan,838,01/22/2011
238,NAM NULLA INTEGER PEDE JUSTO,"Suspendisse ornare consequat lectus. In est risus, auctor sed, tristique in, tempus sit amet, sem. Fusce consequat. Nulla nisl. Nunc nisl. Duis bibendum, felis sed interdum venenatis, turpis enim blandit mi, in porttitor pede justo eu massa.",$30.89,PS5,Rhythm,Hettinger Inc,465,02/01/2013
239,SEMPER RUTRUM NULLA NUNC PURUS,"Donec vitae nisi. Nam ultrices, libero non mattis pulvinar, nulla pede ullamcorper augue, a suscipit nulla elit ac nulla. Sed vel enim sit amet nunc viverra dapibus. Nulla suscipit ligula in lacus. Curabitur at ipsum ac tellus semper interdum. Mauris ullamcorper purus sit amet nulla. Quisque arcu libero, rutrum ac, lobortis vel, dapibus at, diam.",$54.29,Switch,Fighting,"Grimes, Ankunding and Jones",363,11/14/2002
240,NEQUE LIBERO CONVALLIS,"Aenean sit amet justo. Morbi ut odio. Cras mi pede, malesuada in, imperdiet et, commodo vulputate, justo.",$45.22,PC,Role-playing,"Botsford, Hegmann and Kihn",972,02/24/2011
241,PURUS,In hac habitasse platea dictumst.,$47.92,PC,MMORPG,MacGyver-Mosciski,525,07/14/1995
242,JUSTO ETIAM PRETIUM,"Vestibulum ante ipsum primis in faucibus orci luctus et ultrices posuere cubilia Curae; Duis faucibus accumsan odio. Curabitur convallis. Duis consequat dui nec nisi volutpat eleifend. Donec ut dolor. Morbi vel lectus in quam fringilla rhoncus. Mauris enim leo, rhoncus sed, vestibulum sit amet, cursus id, turpis. Integer aliquet, massa id lobortis convallis, tortor risus dapibus augue, vel accumsan tellus nisi eu orci. Mauris lacinia sapien quis libero. Nullam sit amet turpis elementum ligula vehicula consequat.",$12.99,PS5,Puzzle,Kris LLC,800,08/26/2013
243,AT LOREM INTEGER TINCIDUNT ANTE,"Nam nulla. Integer pede justo, lacinia eget, tincidunt eget, tempus vel, pede. Morbi porttitor lorem id ligula. Suspendisse ornare consequat lectus. In est risus, auctor sed, tristique in, tempus sit amet, sem. Fusce consequat. Nulla nisl. Nunc nisl. Duis bibendum, felis sed interdum venenatis, turpis enim blandit mi, in porttitor pede justo eu massa.",$23.47,PS5,Puzzle,Abshire-Aufderhar,235,05/28/2000
244,AUGUE VESTIBULUM,"Morbi a ipsum. Integer a nibh. In quis justo. Maecenas rhoncus aliquam lacus. Morbi quis tortor id nulla ultrices aliquet. Maecenas leo odio, condimentum id, luctus nec, molestie sed, justo. Pellentesque viverra pede ac diam.",$32.26,PS5,Strategy,"Bartell, Heaney and Pouros",627,11/26/2003
245,ELEIFEND PEDE LIBERO QUIS,Ut at dolor quis odio consequat varius. Integer ac leo. Pellentesque ultrices mattis odio. Donec vitae nisi.,$12.83,Xbox,Strategy,"Yost, Wolff and Effertz",121,02/08/2006
246,NULLA,In congue. Etiam justo. Etiam pretium iaculis justo. In hac habitasse platea dictumst. Etiam faucibus cursus urna. Ut tellus. Nulla ut erat id mauris vulputate elementum. Nullam varius. Nulla facilisi. Cras non velit nec nisi vulputate nonummy.,$35.59,PS5,Survival,Zieme-Barton,441,05/20/2001
247,CURAE MAURIS,"Maecenas rhoncus aliquam lacus. Morbi quis tortor id nulla ultrices aliquet. Maecenas leo odio, condimentum id, luctus nec, molestie sed, justo. Pellentesque viverra pede ac diam. Cras pellentesque volutpat dui. Maecenas tristique, est et tempus semper, est quam pharetra magna, ac consequat metus sapien ut nunc. Vestibulum ante ipsum primis in faucibus orci luctus et ultrices posuere cubilia Curae; Mauris viverra diam vitae quam. Suspendisse potenti. Nullam porttitor lacus at turpis. Donec posuere metus vitae ipsum.",$20.98,Switch,Strategy,Borer-Metz,574,01/22/1995
248,LIBERO RUTRUM AC,"Nunc rhoncus dui vel sem. Sed sagittis. Nam congue, risus semper porta volutpat, quam pede lobortis ligula, sit amet eleifend pede libero quis orci. Nullam molestie nibh in lectus. Pellentesque at nulla. Suspendisse potenti.",$20.45,PS5,Role-playing,Collier Group,775,02/09/2024
249,CURAE,"Praesent blandit lacinia erat. Vestibulum sed magna at nunc commodo placerat. Praesent blandit. Nam nulla. Integer pede justo, lacinia eget, tincidunt eget, tempus vel, pede. Morbi porttitor lorem id ligula. Suspendisse ornare consequat lectus. In est risus, auctor sed, tristique in, tempus sit amet, sem. Fusce consequat. Nulla nisl.",$22.43,Switch,Survival,"Auer, Kreiger and Leuschke",651,05/18/2011
250,RHONCUS,"Donec ut dolor. Morbi vel lectus in quam fringilla rhoncus. Mauris enim leo, rhoncus sed, vestibulum sit amet, cursus id, turpis.",$33.37,Switch,Strategy,"Fadel, Smith and Turner",406,04/26/2009
251,SIT AMET EROS SUSPENDISSE,Aliquam quis turpis eget elit sodales scelerisque.,$4.40,Switch,Stealth,"Romaguera, Weimann and Towne",836,08/17/2007
252,DONEC,"Quisque arcu libero, rutrum ac, lobortis vel, dapibus at, diam.",$11.71,PC,MMORPG,"Stoltenberg, Shanahan and Stark",32,10/30/2007
253,VESTIBULUM RUTRUM RUTRUM,"Aliquam augue quam, sollicitudin vitae, consectetuer eget, rutrum at, lorem. Integer tincidunt ante vel ipsum. Praesent blandit lacinia erat. Vestibulum sed magna at nunc commodo placerat. Praesent blandit. Nam nulla. Integer pede justo, lacinia eget, tincidunt eget, tempus vel, pede. Morbi porttitor lorem id ligula. Suspendisse ornare consequat lectus.",$18.94,Xbox,Action,Durgan-Zemlak,332,01/05/2014
254,CRAS IN PURUS EU MAGNA,"Cras pellentesque volutpat dui. Maecenas tristique, est et tempus semper, est quam pharetra magna, ac consequat metus sapien ut nunc. Vestibulum ante ipsum primis in faucibus orci luctus et ultrices posuere cubilia Curae; Mauris viverra diam vitae quam. Suspendisse potenti. Nullam porttitor lacus at turpis. Donec posuere metus vitae ipsum. Aliquam non mauris. Morbi non lectus.",$14.10,Xbox,Role-playing,Schiller and Sons,578,08/05/2003
255,TEMPOR,"Aliquam sit amet diam in magna bibendum imperdiet. Nullam orci pede, venenatis non, sodales sed, tincidunt eu, felis. Fusce posuere felis sed lacus. Morbi sem mauris, laoreet ut, rhoncus aliquet, pulvinar sed, nisl. Nunc rhoncus dui vel sem. Sed sagittis. Nam congue, risus semper porta volutpat, quam pede lobortis ligula, sit amet eleifend pede libero quis orci.",$5.61,PS5,Role-playing,"Hammes, Buckridge and Yundt",122,12/18/2017
256,FUSCE,"Maecenas tristique, est et tempus semper, est quam pharetra magna, ac consequat metus sapien ut nunc. Vestibulum ante ipsum primis in faucibus orci luctus et ultrices posuere cubilia Curae; Mauris viverra diam vitae quam. Suspendisse potenti. Nullam porttitor lacus at turpis.",$18.89,PC,Strategy,Breitenberg-Yost,130,02/16/2006
257,PRIMIS,"Maecenas rhoncus aliquam lacus. Morbi quis tortor id nulla ultrices aliquet. Maecenas leo odio, condimentum id, luctus nec, molestie sed, justo.",$45.80,Xbox,Strategy,Turner-Flatley,877,08/13/2018
258,NULLA SED,Maecenas pulvinar lobortis est. Phasellus sit amet erat. Nulla tempus. Vivamus in felis eu sapien cursus vestibulum.,$23.19,Switch,Stealth,"Ondricka, Lang and Little",308,09/22/2004
259,NULLAM PORTTITOR,Aliquam erat volutpat. In congue. Etiam justo. Etiam pretium iaculis justo. In hac habitasse platea dictumst.,$0.41,Xbox,Action,"McClure, Bartell and Koelpin",526,06/17/2006
260,NULLA UT ERAT ID,"Proin leo odio, porttitor id, consequat in, consequat ut, nulla. Sed accumsan felis. Ut at dolor quis odio consequat varius. Integer ac leo. Pellentesque ultrices mattis odio. Donec vitae nisi.",$58.45,PC,Horror,Jacobson LLC,860,08/29/2014
261,CURABITUR IN,"Morbi non quam nec dui luctus rutrum. Nulla tellus. In sagittis dui vel nisl. Duis ac nibh. Fusce lacus purus, aliquet at, feugiat non, pretium quis, lectus. Suspendisse potenti. In eleifend quam a odio. In hac habitasse platea dictumst. Maecenas ut massa quis augue luctus tincidunt.",$51.58,PC,MMORPG,Dooley-Bahringer,458,02/14/2021
262,TELLUS,"Donec semper sapien a libero. Nam dui. Proin leo odio, porttitor id, consequat in, consequat ut, nulla. Sed accumsan felis. Ut at dolor quis odio consequat varius. Integer ac leo. Pellentesque ultrices mattis odio. Donec vitae nisi. Nam ultrices, libero non mattis pulvinar, nulla pede ullamcorper augue, a suscipit nulla elit ac nulla.",$3.72,Switch,Rhythm,Effertz-Kuhn,935,08/07/2020
263,SAPIEN ARCU,Ut tellus. Nulla ut erat id mauris vulputate elementum. Nullam varius. Nulla facilisi. Cras non velit nec nisi vulputate nonummy. Maecenas tincidunt lacus at velit. Vivamus vel nulla eget eros elementum pellentesque.,$53.38,Switch,Adventure,"Kris, Mayert and Towne",885,07/21/2001
264,SEM FUSCE,Sed vel enim sit amet nunc viverra dapibus. Nulla suscipit ligula in lacus.,$49.75,Switch,Action,Lynch-McKenzie,977,12/29/2011
265,QUAM,"Vestibulum ac est lacinia nisi venenatis tristique. Fusce congue, diam id ornare imperdiet, sapien urna pretium nisl, ut volutpat sapien arcu sed augue. Aliquam erat volutpat.",$1.07,PS5,Racing,"Dibbert, Paucek and Nikolaus",758,06/30/2015
266,ID,"Fusce congue, diam id ornare imperdiet, sapien urna pretium nisl, ut volutpat sapien arcu sed augue. Aliquam erat volutpat. In congue. Etiam justo. Etiam pretium iaculis justo. In hac habitasse platea dictumst. Etiam faucibus cursus urna.",$2.09,Xbox,Fighting,Stamm Group,480,02/05/2011
267,CONDIMENTUM CURABITUR IN LIBERO UT,"Cum sociis natoque penatibus et magnis dis parturient montes, nascetur ridiculus mus. Etiam vel augue. Vestibulum rutrum rutrum neque. Aenean auctor gravida sem. Praesent id massa id nisl venenatis lacinia.",$16.99,PC,Adventure,"Mraz, Swift and Conroy",37,04/18/2009
268,MONTES,"Proin interdum mauris non ligula pellentesque ultrices. Phasellus id sapien in sapien iaculis congue. Vivamus metus arcu, adipiscing molestie, hendrerit at, vulputate vitae, nisl. Aenean lectus.",$57.70,PC,Stealth,Leffler Inc,980,07/27/2013
269,IN LIBERO UT MASSA VOLUTPAT,"In hac habitasse platea dictumst. Morbi vestibulum, velit id pretium iaculis, diam erat fermentum justo, nec condimentum neque sapien placerat ante. Nulla justo. Aliquam quis turpis eget elit sodales scelerisque. Mauris sit amet eros. Suspendisse accumsan tortor quis turpis. Sed ante. Vivamus tortor. Duis mattis egestas metus. Aenean fermentum.",$51.97,PC,Sports,Zulauf-Schinner,841,11/25/2005
270,SOLLICITUDIN UT SUSCIPIT A FEUGIAT,"Maecenas rhoncus aliquam lacus. Morbi quis tortor id nulla ultrices aliquet. Maecenas leo odio, condimentum id, luctus nec, molestie sed, justo. Pellentesque viverra pede ac diam. Cras pellentesque volutpat dui.",$24.98,PC,Adventure,Cummings Group,72,10/02/2019
271,PORTTITOR ID CONSEQUAT IN CONSEQUAT,"Aenean sit amet justo. Morbi ut odio. Cras mi pede, malesuada in, imperdiet et, commodo vulputate, justo. In blandit ultrices enim. Lorem ipsum dolor sit amet, consectetuer adipiscing elit. Proin interdum mauris non ligula pellentesque ultrices. Phasellus id sapien in sapien iaculis congue.",$7.97,PC,Adventure,Swift and Sons,353,06/02/2002
272,ET ULTRICES POSUERE,Phasellus sit amet erat. Nulla tempus. Vivamus in felis eu sapien cursus vestibulum. Proin eu mi.,$10.40,PC,Puzzle,"Abbott, Bahringer and Lesch",776,12/25/2011
273,NISL,"Vestibulum ante ipsum primis in faucibus orci luctus et ultrices posuere cubilia Curae; Nulla dapibus dolor vel est. Donec odio justo, sollicitudin ut, suscipit a, feugiat et, eros. Vestibulum ac est lacinia nisi venenatis tristique. Fusce congue, diam id ornare imperdiet, sapien urna pretium nisl, ut volutpat sapien arcu sed augue. Aliquam erat volutpat. In congue. Etiam justo. Etiam pretium iaculis justo. In hac habitasse platea dictumst.",$20.30,Xbox,Action,"Jast, Corkery and Lindgren",453,09/12/2007
274,LECTUS VESTIBULUM,"Donec diam neque, vestibulum eget, vulputate ut, ultrices vel, augue. Vestibulum ante ipsum primis in faucibus orci luctus et ultrices posuere cubilia Curae; Donec pharetra, magna vestibulum aliquet ultrices, erat tortor sollicitudin mi, sit amet lobortis sapien sapien non mi. Integer ac neque. Duis bibendum. Morbi non quam nec dui luctus rutrum. Nulla tellus.",$39.54,Switch,Racing,"Lehner, Lemke and Renner",796,11/08/2022
275,INTEGER PEDE JUSTO,"Vestibulum ante ipsum primis in faucibus orci luctus et ultrices posuere cubilia Curae; Duis faucibus accumsan odio. Curabitur convallis. Duis consequat dui nec nisi volutpat eleifend. Donec ut dolor. Morbi vel lectus in quam fringilla rhoncus. Mauris enim leo, rhoncus sed, vestibulum sit amet, cursus id, turpis. Integer aliquet, massa id lobortis convallis, tortor risus dapibus augue, vel accumsan tellus nisi eu orci. Mauris lacinia sapien quis libero. Nullam sit amet turpis elementum ligula vehicula consequat.",$16.80,Xbox,Puzzle,"Hills, Gleason and Barrows",700,02/20/2024
276,LUCTUS ET ULTRICES,"Fusce congue, diam id ornare imperdiet, sapien urna pretium nisl, ut volutpat sapien arcu sed augue. Aliquam erat volutpat.",$45.00,PS5,Horror,O'Hara LLC,420,11/14/1997
277,FELIS SED INTERDUM VENENATIS,Nulla mollis molestie lorem. Quisque ut erat. Curabitur gravida nisi at nibh. In hac habitasse platea dictumst.,$44.29,PC,Survival,Steuber Inc,693,10/25/2017
278,PARTURIENT,Nullam sit amet turpis elementum ligula vehicula consequat. Morbi a ipsum. Integer a nibh. In quis justo.,$9.49,Switch,Sports,"Windler, Kilback and Okuneva",315,09/13/2014
279,NIBH,"Nam congue, risus semper porta volutpat, quam pede lobortis ligula, sit amet eleifend pede libero quis orci. Nullam molestie nibh in lectus. Pellentesque at nulla. Suspendisse potenti. Cras in purus eu magna vulputate luctus.",$44.39,PC,Racing,Bogisich-Franecki,464,07/22/2019
280,NEC SEM,"Maecenas ut massa quis augue luctus tincidunt. Nulla mollis molestie lorem. Quisque ut erat. Curabitur gravida nisi at nibh. In hac habitasse platea dictumst. Aliquam augue quam, sollicitudin vitae, consectetuer eget, rutrum at, lorem. Integer tincidunt ante vel ipsum. Praesent blandit lacinia erat. Vestibulum sed magna at nunc commodo placerat. Praesent blandit.",$10.10,PS5,Racing,"Bernier, Hoppe and Nolan",155,12/11/2013
281,FELIS FUSCE,Donec posuere metus vitae ipsum. Aliquam non mauris. Morbi non lectus.,$34.26,PC,Role-playing,Watsica-Blanda,217,11/19/2017
282,DUIS AC NIBH,Nulla tempus. Vivamus in felis eu sapien cursus vestibulum. Proin eu mi.,$19.29,PC,Horror,Ward Group,280,06/21/2010
283,ULTRICES ALIQUET MAECENAS LEO ODIO,"Quisque arcu libero, rutrum ac, lobortis vel, dapibus at, diam.",$40.92,Switch,Simulation,"Gottlieb, Nikolaus and Kunde",576,11/19/2009
284,MAGNIS DIS PARTURIENT MONTES,Nam nulla.,$30.48,PS5,Racing,Pacocha and Sons,28,10/10/2010
285,UT ULTRICES VEL,"Cum sociis natoque penatibus et magnis dis parturient montes, nascetur ridiculus mus. Etiam vel augue. Vestibulum rutrum rutrum neque. Aenean auctor gravida sem. Praesent id massa id nisl venenatis lacinia. Aenean sit amet justo. Morbi ut odio. Cras mi pede, malesuada in, imperdiet et, commodo vulputate, justo.",$24.46,PS5,Role-playing,"Blanda, Ondricka and Larkin",658,02/02/2015
286,POSUERE CUBILIA CURAE DUIS FAUCIBUS,Integer a nibh. In quis justo. Maecenas rhoncus aliquam lacus. Morbi quis tortor id nulla ultrices aliquet.,$50.23,PC,Adventure,Stracke Group,445,05/29/2013
287,RISUS SEMPER PORTA VOLUTPAT QUAM,"Fusce posuere felis sed lacus. Morbi sem mauris, laoreet ut, rhoncus aliquet, pulvinar sed, nisl. Nunc rhoncus dui vel sem. Sed sagittis. Nam congue, risus semper porta volutpat, quam pede lobortis ligula, sit amet eleifend pede libero quis orci. Nullam molestie nibh in lectus. Pellentesque at nulla. Suspendisse potenti.",$41.59,PS5,Stealth,Langosh-Dach,518,07/27/2013
288,VITAE IPSUM ALIQUAM NON MAURIS,"Nunc purus. Phasellus in felis. Donec semper sapien a libero. Nam dui. Proin leo odio, porttitor id, consequat in, consequat ut, nulla. Sed accumsan felis. Ut at dolor quis odio consequat varius. Integer ac leo.",$44.59,Switch,Action,"Wolff, Hayes and Bogisich",963,09/27/2002
289,ORCI LUCTUS ET ULTRICES,"Proin at turpis a pede posuere nonummy. Integer non velit. Donec diam neque, vestibulum eget, vulputate ut, ultrices vel, augue. Vestibulum ante ipsum primis in faucibus orci luctus et ultrices posuere cubilia Curae; Donec pharetra, magna vestibulum aliquet ultrices, erat tortor sollicitudin mi, sit amet lobortis sapien sapien non mi. Integer ac neque.",$56.72,PS5,Stealth,Schiller Inc,528,08/04/2023
290,CONVALLIS,"Phasellus sit amet erat. Nulla tempus. Vivamus in felis eu sapien cursus vestibulum. Proin eu mi. Nulla ac enim. In tempor, turpis nec euismod scelerisque, quam turpis adipiscing lorem, vitae mattis nibh ligula nec sem. Duis aliquam convallis nunc. Proin at turpis a pede posuere nonummy.",$10.29,PC,Horror,Bahringer Inc,529,05/11/2017
291,LIGULA PELLENTESQUE ULTRICES,"Vivamus vestibulum sagittis sapien. Cum sociis natoque penatibus et magnis dis parturient montes, nascetur ridiculus mus. Etiam vel augue. Vestibulum rutrum rutrum neque. Aenean auctor gravida sem. Praesent id massa id nisl venenatis lacinia. Aenean sit amet justo.",$26.77,Switch,Survival,Wiegand-Hermann,350,02/28/2022
292,ULLAMCORPER PURUS SIT,Etiam justo. Etiam pretium iaculis justo. In hac habitasse platea dictumst.,$16.35,Switch,Simulation,Dickens-Block,29,09/10/2011
293,SUSPENDISSE POTENTI,"Integer aliquet, massa id lobortis convallis, tortor risus dapibus augue, vel accumsan tellus nisi eu orci. Mauris lacinia sapien quis libero. Nullam sit amet turpis elementum ligula vehicula consequat.",$8.44,PC,Puzzle,Emmerich Inc,4,05/14/2021
294,MORBI VEL LECTUS IN QUAM,"Fusce posuere felis sed lacus. Morbi sem mauris, laoreet ut, rhoncus aliquet, pulvinar sed, nisl. Nunc rhoncus dui vel sem. Sed sagittis. Nam congue, risus semper porta volutpat, quam pede lobortis ligula, sit amet eleifend pede libero quis orci. Nullam molestie nibh in lectus.",$2.60,Switch,Survival,Wisozk and Sons,828,02/11/2008
295,ENIM,"Morbi non quam nec dui luctus rutrum. Nulla tellus. In sagittis dui vel nisl. Duis ac nibh. Fusce lacus purus, aliquet at, feugiat non, pretium quis, lectus. Suspendisse potenti. In eleifend quam a odio. In hac habitasse platea dictumst.",$36.94,PS5,Rhythm,"Turner, Miller and Zulauf",523,02/07/2025
296,AMET CONSECTETUER ADIPISCING ELIT,"Sed sagittis. Nam congue, risus semper porta volutpat, quam pede lobortis ligula, sit amet eleifend pede libero quis orci. Nullam molestie nibh in lectus. Pellentesque at nulla. Suspendisse potenti. Cras in purus eu magna vulputate luctus. Cum sociis natoque penatibus et magnis dis parturient montes, nascetur ridiculus mus.",$16.63,PC,Adventure,Wintheiser-Brekke,853,03/14/2009
297,NEQUE,"Morbi non quam nec dui luctus rutrum. Nulla tellus. In sagittis dui vel nisl. Duis ac nibh. Fusce lacus purus, aliquet at, feugiat non, pretium quis, lectus. Suspendisse potenti. In eleifend quam a odio.",$57.37,PC,Simulation,"Prosacco, Denesik and Stark",135,12/24/2004
298,ET ULTRICES POSUERE,"Fusce congue, diam id ornare imperdiet, sapien urna pretium nisl, ut volutpat sapien arcu sed augue. Aliquam erat volutpat. In congue. Etiam justo. Etiam pretium iaculis justo. In hac habitasse platea dictumst. Etiam faucibus cursus urna. Ut tellus. Nulla ut erat id mauris vulputate elementum.",$57.73,Xbox,Simulation,"Stamm, Rodriguez and Bogan",741,07/06/2022
299,TEMPUS,"Fusce posuere felis sed lacus. Morbi sem mauris, laoreet ut, rhoncus aliquet, pulvinar sed, nisl. Nunc rhoncus dui vel sem. Sed sagittis. Nam congue, risus semper porta volutpat, quam pede lobortis ligula, sit amet eleifend pede libero quis orci. Nullam molestie nibh in lectus. Pellentesque at nulla.",$59.79,Xbox,Rhythm,Volkman LLC,59,08/09/2009
300,IPSUM PRIMIS IN FAUCIBUS ORCI,Mauris sit amet eros. Suspendisse accumsan tortor quis turpis.,$51.43,PC,Rhythm,Douglas Group,963,05/16/1996
301,SIT AMET ERAT NULLA TEMPUS,"Aenean auctor gravida sem. Praesent id massa id nisl venenatis lacinia. Aenean sit amet justo. Morbi ut odio. Cras mi pede, malesuada in, imperdiet et, commodo vulputate, justo. In blandit ultrices enim. Lorem ipsum dolor sit amet, consectetuer adipiscing elit. Proin interdum mauris non ligula pellentesque ultrices.",$31.72,PS5,Survival,"Conroy, Koch and Davis",896,04/20/2016
302,EGESTAS,"Mauris enim leo, rhoncus sed, vestibulum sit amet, cursus id, turpis. Integer aliquet, massa id lobortis convallis, tortor risus dapibus augue, vel accumsan tellus nisi eu orci. Mauris lacinia sapien quis libero. Nullam sit amet turpis elementum ligula vehicula consequat. Morbi a ipsum. Integer a nibh. In quis justo. Maecenas rhoncus aliquam lacus. Morbi quis tortor id nulla ultrices aliquet. Maecenas leo odio, condimentum id, luctus nec, molestie sed, justo.",$41.68,PC,Racing,DuBuque-Medhurst,453,12/30/1997
303,DAPIBUS,Donec posuere metus vitae ipsum. Aliquam non mauris. Morbi non lectus. Aliquam sit amet diam in magna bibendum imperdiet.,$33.75,Xbox,Puzzle,"Torp, Gulgowski and Marvin",406,02/19/2010
304,INTEGER AC NEQUE DUIS BIBENDUM,"Nulla tempus. Vivamus in felis eu sapien cursus vestibulum. Proin eu mi. Nulla ac enim. In tempor, turpis nec euismod scelerisque, quam turpis adipiscing lorem, vitae mattis nibh ligula nec sem. Duis aliquam convallis nunc.",$56.31,Switch,Strategy,"Daniel, Grant and Medhurst",650,10/11/2023
305,IN,"Donec quis orci eget orci vehicula condimentum. Curabitur in libero ut massa volutpat convallis. Morbi odio odio, elementum eu, interdum eu, tincidunt in, leo.",$24.72,Xbox,MMORPG,"Wolf, Jacobi and Quigley",332,04/09/1999
306,LEO ODIO CONDIMENTUM,"In quis justo. Maecenas rhoncus aliquam lacus. Morbi quis tortor id nulla ultrices aliquet. Maecenas leo odio, condimentum id, luctus nec, molestie sed, justo.",$30.87,PC,Role-playing,"Toy, Metz and Hilll",738,08/17/2009
307,VOLUTPAT SAPIEN,"Praesent id massa id nisl venenatis lacinia. Aenean sit amet justo. Morbi ut odio. Cras mi pede, malesuada in, imperdiet et, commodo vulputate, justo. In blandit ultrices enim. Lorem ipsum dolor sit amet, consectetuer adipiscing elit. Proin interdum mauris non ligula pellentesque ultrices. Phasellus id sapien in sapien iaculis congue. Vivamus metus arcu, adipiscing molestie, hendrerit at, vulputate vitae, nisl. Aenean lectus.",$26.48,PS5,MMORPG,Torphy-Huels,233,02/28/2014
308,RISUS PRAESENT,"Duis mattis egestas metus. Aenean fermentum. Donec ut mauris eget massa tempor convallis. Nulla neque libero, convallis eget, eleifend luctus, ultricies eu, nibh.",$33.59,Xbox,Simulation,Upton-Schimmel,994,04/13/2022
309,VENENATIS TRISTIQUE FUSCE CONGUE,"Fusce posuere felis sed lacus. Morbi sem mauris, laoreet ut, rhoncus aliquet, pulvinar sed, nisl. Nunc rhoncus dui vel sem. Sed sagittis. Nam congue, risus semper porta volutpat, quam pede lobortis ligula, sit amet eleifend pede libero quis orci. Nullam molestie nibh in lectus.",$14.75,PC,MMORPG,"Lueilwitz, Swaniawski and Goodwin",697,12/20/1999
310,HAC HABITASSE PLATEA DICTUMST MAECENAS,Morbi a ipsum. Integer a nibh. In quis justo. Maecenas rhoncus aliquam lacus.,$23.08,Switch,Survival,Marvin-Jenkins,522,02/09/2011
311,RUTRUM NEQUE AENEAN AUCTOR,Nulla tempus. Vivamus in felis eu sapien cursus vestibulum. Proin eu mi. Nulla ac enim.,$3.79,PS5,Rhythm,Macejkovic-Rosenbaum,80,07/10/2007
312,PELLENTESQUE VOLUTPAT DUI MAECENAS TRISTIQUE,"In est risus, auctor sed, tristique in, tempus sit amet, sem. Fusce consequat. Nulla nisl. Nunc nisl. Duis bibendum, felis sed interdum venenatis, turpis enim blandit mi, in porttitor pede justo eu massa.",$16.81,Switch,Survival,Reinger LLC,822,06/28/2011
313,DIAM IN MAGNA BIBENDUM IMPERDIET,Cras non velit nec nisi vulputate nonummy. Maecenas tincidunt lacus at velit. Vivamus vel nulla eget eros elementum pellentesque.,$33.12,PC,MMORPG,"Gutkowski, Jerde and Murazik",943,01/10/2024
314,PARTURIENT,"Nulla ut erat id mauris vulputate elementum. Nullam varius. Nulla facilisi. Cras non velit nec nisi vulputate nonummy. Maecenas tincidunt lacus at velit. Vivamus vel nulla eget eros elementum pellentesque. Quisque porta volutpat erat. Quisque erat eros, viverra eget, congue eget, semper rutrum, nulla. Nunc purus. Phasellus in felis.",$51.24,Xbox,Role-playing,Kling-Kirlin,399,08/19/1997
315,INTERDUM IN,Integer tincidunt ante vel ipsum. Praesent blandit lacinia erat. Vestibulum sed magna at nunc commodo placerat.,$21.05,Xbox,Puzzle,Vandervort Inc,11,09/09/2010
316,DUIS BIBENDUM FELIS SED,"Morbi porttitor lorem id ligula. Suspendisse ornare consequat lectus. In est risus, auctor sed, tristique in, tempus sit amet, sem. Fusce consequat. Nulla nisl. Nunc nisl. Duis bibendum, felis sed interdum venenatis, turpis enim blandit mi, in porttitor pede justo eu massa.",$29.57,Xbox,Racing,Jakubowski-Hickle,633,09/19/2007
317,ARCU LIBERO RUTRUM,Maecenas pulvinar lobortis est. Phasellus sit amet erat. Nulla tempus. Vivamus in felis eu sapien cursus vestibulum.,$57.88,PS5,Role-playing,Pfeffer and Sons,569,03/02/2006
318,ID SAPIEN IN SAPIEN,Maecenas ut massa quis augue luctus tincidunt. Nulla mollis molestie lorem. Quisque ut erat. Curabitur gravida nisi at nibh.,$54.23,Switch,Action,"Rolfson, Herman and Bradtke",781,04/11/2003
319,CONGUE EGET,"Quisque erat eros, viverra eget, congue eget, semper rutrum, nulla. Nunc purus. Phasellus in felis. Donec semper sapien a libero.",$50.55,PC,Strategy,Schaefer Group,416,03/20/1994
320,IN FELIS EU SAPIEN,"Maecenas rhoncus aliquam lacus. Morbi quis tortor id nulla ultrices aliquet. Maecenas leo odio, condimentum id, luctus nec, molestie sed, justo. Pellentesque viverra pede ac diam. Cras pellentesque volutpat dui. Maecenas tristique, est et tempus semper, est quam pharetra magna, ac consequat metus sapien ut nunc. Vestibulum ante ipsum primis in faucibus orci luctus et ultrices posuere cubilia Curae; Mauris viverra diam vitae quam.",$58.29,PC,Fighting,"Klein, Treutel and Price",621,01/05/2017
321,VENENATIS LACINIA AENEAN SIT AMET,"Vestibulum quam sapien, varius ut, blandit non, interdum in, ante. Vestibulum ante ipsum primis in faucibus orci luctus et ultrices posuere cubilia Curae; Duis faucibus accumsan odio. Curabitur convallis. Duis consequat dui nec nisi volutpat eleifend. Donec ut dolor.",$10.07,Xbox,Stealth,Waelchi Group,507,01/25/2010
322,DIAM,"Nulla tempus. Vivamus in felis eu sapien cursus vestibulum. Proin eu mi. Nulla ac enim. In tempor, turpis nec euismod scelerisque, quam turpis adipiscing lorem, vitae mattis nibh ligula nec sem. Duis aliquam convallis nunc. Proin at turpis a pede posuere nonummy.",$14.91,PC,Role-playing,Hessel-Maggio,40,04/26/1997
323,VENENATIS NON,"Duis consequat dui nec nisi volutpat eleifend. Donec ut dolor. Morbi vel lectus in quam fringilla rhoncus. Mauris enim leo, rhoncus sed, vestibulum sit amet, cursus id, turpis. Integer aliquet, massa id lobortis convallis, tortor risus dapibus augue, vel accumsan tellus nisi eu orci.",$55.55,PS5,Role-playing,Hane-Ratke,72,04/08/2020
324,LUCTUS ET ULTRICES POSUERE CUBILIA,"Lorem ipsum dolor sit amet, consectetuer adipiscing elit. Proin risus. Praesent lectus. Vestibulum quam sapien, varius ut, blandit non, interdum in, ante. Vestibulum ante ipsum primis in faucibus orci luctus et ultrices posuere cubilia Curae; Duis faucibus accumsan odio. Curabitur convallis. Duis consequat dui nec nisi volutpat eleifend. Donec ut dolor.",$0.20,Xbox,Simulation,"Olson, Renner and Flatley",641,08/06/2005
325,ULTRICES ALIQUET MAECENAS LEO,In congue. Etiam justo. Etiam pretium iaculis justo. In hac habitasse platea dictumst.,$19.61,PS5,Simulation,"Marquardt, Runte and Koch",59,06/10/1996
326,SED LACUS MORBI,"Nunc rhoncus dui vel sem. Sed sagittis. Nam congue, risus semper porta volutpat, quam pede lobortis ligula, sit amet eleifend pede libero quis orci. Nullam molestie nibh in lectus.",$55.87,Xbox,Strategy,"Weber, Bartoletti and Kuhic",344,04/29/2014
327,FAUCIBUS ORCI LUCTUS ET,"Nullam varius. Nulla facilisi. Cras non velit nec nisi vulputate nonummy. Maecenas tincidunt lacus at velit. Vivamus vel nulla eget eros elementum pellentesque. Quisque porta volutpat erat. Quisque erat eros, viverra eget, congue eget, semper rutrum, nulla. Nunc purus. Phasellus in felis. Donec semper sapien a libero.",$13.19,Xbox,Fighting,"Bauch, Kshlerin and Armstrong",262,11/17/2021
328,MI PEDE MALESUADA,Etiam faucibus cursus urna. Ut tellus. Nulla ut erat id mauris vulputate elementum. Nullam varius. Nulla facilisi.,$18.85,Switch,Rhythm,Dach-Windler,85,11/03/2012
329,PEDE JUSTO LACINIA,Phasellus in felis. Donec semper sapien a libero. Nam dui.,$52.75,PC,Horror,Grimes-Stoltenberg,320,12/29/2016
330,CURABITUR,Maecenas pulvinar lobortis est.,$37.73,Switch,Sports,"Mante, Hickle and Daugherty",49,04/29/2022
331,EGET VULPUTATE,Nullam molestie nibh in lectus. Pellentesque at nulla. Suspendisse potenti.,$45.23,Switch,MMORPG,Jaskolski Group,293,11/19/2009
332,SAPIEN,"Vestibulum ante ipsum primis in faucibus orci luctus et ultrices posuere cubilia Curae; Duis faucibus accumsan odio. Curabitur convallis. Duis consequat dui nec nisi volutpat eleifend. Donec ut dolor. Morbi vel lectus in quam fringilla rhoncus. Mauris enim leo, rhoncus sed, vestibulum sit amet, cursus id, turpis. Integer aliquet, massa id lobortis convallis, tortor risus dapibus augue, vel accumsan tellus nisi eu orci. Mauris lacinia sapien quis libero. Nullam sit amet turpis elementum ligula vehicula consequat. Morbi a ipsum.",$39.73,Switch,Puzzle,Bode-Mosciski,626,03/15/2007
333,AT TURPIS,Etiam faucibus cursus urna.,$37.64,Switch,Stealth,"Bradtke, Dibbert and Frami",895,07/22/2004
334,SIT AMET TURPIS ELEMENTUM,"Curabitur at ipsum ac tellus semper interdum. Mauris ullamcorper purus sit amet nulla. Quisque arcu libero, rutrum ac, lobortis vel, dapibus at, diam.",$0.25,PC,Survival,"Barrows, Ortiz and Kilback",264,05/03/1997
335,RISUS DAPIBUS AUGUE,"Vivamus vestibulum sagittis sapien. Cum sociis natoque penatibus et magnis dis parturient montes, nascetur ridiculus mus.",$47.74,PS5,Puzzle,Johnson LLC,308,10/26/2007
336,CRAS,"Pellentesque ultrices mattis odio. Donec vitae nisi. Nam ultrices, libero non mattis pulvinar, nulla pede ullamcorper augue, a suscipit nulla elit ac nulla. Sed vel enim sit amet nunc viverra dapibus. Nulla suscipit ligula in lacus.",$53.87,Switch,Platformer,Sawayn-Deckow,355,01/05/2006
337,AMET CURSUS ID TURPIS INTEGER,"Morbi odio odio, elementum eu, interdum eu, tincidunt in, leo. Maecenas pulvinar lobortis est. Phasellus sit amet erat.",$36.55,Xbox,Puzzle,Spencer LLC,858,10/20/2017
338,ENIM,"Nam nulla. Integer pede justo, lacinia eget, tincidunt eget, tempus vel, pede. Morbi porttitor lorem id ligula. Suspendisse ornare consequat lectus. In est risus, auctor sed, tristique in, tempus sit amet, sem. Fusce consequat. Nulla nisl.",$31.21,PC,Sports,"Corwin, McClure and Flatley",48,03/27/2007
339,VULPUTATE NONUMMY MAECENAS TINCIDUNT,Nullam varius.,$57.48,Switch,Platformer,Zemlak LLC,378,08/10/2002
340,DUI PROIN LEO ODIO PORTTITOR,Donec quis orci eget orci vehicula condimentum.,$32.38,PC,Stealth,"Wolf, Bins and Brekke",63,05/19/2005
341,INTERDUM MAURIS,"Integer pede justo, lacinia eget, tincidunt eget, tempus vel, pede. Morbi porttitor lorem id ligula. Suspendisse ornare consequat lectus. In est risus, auctor sed, tristique in, tempus sit amet, sem. Fusce consequat. Nulla nisl. Nunc nisl.",$23.95,Switch,Fighting,"Gibson, Aufderhar and Kerluke",884,07/10/2012
342,VIVERRA DAPIBUS NULLA,"Nullam molestie nibh in lectus. Pellentesque at nulla. Suspendisse potenti. Cras in purus eu magna vulputate luctus. Cum sociis natoque penatibus et magnis dis parturient montes, nascetur ridiculus mus. Vivamus vestibulum sagittis sapien.",$8.57,PS5,Strategy,"Franecki, Raynor and Cormier",286,05/07/1997
343,VESTIBULUM SAGITTIS SAPIEN CUM,"Donec ut dolor. Morbi vel lectus in quam fringilla rhoncus. Mauris enim leo, rhoncus sed, vestibulum sit amet, cursus id, turpis. Integer aliquet, massa id lobortis convallis, tortor risus dapibus augue, vel accumsan tellus nisi eu orci. Mauris lacinia sapien quis libero. Nullam sit amet turpis elementum ligula vehicula consequat. Morbi a ipsum. Integer a nibh. In quis justo. Maecenas rhoncus aliquam lacus.",$1.80,PS5,Action,Thompson LLC,20,10/11/2001
344,EGESTAS METUS AENEAN FERMENTUM DONEC,"Fusce lacus purus, aliquet at, feugiat non, pretium quis, lectus. Suspendisse potenti. In eleifend quam a odio. In hac habitasse platea dictumst. Maecenas ut massa quis augue luctus tincidunt. Nulla mollis molestie lorem. Quisque ut erat. Curabitur gravida nisi at nibh. In hac habitasse platea dictumst. Aliquam augue quam, sollicitudin vitae, consectetuer eget, rutrum at, lorem.",$16.07,PS5,Survival,"Roob, Tillman and Romaguera",947,07/16/2002
345,SED MAGNA,"Cum sociis natoque penatibus et magnis dis parturient montes, nascetur ridiculus mus. Etiam vel augue.",$34.68,PC,Action,"Emard, Collins and Tromp",428,01/05/1997
346,ACCUMSAN TELLUS NISI,"Fusce lacus purus, aliquet at, feugiat non, pretium quis, lectus. Suspendisse potenti. In eleifend quam a odio. In hac habitasse platea dictumst.",$33.98,Switch,Puzzle,"McLaughlin, Rosenbaum and Zulauf",924,02/14/2011
347,MI PEDE,In hac habitasse platea dictumst. Maecenas ut massa quis augue luctus tincidunt. Nulla mollis molestie lorem. Quisque ut erat.,$30.26,PS5,Puzzle,Smitham and Sons,430,07/19/2005
348,SUSPENDISSE ACCUMSAN TORTOR QUIS,Duis aliquam convallis nunc.,$48.65,Switch,Sports,Nolan-Rowe,806,10/26/1998
349,ELEIFEND LUCTUS ULTRICIES EU,Nullam porttitor lacus at turpis. Donec posuere metus vitae ipsum.,$45.66,PS5,Adventure,"Schiller, Pollich and Rempel",196,11/13/2014
350,SOLLICITUDIN VITAE,"Cum sociis natoque penatibus et magnis dis parturient montes, nascetur ridiculus mus. Etiam vel augue. Vestibulum rutrum rutrum neque. Aenean auctor gravida sem. Praesent id massa id nisl venenatis lacinia. Aenean sit amet justo. Morbi ut odio. Cras mi pede, malesuada in, imperdiet et, commodo vulputate, justo. In blandit ultrices enim.",$13.18,Xbox,Role-playing,Labadie Inc,756,11/08/2023
351,MI PEDE,"Lorem ipsum dolor sit amet, consectetuer adipiscing elit. Proin interdum mauris non ligula pellentesque ultrices. Phasellus id sapien in sapien iaculis congue.",$30.10,Switch,Action,"Vandervort, White and Beer",981,01/06/1994
352,NULLA NUNC PURUS PHASELLUS,"Vestibulum quam sapien, varius ut, blandit non, interdum in, ante.",$8.39,PS5,Role-playing,"Harber, Homenick and Kessler",648,10/21/2019
353,ANTE VESTIBULUM ANTE IPSUM PRIMIS,"Maecenas tincidunt lacus at velit. Vivamus vel nulla eget eros elementum pellentesque. Quisque porta volutpat erat. Quisque erat eros, viverra eget, congue eget, semper rutrum, nulla.",$42.94,PC,Action,Wiegand-Batz,475,03/25/2021
354,SEMPER,Integer ac neque. Duis bibendum. Morbi non quam nec dui luctus rutrum. Nulla tellus. In sagittis dui vel nisl. Duis ac nibh.,$20.67,Switch,Racing,Wisoky-Hodkiewicz,56,02/13/2007
355,BLANDIT NAM NULLA INTEGER,Nulla ut erat id mauris vulputate elementum. Nullam varius. Nulla facilisi. Cras non velit nec nisi vulputate nonummy. Maecenas tincidunt lacus at velit.,$35.56,Xbox,Puzzle,"Beier, Sporer and Waters",778,04/13/2023
356,VESTIBULUM PROIN,Etiam justo. Etiam pretium iaculis justo.,$31.66,Switch,Action,Goyette and Sons,888,01/16/2024
357,EGET,Maecenas pulvinar lobortis est. Phasellus sit amet erat. Nulla tempus. Vivamus in felis eu sapien cursus vestibulum. Proin eu mi. Nulla ac enim.,$24.41,Xbox,Strategy,Marks-Mohr,500,06/13/2021
358,MI INTEGER AC NEQUE,"Nam ultrices, libero non mattis pulvinar, nulla pede ullamcorper augue, a suscipit nulla elit ac nulla.",$23.57,PS5,Rhythm,Senger Inc,876,10/05/2013
359,SCELERISQUE QUAM TURPIS ADIPISCING,Vestibulum ante ipsum primis in faucibus orci luctus et ultrices posuere cubilia Curae; Mauris viverra diam vitae quam. Suspendisse potenti. Nullam porttitor lacus at turpis. Donec posuere metus vitae ipsum. Aliquam non mauris.,$23.24,Switch,MMORPG,Fisher-Jacobs,206,02/24/2008
360,VOLUTPAT,"Cras non velit nec nisi vulputate nonummy. Maecenas tincidunt lacus at velit. Vivamus vel nulla eget eros elementum pellentesque. Quisque porta volutpat erat. Quisque erat eros, viverra eget, congue eget, semper rutrum, nulla. Nunc purus. Phasellus in felis.",$45.74,Switch,Puzzle,"Lesch, Boyle and Huel",813,06/22/1994
361,TORTOR,Aenean auctor gravida sem.,$54.02,Xbox,Fighting,"Bruen, Hodkiewicz and Sawayn",758,10/28/2017
362,RUTRUM,Morbi a ipsum. Integer a nibh. In quis justo. Maecenas rhoncus aliquam lacus. Morbi quis tortor id nulla ultrices aliquet.,$23.41,PS5,Fighting,"Dickens, Beer and Berge",162,01/08/2012
363,TINCIDUNT LACUS,"Mauris lacinia sapien quis libero. Nullam sit amet turpis elementum ligula vehicula consequat. Morbi a ipsum. Integer a nibh. In quis justo. Maecenas rhoncus aliquam lacus. Morbi quis tortor id nulla ultrices aliquet. Maecenas leo odio, condimentum id, luctus nec, molestie sed, justo. Pellentesque viverra pede ac diam. Cras pellentesque volutpat dui.",$57.43,PC,Puzzle,"Rogahn, Bartell and Braun",692,12/08/2013
364,TELLUS NULLA,"Curabitur gravida nisi at nibh. In hac habitasse platea dictumst. Aliquam augue quam, sollicitudin vitae, consectetuer eget, rutrum at, lorem. Integer tincidunt ante vel ipsum. Praesent blandit lacinia erat. Vestibulum sed magna at nunc commodo placerat. Praesent blandit. Nam nulla. Integer pede justo, lacinia eget, tincidunt eget, tempus vel, pede.",$40.46,PC,Platformer,Jacobi-Marquardt,456,02/07/2017
365,INTEGER A NIBH,"Vivamus vel nulla eget eros elementum pellentesque. Quisque porta volutpat erat. Quisque erat eros, viverra eget, congue eget, semper rutrum, nulla. Nunc purus. Phasellus in felis. Donec semper sapien a libero. Nam dui. Proin leo odio, porttitor id, consequat in, consequat ut, nulla.",$0.01,Xbox,Rhythm,"Stehr, Fay and Nitzsche",551,02/21/2020
366,A PEDE POSUERE,"Duis consequat dui nec nisi volutpat eleifend. Donec ut dolor. Morbi vel lectus in quam fringilla rhoncus. Mauris enim leo, rhoncus sed, vestibulum sit amet, cursus id, turpis. Integer aliquet, massa id lobortis convallis, tortor risus dapibus augue, vel accumsan tellus nisi eu orci. Mauris lacinia sapien quis libero. Nullam sit amet turpis elementum ligula vehicula consequat.",$42.37,Switch,MMORPG,"Wiegand, Schaden and Dibbert",183,10/21/2006
367,DUIS AC NIBH,Integer tincidunt ante vel ipsum. Praesent blandit lacinia erat. Vestibulum sed magna at nunc commodo placerat. Praesent blandit. Nam nulla.,$0.24,PC,MMORPG,Wolff-Hodkiewicz,855,12/03/2014
368,QUIS,Nam tristique tortor eu pede.,$57.20,Switch,Fighting,"Kulas, Ortiz and Schuster",327,10/11/2014
369,AT NIBH,In congue. Etiam justo. Etiam pretium iaculis justo. In hac habitasse platea dictumst. Etiam faucibus cursus urna. Ut tellus.,$56.36,Switch,Puzzle,Bradtke Inc,919,07/05/2004
370,TELLUS NISI EU ORCI MAURIS,"Ut at dolor quis odio consequat varius. Integer ac leo. Pellentesque ultrices mattis odio. Donec vitae nisi. Nam ultrices, libero non mattis pulvinar, nulla pede ullamcorper augue, a suscipit nulla elit ac nulla. Sed vel enim sit amet nunc viverra dapibus. Nulla suscipit ligula in lacus. Curabitur at ipsum ac tellus semper interdum.",$47.36,PC,Fighting,"Roob, Howe and Wyman",795,12/10/1998
371,HAC HABITASSE,Aenean sit amet justo.,$37.64,PC,Racing,Cormier-Price,461,08/21/2023
372,VESTIBULUM ALIQUET ULTRICES ERAT TORTOR,"Donec vitae nisi. Nam ultrices, libero non mattis pulvinar, nulla pede ullamcorper augue, a suscipit nulla elit ac nulla. Sed vel enim sit amet nunc viverra dapibus. Nulla suscipit ligula in lacus.",$48.11,PS5,Platformer,"Thompson, Howe and Kunde",607,03/10/2006
373,IPSUM AC TELLUS SEMPER,Etiam pretium iaculis justo. In hac habitasse platea dictumst.,$6.49,PS5,Simulation,"Douglas, Morissette and Abbott",642,08/23/2003
374,AMET NUNC VIVERRA DAPIBUS,"Cras non velit nec nisi vulputate nonummy. Maecenas tincidunt lacus at velit. Vivamus vel nulla eget eros elementum pellentesque. Quisque porta volutpat erat. Quisque erat eros, viverra eget, congue eget, semper rutrum, nulla. Nunc purus. Phasellus in felis. Donec semper sapien a libero. Nam dui.",$9.76,PS5,Rhythm,Wehner and Sons,80,12/29/2012
375,ID LIGULA SUSPENDISSE ORNARE CONSEQUAT,"Phasellus in felis. Donec semper sapien a libero. Nam dui. Proin leo odio, porttitor id, consequat in, consequat ut, nulla. Sed accumsan felis. Ut at dolor quis odio consequat varius.",$30.75,PS5,Role-playing,Upton Inc,93,04/09/2009
376,NULLA NISL NUNC NISL,Etiam justo. Etiam pretium iaculis justo. In hac habitasse platea dictumst. Etiam faucibus cursus urna. Ut tellus. Nulla ut erat id mauris vulputate elementum. Nullam varius. Nulla facilisi. Cras non velit nec nisi vulputate nonummy.,$31.26,Switch,Adventure,Williamson and Sons,502,09/07/2019
377,HAC HABITASSE PLATEA DICTUMST,"Nam nulla. Integer pede justo, lacinia eget, tincidunt eget, tempus vel, pede. Morbi porttitor lorem id ligula.",$6.56,Switch,Racing,Bartoletti-Fay,214,03/17/2009
378,ANTE,"In est risus, auctor sed, tristique in, tempus sit amet, sem. Fusce consequat. Nulla nisl. Nunc nisl. Duis bibendum, felis sed interdum venenatis, turpis enim blandit mi, in porttitor pede justo eu massa. Donec dapibus. Duis at velit eu est congue elementum. In hac habitasse platea dictumst.",$38.90,Switch,Adventure,Cormier Group,840,02/16/1998
379,UT TELLUS,"Nam congue, risus semper porta volutpat, quam pede lobortis ligula, sit amet eleifend pede libero quis orci. Nullam molestie nibh in lectus. Pellentesque at nulla. Suspendisse potenti. Cras in purus eu magna vulputate luctus. Cum sociis natoque penatibus et magnis dis parturient montes, nascetur ridiculus mus. Vivamus vestibulum sagittis sapien. Cum sociis natoque penatibus et magnis dis parturient montes, nascetur ridiculus mus. Etiam vel augue.",$23.70,PC,Racing,Kautzer-VonRueden,920,12/09/2011
380,SAPIEN PLACERAT ANTE NULLA,Maecenas pulvinar lobortis est.,$9.45,PC,Puzzle,Mann LLC,327,01/29/2024
381,LECTUS PELLENTESQUE EGET NUNC DONEC,"Nulla tellus. In sagittis dui vel nisl. Duis ac nibh. Fusce lacus purus, aliquet at, feugiat non, pretium quis, lectus. Suspendisse potenti. In eleifend quam a odio. In hac habitasse platea dictumst. Maecenas ut massa quis augue luctus tincidunt. Nulla mollis molestie lorem. Quisque ut erat.",$55.91,Switch,Platformer,Kris-MacGyver,146,06/14/2024
382,VESTIBULUM SAGITTIS SAPIEN CUM SOCIIS,"Nam dui. Proin leo odio, porttitor id, consequat in, consequat ut, nulla. Sed accumsan felis. Ut at dolor quis odio consequat varius. Integer ac leo. Pellentesque ultrices mattis odio. Donec vitae nisi.",$12.98,PS5,Role-playing,"Bode, Lemke and Hamill",951,04/20/2005
383,A LIBERO NAM DUI PROIN,"Proin eu mi. Nulla ac enim. In tempor, turpis nec euismod scelerisque, quam turpis adipiscing lorem, vitae mattis nibh ligula nec sem. Duis aliquam convallis nunc. Proin at turpis a pede posuere nonummy.",$28.31,Switch,Rhythm,Hyatt Group,147,05/07/2009
384,VITAE NISI NAM,"Nullam orci pede, venenatis non, sodales sed, tincidunt eu, felis.",$35.44,Xbox,Puzzle,Welch-Walter,538,12/27/1997
385,PELLENTESQUE EGET NUNC DONEC QUIS,"Nulla tellus. In sagittis dui vel nisl. Duis ac nibh. Fusce lacus purus, aliquet at, feugiat non, pretium quis, lectus.",$22.00,PS5,Survival,Keebler LLC,364,05/15/2014
386,AMET NUNC VIVERRA DAPIBUS NULLA,"Sed accumsan felis. Ut at dolor quis odio consequat varius. Integer ac leo. Pellentesque ultrices mattis odio. Donec vitae nisi. Nam ultrices, libero non mattis pulvinar, nulla pede ullamcorper augue, a suscipit nulla elit ac nulla. Sed vel enim sit amet nunc viverra dapibus. Nulla suscipit ligula in lacus. Curabitur at ipsum ac tellus semper interdum. Mauris ullamcorper purus sit amet nulla.",$47.89,Xbox,Strategy,Nienow and Sons,334,04/24/2014
387,SED TINCIDUNT EU FELIS FUSCE,"Nullam molestie nibh in lectus. Pellentesque at nulla. Suspendisse potenti. Cras in purus eu magna vulputate luctus. Cum sociis natoque penatibus et magnis dis parturient montes, nascetur ridiculus mus. Vivamus vestibulum sagittis sapien. Cum sociis natoque penatibus et magnis dis parturient montes, nascetur ridiculus mus.",$3.20,PS5,MMORPG,Hilpert-Farrell,937,04/08/1999
388,LIBERO,"Vestibulum rutrum rutrum neque. Aenean auctor gravida sem. Praesent id massa id nisl venenatis lacinia. Aenean sit amet justo. Morbi ut odio. Cras mi pede, malesuada in, imperdiet et, commodo vulputate, justo. In blandit ultrices enim. Lorem ipsum dolor sit amet, consectetuer adipiscing elit.",$15.50,Switch,Adventure,"Pfannerstill, Heaney and Wehner",61,07/11/2020
389,CUBILIA CURAE NULLA,"Nullam porttitor lacus at turpis. Donec posuere metus vitae ipsum. Aliquam non mauris. Morbi non lectus. Aliquam sit amet diam in magna bibendum imperdiet. Nullam orci pede, venenatis non, sodales sed, tincidunt eu, felis. Fusce posuere felis sed lacus. Morbi sem mauris, laoreet ut, rhoncus aliquet, pulvinar sed, nisl.",$25.72,PC,Simulation,Swaniawski-Jaskolski,971,10/18/2021
390,VEL PEDE MORBI PORTTITOR,"Nulla neque libero, convallis eget, eleifend luctus, ultricies eu, nibh. Quisque id justo sit amet sapien dignissim vestibulum. Vestibulum ante ipsum primis in faucibus orci luctus et ultrices posuere cubilia Curae; Nulla dapibus dolor vel est. Donec odio justo, sollicitudin ut, suscipit a, feugiat et, eros. Vestibulum ac est lacinia nisi venenatis tristique. Fusce congue, diam id ornare imperdiet, sapien urna pretium nisl, ut volutpat sapien arcu sed augue. Aliquam erat volutpat. In congue.",$18.35,PS5,Survival,Haley Group,515,10/01/2024
391,AMET EROS SUSPENDISSE ACCUMSAN,"Proin at turpis a pede posuere nonummy. Integer non velit. Donec diam neque, vestibulum eget, vulputate ut, ultrices vel, augue. Vestibulum ante ipsum primis in faucibus orci luctus et ultrices posuere cubilia Curae; Donec pharetra, magna vestibulum aliquet ultrices, erat tortor sollicitudin mi, sit amet lobortis sapien sapien non mi. Integer ac neque. Duis bibendum. Morbi non quam nec dui luctus rutrum.",$39.41,Xbox,Racing,Grimes-Beahan,199,03/12/2014
392,TORTOR EU PEDE,"Nulla tellus. In sagittis dui vel nisl. Duis ac nibh. Fusce lacus purus, aliquet at, feugiat non, pretium quis, lectus. Suspendisse potenti.",$57.32,PC,Racing,Breitenberg Group,813,03/06/2002
393,DIAM NEQUE VESTIBULUM,"Donec posuere metus vitae ipsum. Aliquam non mauris. Morbi non lectus. Aliquam sit amet diam in magna bibendum imperdiet. Nullam orci pede, venenatis non, sodales sed, tincidunt eu, felis. Fusce posuere felis sed lacus. Morbi sem mauris, laoreet ut, rhoncus aliquet, pulvinar sed, nisl. Nunc rhoncus dui vel sem.",$38.12,PS5,Survival,Carter-Morissette,850,06/21/2001
394,IPSUM,Pellentesque eget nunc. Donec quis orci eget orci vehicula condimentum.,$3.57,PS5,Rhythm,Boyle Inc,331,04/02/1996
395,A PEDE POSUERE,Vestibulum ante ipsum primis in faucibus orci luctus et ultrices posuere cubilia Curae; Duis faucibus accumsan odio. Curabitur convallis. Duis consequat dui nec nisi volutpat eleifend.,$30.54,Switch,Strategy,Kemmer-Price,553,11/30/2003
396,ULTRICES,"Vestibulum ante ipsum primis in faucibus orci luctus et ultrices posuere cubilia Curae; Donec pharetra, magna vestibulum aliquet ultrices, erat tortor sollicitudin mi, sit amet lobortis sapien sapien non mi. Integer ac neque. Duis bibendum. Morbi non quam nec dui luctus rutrum. Nulla tellus. In sagittis dui vel nisl. Duis ac nibh. Fusce lacus purus, aliquet at, feugiat non, pretium quis, lectus.",$50.51,PC,Puzzle,O'Keefe-Spinka,804,09/09/2011
397,DUIS FAUCIBUS ACCUMSAN,"Vestibulum ante ipsum primis in faucibus orci luctus et ultrices posuere cubilia Curae; Donec pharetra, magna vestibulum aliquet ultrices, erat tortor sollicitudin mi, sit amet lobortis sapien sapien non mi. Integer ac neque. Duis bibendum.",$21.61,PC,Sports,Casper LLC,626,08/27/1999
398,EU PEDE,"Integer tincidunt ante vel ipsum. Praesent blandit lacinia erat. Vestibulum sed magna at nunc commodo placerat. Praesent blandit. Nam nulla. Integer pede justo, lacinia eget, tincidunt eget, tempus vel, pede. Morbi porttitor lorem id ligula. Suspendisse ornare consequat lectus. In est risus, auctor sed, tristique in, tempus sit amet, sem. Fusce consequat.",$34.01,PC,Survival,Sanford Inc,161,06/23/1995
399,AT LOREM,Phasellus in felis. Donec semper sapien a libero.,$49.01,PC,Fighting,Mosciski-McGlynn,90,09/21/2024
400,LUCTUS NEC MOLESTIE,"Duis aliquam convallis nunc. Proin at turpis a pede posuere nonummy. Integer non velit. Donec diam neque, vestibulum eget, vulputate ut, ultrices vel, augue. Vestibulum ante ipsum primis in faucibus orci luctus et ultrices posuere cubilia Curae; Donec pharetra, magna vestibulum aliquet ultrices, erat tortor sollicitudin mi, sit amet lobortis sapien sapien non mi. Integer ac neque. Duis bibendum.",$14.06,PS5,Stealth,Langosh-Durgan,929,11/14/2022
401,PELLENTESQUE QUISQUE PORTA,Nulla nisl. Nunc nisl.,$55.45,Switch,Rhythm,McDermott-Bahringer,43,08/07/1995
402,NON,Sed accumsan felis. Ut at dolor quis odio consequat varius. Integer ac leo. Pellentesque ultrices mattis odio.,$30.04,Switch,Horror,"Lesch, Schaefer and Braun",75,07/31/2006
403,TURPIS A,Maecenas pulvinar lobortis est. Phasellus sit amet erat. Nulla tempus. Vivamus in felis eu sapien cursus vestibulum.,$27.21,PS5,MMORPG,Morar Group,766,07/29/2007
404,EU ORCI,Integer a nibh. In quis justo.,$11.22,PC,Racing,Powlowski-Jaskolski,691,06/16/2016
405,AT LOREM INTEGER,"Nam dui. Proin leo odio, porttitor id, consequat in, consequat ut, nulla. Sed accumsan felis. Ut at dolor quis odio consequat varius. Integer ac leo. Pellentesque ultrices mattis odio. Donec vitae nisi. Nam ultrices, libero non mattis pulvinar, nulla pede ullamcorper augue, a suscipit nulla elit ac nulla. Sed vel enim sit amet nunc viverra dapibus.",$25.48,Switch,Survival,O'Kon-Schmeler,128,09/15/2006
406,AT,"Curabitur in libero ut massa volutpat convallis. Morbi odio odio, elementum eu, interdum eu, tincidunt in, leo. Maecenas pulvinar lobortis est. Phasellus sit amet erat. Nulla tempus. Vivamus in felis eu sapien cursus vestibulum. Proin eu mi. Nulla ac enim. In tempor, turpis nec euismod scelerisque, quam turpis adipiscing lorem, vitae mattis nibh ligula nec sem.",$31.40,PC,Role-playing,"Hodkiewicz, Bergnaum and Wiegand",610,08/13/2002
407,ERAT FERMENTUM JUSTO NEC CONDIMENTUM,"Nullam molestie nibh in lectus. Pellentesque at nulla. Suspendisse potenti. Cras in purus eu magna vulputate luctus. Cum sociis natoque penatibus et magnis dis parturient montes, nascetur ridiculus mus. Vivamus vestibulum sagittis sapien.",$30.51,PC,Rhythm,Heller Group,554,09/27/2004
408,NULLA TEMPUS VIVAMUS IN FELIS,Donec dapibus. Duis at velit eu est congue elementum.,$36.29,Switch,Puzzle,Schaefer-Mueller,317,07/26/1998
409,DOLOR QUIS ODIO CONSEQUAT VARIUS,Ut at dolor quis odio consequat varius. Integer ac leo.,$54.54,PC,Role-playing,Goldner-Rodriguez,633,11/07/2006
410,POTENTI CRAS IN,"Donec posuere metus vitae ipsum. Aliquam non mauris. Morbi non lectus. Aliquam sit amet diam in magna bibendum imperdiet. Nullam orci pede, venenatis non, sodales sed, tincidunt eu, felis. Fusce posuere felis sed lacus. Morbi sem mauris, laoreet ut, rhoncus aliquet, pulvinar sed, nisl. Nunc rhoncus dui vel sem.",$34.61,PS5,Sports,Leffler-Hansen,302,01/29/2017
411,FAUCIBUS,"Aenean auctor gravida sem. Praesent id massa id nisl venenatis lacinia. Aenean sit amet justo. Morbi ut odio. Cras mi pede, malesuada in, imperdiet et, commodo vulputate, justo. In blandit ultrices enim. Lorem ipsum dolor sit amet, consectetuer adipiscing elit. Proin interdum mauris non ligula pellentesque ultrices. Phasellus id sapien in sapien iaculis congue. Vivamus metus arcu, adipiscing molestie, hendrerit at, vulputate vitae, nisl.",$39.64,PC,Fighting,"McLaughlin, Hahn and Volkman",673,08/08/2023
412,IN MAGNA BIBENDUM IMPERDIET NULLAM,Duis consequat dui nec nisi volutpat eleifend. Donec ut dolor.,$17.84,PS5,Puzzle,"Hahn, Hodkiewicz and Reynolds",756,02/21/2005
413,ULTRICES,"Vestibulum quam sapien, varius ut, blandit non, interdum in, ante. Vestibulum ante ipsum primis in faucibus orci luctus et ultrices posuere cubilia Curae; Duis faucibus accumsan odio. Curabitur convallis. Duis consequat dui nec nisi volutpat eleifend. Donec ut dolor.",$56.35,PC,Stealth,"Stoltenberg, Welch and Bernhard",440,06/14/1996
414,NEQUE,"Vestibulum quam sapien, varius ut, blandit non, interdum in, ante. Vestibulum ante ipsum primis in faucibus orci luctus et ultrices posuere cubilia Curae; Duis faucibus accumsan odio. Curabitur convallis. Duis consequat dui nec nisi volutpat eleifend. Donec ut dolor. Morbi vel lectus in quam fringilla rhoncus.",$36.33,PS5,Adventure,McKenzie Inc,387,05/22/2005
415,QUAM NEC DUI LUCTUS RUTRUM,"Fusce posuere felis sed lacus. Morbi sem mauris, laoreet ut, rhoncus aliquet, pulvinar sed, nisl. Nunc rhoncus dui vel sem. Sed sagittis. Nam congue, risus semper porta volutpat, quam pede lobortis ligula, sit amet eleifend pede libero quis orci. Nullam molestie nibh in lectus. Pellentesque at nulla.",$11.51,Switch,Role-playing,Harvey Group,857,12/01/2018
416,VITAE NISI,Mauris sit amet eros. Suspendisse accumsan tortor quis turpis. Sed ante. Vivamus tortor. Duis mattis egestas metus. Aenean fermentum.,$19.70,Xbox,Survival,"Berge, Nienow and Grimes",35,06/14/2013
417,SED,"In hac habitasse platea dictumst. Aliquam augue quam, sollicitudin vitae, consectetuer eget, rutrum at, lorem. Integer tincidunt ante vel ipsum. Praesent blandit lacinia erat. Vestibulum sed magna at nunc commodo placerat.",$50.41,Xbox,Survival,Lubowitz Inc,239,10/21/2001
418,ADIPISCING ELIT,"Morbi porttitor lorem id ligula. Suspendisse ornare consequat lectus. In est risus, auctor sed, tristique in, tempus sit amet, sem. Fusce consequat. Nulla nisl. Nunc nisl. Duis bibendum, felis sed interdum venenatis, turpis enim blandit mi, in porttitor pede justo eu massa. Donec dapibus. Duis at velit eu est congue elementum.",$4.46,Xbox,Rhythm,"Denesik, Armstrong and Mosciski",75,09/15/2002
419,TORTOR RISUS,"Vestibulum sed magna at nunc commodo placerat. Praesent blandit. Nam nulla. Integer pede justo, lacinia eget, tincidunt eget, tempus vel, pede. Morbi porttitor lorem id ligula. Suspendisse ornare consequat lectus. In est risus, auctor sed, tristique in, tempus sit amet, sem. Fusce consequat. Nulla nisl.",$22.37,PC,Racing,"Tromp, Okuneva and Corwin",538,04/30/2022
420,ODIO CRAS MI,"Morbi sem mauris, laoreet ut, rhoncus aliquet, pulvinar sed, nisl. Nunc rhoncus dui vel sem. Sed sagittis. Nam congue, risus semper porta volutpat, quam pede lobortis ligula, sit amet eleifend pede libero quis orci. Nullam molestie nibh in lectus.",$58.45,PC,Simulation,Reilly Inc,385,09/28/2018
421,SIT AMET,"Nulla tellus. In sagittis dui vel nisl. Duis ac nibh. Fusce lacus purus, aliquet at, feugiat non, pretium quis, lectus. Suspendisse potenti. In eleifend quam a odio. In hac habitasse platea dictumst. Maecenas ut massa quis augue luctus tincidunt.",$34.71,Xbox,Puzzle,Rempel-Senger,838,06/20/2001
422,HENDRERIT AT VULPUTATE VITAE,"Mauris lacinia sapien quis libero. Nullam sit amet turpis elementum ligula vehicula consequat. Morbi a ipsum. Integer a nibh. In quis justo. Maecenas rhoncus aliquam lacus. Morbi quis tortor id nulla ultrices aliquet. Maecenas leo odio, condimentum id, luctus nec, molestie sed, justo. Pellentesque viverra pede ac diam.",$52.84,PC,Survival,Wolff-Reichel,17,04/24/2023
423,SAPIEN A LIBERO,"Maecenas tristique, est et tempus semper, est quam pharetra magna, ac consequat metus sapien ut nunc. Vestibulum ante ipsum primis in faucibus orci luctus et ultrices posuere cubilia Curae; Mauris viverra diam vitae quam. Suspendisse potenti. Nullam porttitor lacus at turpis.",$8.37,PS5,Action,Friesen Inc,244,06/08/1995
424,NULLA,"Aenean auctor gravida sem. Praesent id massa id nisl venenatis lacinia. Aenean sit amet justo. Morbi ut odio. Cras mi pede, malesuada in, imperdiet et, commodo vulputate, justo. In blandit ultrices enim. Lorem ipsum dolor sit amet, consectetuer adipiscing elit.",$14.75,PS5,MMORPG,Zboncak-Hermiston,302,05/10/2019
425,ALIQUET AT FEUGIAT NON,"Sed ante. Vivamus tortor. Duis mattis egestas metus. Aenean fermentum. Donec ut mauris eget massa tempor convallis. Nulla neque libero, convallis eget, eleifend luctus, ultricies eu, nibh.",$8.00,PC,Adventure,Reynolds and Sons,173,02/28/1997
426,NISI VULPUTATE,"Nam ultrices, libero non mattis pulvinar, nulla pede ullamcorper augue, a suscipit nulla elit ac nulla. Sed vel enim sit amet nunc viverra dapibus. Nulla suscipit ligula in lacus. Curabitur at ipsum ac tellus semper interdum. Mauris ullamcorper purus sit amet nulla. Quisque arcu libero, rutrum ac, lobortis vel, dapibus at, diam. Nam tristique tortor eu pede.",$2.87,PS5,Role-playing,Kirlin-Bosco,743,02/13/1995
427,NULLA UT,Sed accumsan felis. Ut at dolor quis odio consequat varius. Integer ac leo. Pellentesque ultrices mattis odio.,$18.95,Switch,Rhythm,"Rempel, Lehner and Klein",593,10/25/2004
428,NISL AENEAN LECTUS PELLENTESQUE,"In tempor, turpis nec euismod scelerisque, quam turpis adipiscing lorem, vitae mattis nibh ligula nec sem. Duis aliquam convallis nunc. Proin at turpis a pede posuere nonummy. Integer non velit. Donec diam neque, vestibulum eget, vulputate ut, ultrices vel, augue. Vestibulum ante ipsum primis in faucibus orci luctus et ultrices posuere cubilia Curae; Donec pharetra, magna vestibulum aliquet ultrices, erat tortor sollicitudin mi, sit amet lobortis sapien sapien non mi.",$26.78,Xbox,Survival,Jones-Cole,951,10/02/2018
429,EGET RUTRUM,"Vivamus metus arcu, adipiscing molestie, hendrerit at, vulputate vitae, nisl. Aenean lectus.",$16.19,PC,MMORPG,Turner-Kemmer,373,12/01/2009
430,LUCTUS NEC MOLESTIE SED JUSTO,"Vivamus metus arcu, adipiscing molestie, hendrerit at, vulputate vitae, nisl. Aenean lectus. Pellentesque eget nunc. Donec quis orci eget orci vehicula condimentum. Curabitur in libero ut massa volutpat convallis. Morbi odio odio, elementum eu, interdum eu, tincidunt in, leo. Maecenas pulvinar lobortis est. Phasellus sit amet erat. Nulla tempus. Vivamus in felis eu sapien cursus vestibulum.",$25.20,Xbox,Sports,Ebert Inc,508,11/01/2017
431,LECTUS PELLENTESQUE,Etiam pretium iaculis justo. In hac habitasse platea dictumst. Etiam faucibus cursus urna. Ut tellus. Nulla ut erat id mauris vulputate elementum. Nullam varius. Nulla facilisi. Cras non velit nec nisi vulputate nonummy. Maecenas tincidunt lacus at velit.,$13.68,Xbox,Role-playing,"Wilderman, Larkin and Marvin",307,03/26/2012
432,NULLA,"Lorem ipsum dolor sit amet, consectetuer adipiscing elit. Proin interdum mauris non ligula pellentesque ultrices. Phasellus id sapien in sapien iaculis congue. Vivamus metus arcu, adipiscing molestie, hendrerit at, vulputate vitae, nisl. Aenean lectus. Pellentesque eget nunc. Donec quis orci eget orci vehicula condimentum. Curabitur in libero ut massa volutpat convallis.",$30.82,Switch,Rhythm,Marks Inc,178,02/10/2017
433,NEC NISI VOLUTPAT ELEIFEND DONEC,"Nullam orci pede, venenatis non, sodales sed, tincidunt eu, felis. Fusce posuere felis sed lacus.",$46.98,Switch,Racing,Pollich-Keebler,544,04/02/2016
434,DOLOR SIT AMET CONSECTETUER,"Nullam porttitor lacus at turpis. Donec posuere metus vitae ipsum. Aliquam non mauris. Morbi non lectus. Aliquam sit amet diam in magna bibendum imperdiet. Nullam orci pede, venenatis non, sodales sed, tincidunt eu, felis. Fusce posuere felis sed lacus. Morbi sem mauris, laoreet ut, rhoncus aliquet, pulvinar sed, nisl.",$14.28,Xbox,Simulation,Lynch Group,582,03/07/2012
435,ALIQUAM AUGUE,Praesent id massa id nisl venenatis lacinia. Aenean sit amet justo. Morbi ut odio.,$50.28,PS5,Action,Emard Inc,216,07/22/2014
436,VIVAMUS IN,"Duis consequat dui nec nisi volutpat eleifend. Donec ut dolor. Morbi vel lectus in quam fringilla rhoncus. Mauris enim leo, rhoncus sed, vestibulum sit amet, cursus id, turpis.",$29.40,PC,Stealth,Boehm and Sons,141,03/03/2007
437,ALIQUAM ERAT VOLUTPAT IN,"Donec ut mauris eget massa tempor convallis. Nulla neque libero, convallis eget, eleifend luctus, ultricies eu, nibh. Quisque id justo sit amet sapien dignissim vestibulum.",$37.59,PS5,Sports,Abernathy LLC,98,08/09/2005
438,PENATIBUS ET MAGNIS DIS PARTURIENT,"Nunc rhoncus dui vel sem. Sed sagittis. Nam congue, risus semper porta volutpat, quam pede lobortis ligula, sit amet eleifend pede libero quis orci. Nullam molestie nibh in lectus.",$20.90,Xbox,Survival,Kautzer-Kilback,259,10/15/2016
439,SUSPENDISSE ORNARE CONSEQUAT,"Donec semper sapien a libero. Nam dui. Proin leo odio, porttitor id, consequat in, consequat ut, nulla. Sed accumsan felis. Ut at dolor quis odio consequat varius.",$2.93,PS5,Survival,"O'Keefe, Stokes and MacGyver",407,08/19/2006
440,IPSUM AC TELLUS,"Nulla nisl. Nunc nisl. Duis bibendum, felis sed interdum venenatis, turpis enim blandit mi, in porttitor pede justo eu massa. Donec dapibus. Duis at velit eu est congue elementum. In hac habitasse platea dictumst. Morbi vestibulum, velit id pretium iaculis, diam erat fermentum justo, nec condimentum neque sapien placerat ante. Nulla justo. Aliquam quis turpis eget elit sodales scelerisque.",$55.47,PC,Sports,Gerhold and Sons,104,04/21/2015
441,TURPIS ENIM BLANDIT MI IN,"Cum sociis natoque penatibus et magnis dis parturient montes, nascetur ridiculus mus. Vivamus vestibulum sagittis sapien.",$53.75,PS5,Stealth,Stoltenberg and Sons,85,04/12/2004
442,VULPUTATE UT ULTRICES VEL AUGUE,"In blandit ultrices enim. Lorem ipsum dolor sit amet, consectetuer adipiscing elit. Proin interdum mauris non ligula pellentesque ultrices. Phasellus id sapien in sapien iaculis congue. Vivamus metus arcu, adipiscing molestie, hendrerit at, vulputate vitae, nisl. Aenean lectus. Pellentesque eget nunc. Donec quis orci eget orci vehicula condimentum. Curabitur in libero ut massa volutpat convallis.",$49.07,PS5,Racing,Kreiger-Kertzmann,796,08/22/2004
443,RISUS AUCTOR SED TRISTIQUE IN,"Nulla ac enim. In tempor, turpis nec euismod scelerisque, quam turpis adipiscing lorem, vitae mattis nibh ligula nec sem. Duis aliquam convallis nunc. Proin at turpis a pede posuere nonummy. Integer non velit. Donec diam neque, vestibulum eget, vulputate ut, ultrices vel, augue. Vestibulum ante ipsum primis in faucibus orci luctus et ultrices posuere cubilia Curae; Donec pharetra, magna vestibulum aliquet ultrices, erat tortor sollicitudin mi, sit amet lobortis sapien sapien non mi. Integer ac neque. Duis bibendum. Morbi non quam nec dui luctus rutrum.",$38.06,Xbox,Rhythm,Bergnaum LLC,336,12/06/1995
444,IN SAGITTIS DUI VEL,Etiam justo. Etiam pretium iaculis justo. In hac habitasse platea dictumst. Etiam faucibus cursus urna.,$9.72,Xbox,MMORPG,Rodriguez and Sons,155,07/19/2019
445,NAM,"Pellentesque at nulla. Suspendisse potenti. Cras in purus eu magna vulputate luctus. Cum sociis natoque penatibus et magnis dis parturient montes, nascetur ridiculus mus. Vivamus vestibulum sagittis sapien.",$30.00,PC,Stealth,Hane Inc,596,01/31/1994
446,LEO PELLENTESQUE ULTRICES MATTIS ODIO,"In hac habitasse platea dictumst. Aliquam augue quam, sollicitudin vitae, consectetuer eget, rutrum at, lorem. Integer tincidunt ante vel ipsum.",$25.70,PC,Fighting,Nader-Borer,318,09/26/1999
447,VIVAMUS TORTOR DUIS,Vestibulum rutrum rutrum neque.,$45.34,PC,Adventure,"Kshlerin, Fadel and Murphy",32,07/25/2024
448,TURPIS A PEDE POSUERE,"Integer pede justo, lacinia eget, tincidunt eget, tempus vel, pede. Morbi porttitor lorem id ligula. Suspendisse ornare consequat lectus. In est risus, auctor sed, tristique in, tempus sit amet, sem. Fusce consequat.",$4.76,Switch,Fighting,Gottlieb-Swift,422,01/25/2016
449,NULLA NUNC PURUS PHASELLUS IN,"Nullam porttitor lacus at turpis. Donec posuere metus vitae ipsum. Aliquam non mauris. Morbi non lectus. Aliquam sit amet diam in magna bibendum imperdiet. Nullam orci pede, venenatis non, sodales sed, tincidunt eu, felis. Fusce posuere felis sed lacus. Morbi sem mauris, laoreet ut, rhoncus aliquet, pulvinar sed, nisl. Nunc rhoncus dui vel sem.",$46.21,PC,Role-playing,"Russel, Turcotte and Morissette",178,09/25/2015
450,VEL,"Donec odio justo, sollicitudin ut, suscipit a, feugiat et, eros.",$38.59,Switch,Sports,"Considine, Lind and Towne",650,09/06/1999
451,BLANDIT NAM,"Morbi ut odio. Cras mi pede, malesuada in, imperdiet et, commodo vulputate, justo. In blandit ultrices enim. Lorem ipsum dolor sit amet, consectetuer adipiscing elit. Proin interdum mauris non ligula pellentesque ultrices. Phasellus id sapien in sapien iaculis congue. Vivamus metus arcu, adipiscing molestie, hendrerit at, vulputate vitae, nisl. Aenean lectus. Pellentesque eget nunc. Donec quis orci eget orci vehicula condimentum.",$29.76,PS5,Role-playing,"Carroll, Reichel and Rippin",856,10/02/2008
452,LECTUS IN QUAM FRINGILLA,"Cras mi pede, malesuada in, imperdiet et, commodo vulputate, justo.",$18.86,Switch,Stealth,Bernhard-Leuschke,971,12/03/1999
453,POSUERE,"Vivamus vestibulum sagittis sapien. Cum sociis natoque penatibus et magnis dis parturient montes, nascetur ridiculus mus. Etiam vel augue. Vestibulum rutrum rutrum neque. Aenean auctor gravida sem.",$54.00,PC,Sports,Keebler Inc,259,08/27/2005
454,NULLA ELIT,"Donec semper sapien a libero. Nam dui. Proin leo odio, porttitor id, consequat in, consequat ut, nulla.",$43.03,Switch,Platformer,Powlowski Group,446,03/21/2021
455,ET MAGNIS,Nulla ut erat id mauris vulputate elementum. Nullam varius. Nulla facilisi. Cras non velit nec nisi vulputate nonummy. Maecenas tincidunt lacus at velit. Vivamus vel nulla eget eros elementum pellentesque.,$15.18,PS5,Fighting,Spencer Group,883,03/02/2011
456,VEL DAPIBUS,"Nullam orci pede, venenatis non, sodales sed, tincidunt eu, felis. Fusce posuere felis sed lacus. Morbi sem mauris, laoreet ut, rhoncus aliquet, pulvinar sed, nisl. Nunc rhoncus dui vel sem. Sed sagittis. Nam congue, risus semper porta volutpat, quam pede lobortis ligula, sit amet eleifend pede libero quis orci. Nullam molestie nibh in lectus. Pellentesque at nulla. Suspendisse potenti. Cras in purus eu magna vulputate luctus.",$38.09,PS5,Simulation,"Nikolaus, Feest and Jones",658,12/31/2011
457,LUCTUS ET ULTRICES POSUERE,Sed accumsan felis. Ut at dolor quis odio consequat varius. Integer ac leo. Pellentesque ultrices mattis odio.,$20.37,Switch,Simulation,"Stanton, Robel and Gibson",571,02/08/2021
458,SEMPER,"Phasellus in felis. Donec semper sapien a libero. Nam dui. Proin leo odio, porttitor id, consequat in, consequat ut, nulla. Sed accumsan felis. Ut at dolor quis odio consequat varius.",$12.79,PC,Horror,"Jacobson, Schaefer and Dooley",384,06/14/2019
459,INTERDUM EU TINCIDUNT IN,"Vestibulum quam sapien, varius ut, blandit non, interdum in, ante.",$35.23,PC,Platformer,Hamill-Hirthe,487,05/04/1997
460,LACINIA,Praesent blandit. Nam nulla.,$20.63,PC,Simulation,Shields Inc,721,05/23/1994
461,BLANDIT LACINIA ERAT,"Cras non velit nec nisi vulputate nonummy. Maecenas tincidunt lacus at velit. Vivamus vel nulla eget eros elementum pellentesque. Quisque porta volutpat erat. Quisque erat eros, viverra eget, congue eget, semper rutrum, nulla. Nunc purus. Phasellus in felis. Donec semper sapien a libero. Nam dui. Proin leo odio, porttitor id, consequat in, consequat ut, nulla.",$2.85,Xbox,Rhythm,"Block, Maggio and Stiedemann",790,10/19/2000
462,MORBI,"Nunc rhoncus dui vel sem. Sed sagittis. Nam congue, risus semper porta volutpat, quam pede lobortis ligula, sit amet eleifend pede libero quis orci. Nullam molestie nibh in lectus. Pellentesque at nulla. Suspendisse potenti. Cras in purus eu magna vulputate luctus. Cum sociis natoque penatibus et magnis dis parturient montes, nascetur ridiculus mus. Vivamus vestibulum sagittis sapien.",$25.27,PC,Platformer,Larson LLC,625,10/20/2007
463,LOBORTIS,"Vestibulum ac est lacinia nisi venenatis tristique. Fusce congue, diam id ornare imperdiet, sapien urna pretium nisl, ut volutpat sapien arcu sed augue. Aliquam erat volutpat. In congue. Etiam justo. Etiam pretium iaculis justo. In hac habitasse platea dictumst. Etiam faucibus cursus urna. Ut tellus.",$44.17,PS5,Role-playing,Stamm-Schulist,175,11/13/1994
464,DOLOR MORBI VEL LECTUS,"Nam congue, risus semper porta volutpat, quam pede lobortis ligula, sit amet eleifend pede libero quis orci.",$1.09,Switch,Rhythm,"Hackett, Welch and Fadel",277,05/09/2003
465,JUSTO MAECENAS RHONCUS ALIQUAM,"Cum sociis natoque penatibus et magnis dis parturient montes, nascetur ridiculus mus. Vivamus vestibulum sagittis sapien.",$29.77,PS5,Horror,Kemmer-Marks,757,11/24/1997
466,CURAE DONEC PHARETRA MAGNA,"Morbi vel lectus in quam fringilla rhoncus. Mauris enim leo, rhoncus sed, vestibulum sit amet, cursus id, turpis. Integer aliquet, massa id lobortis convallis, tortor risus dapibus augue, vel accumsan tellus nisi eu orci. Mauris lacinia sapien quis libero. Nullam sit amet turpis elementum ligula vehicula consequat. Morbi a ipsum. Integer a nibh.",$32.11,PS5,Strategy,Moen-Mills,568,03/16/2000
467,PULVINAR LOBORTIS EST PHASELLUS SIT,"Aliquam sit amet diam in magna bibendum imperdiet. Nullam orci pede, venenatis non, sodales sed, tincidunt eu, felis. Fusce posuere felis sed lacus. Morbi sem mauris, laoreet ut, rhoncus aliquet, pulvinar sed, nisl. Nunc rhoncus dui vel sem. Sed sagittis. Nam congue, risus semper porta volutpat, quam pede lobortis ligula, sit amet eleifend pede libero quis orci. Nullam molestie nibh in lectus. Pellentesque at nulla.",$11.62,Switch,Platformer,"Rath, Bogan and Champlin",874,07/01/2012
468,DONEC,"Nam congue, risus semper porta volutpat, quam pede lobortis ligula, sit amet eleifend pede libero quis orci.",$48.30,PC,Puzzle,Littel-Goodwin,332,03/18/2001
469,BLANDIT NON INTERDUM IN ANTE,"Maecenas tristique, est et tempus semper, est quam pharetra magna, ac consequat metus sapien ut nunc.",$5.44,Xbox,Simulation,D'Amore Group,575,04/20/2007
470,LECTUS,"Nulla tellus. In sagittis dui vel nisl. Duis ac nibh. Fusce lacus purus, aliquet at, feugiat non, pretium quis, lectus. Suspendisse potenti. In eleifend quam a odio. In hac habitasse platea dictumst.",$57.62,PC,Stealth,Fisher Inc,665,04/18/2004
471,ULTRICES POSUERE,"Morbi ut odio. Cras mi pede, malesuada in, imperdiet et, commodo vulputate, justo. In blandit ultrices enim. Lorem ipsum dolor sit amet, consectetuer adipiscing elit. Proin interdum mauris non ligula pellentesque ultrices. Phasellus id sapien in sapien iaculis congue. Vivamus metus arcu, adipiscing molestie, hendrerit at, vulputate vitae, nisl. Aenean lectus.",$46.22,Switch,Racing,"Walker, Ledner and Reichert",153,10/07/2000
472,POSUERE METUS,"Mauris enim leo, rhoncus sed, vestibulum sit amet, cursus id, turpis. Integer aliquet, massa id lobortis convallis, tortor risus dapibus augue, vel accumsan tellus nisi eu orci. Mauris lacinia sapien quis libero. Nullam sit amet turpis elementum ligula vehicula consequat. Morbi a ipsum. Integer a nibh. In quis justo. Maecenas rhoncus aliquam lacus. Morbi quis tortor id nulla ultrices aliquet. Maecenas leo odio, condimentum id, luctus nec, molestie sed, justo.",$42.07,Switch,Platformer,"Greenholt, Halvorson and Aufderhar",756,02/21/2020
473,IN,"Aenean sit amet justo. Morbi ut odio. Cras mi pede, malesuada in, imperdiet et, commodo vulputate, justo. In blandit ultrices enim. Lorem ipsum dolor sit amet, consectetuer adipiscing elit. Proin interdum mauris non ligula pellentesque ultrices. Phasellus id sapien in sapien iaculis congue. Vivamus metus arcu, adipiscing molestie, hendrerit at, vulputate vitae, nisl. Aenean lectus.",$18.88,Xbox,Stealth,"Douglas, Kirlin and Schulist",879,03/15/1994
474,AMET SEM FUSCE CONSEQUAT NULLA,"Curabitur convallis. Duis consequat dui nec nisi volutpat eleifend. Donec ut dolor. Morbi vel lectus in quam fringilla rhoncus. Mauris enim leo, rhoncus sed, vestibulum sit amet, cursus id, turpis. Integer aliquet, massa id lobortis convallis, tortor risus dapibus augue, vel accumsan tellus nisi eu orci. Mauris lacinia sapien quis libero.",$21.53,Xbox,Puzzle,Torp-Orn,314,01/22/2015
475,LIGULA NEC SEM,Nullam molestie nibh in lectus. Pellentesque at nulla. Suspendisse potenti. Cras in purus eu magna vulputate luctus.,$1.12,PS5,Strategy,Feil-Cartwright,214,09/22/1998
476,MAURIS ULLAMCORPER,Maecenas ut massa quis augue luctus tincidunt. Nulla mollis molestie lorem.,$4.14,Switch,Adventure,O'Hara Group,843,04/03/2004
477,DAPIBUS DUIS,"Vivamus metus arcu, adipiscing molestie, hendrerit at, vulputate vitae, nisl. Aenean lectus. Pellentesque eget nunc. Donec quis orci eget orci vehicula condimentum.",$21.71,Xbox,Racing,Auer-Rodriguez,338,05/20/2021
478,PELLENTESQUE,"Quisque id justo sit amet sapien dignissim vestibulum. Vestibulum ante ipsum primis in faucibus orci luctus et ultrices posuere cubilia Curae; Nulla dapibus dolor vel est. Donec odio justo, sollicitudin ut, suscipit a, feugiat et, eros. Vestibulum ac est lacinia nisi venenatis tristique. Fusce congue, diam id ornare imperdiet, sapien urna pretium nisl, ut volutpat sapien arcu sed augue. Aliquam erat volutpat. In congue. Etiam justo. Etiam pretium iaculis justo.",$55.53,Switch,Racing,Maggio-Predovic,465,01/08/2011
479,TINCIDUNT NULLA MOLLIS MOLESTIE LOREM,"Sed ante. Vivamus tortor. Duis mattis egestas metus. Aenean fermentum. Donec ut mauris eget massa tempor convallis. Nulla neque libero, convallis eget, eleifend luctus, ultricies eu, nibh. Quisque id justo sit amet sapien dignissim vestibulum. Vestibulum ante ipsum primis in faucibus orci luctus et ultrices posuere cubilia Curae; Nulla dapibus dolor vel est. Donec odio justo, sollicitudin ut, suscipit a, feugiat et, eros. Vestibulum ac est lacinia nisi venenatis tristique.",$33.56,PC,Survival,"Herzog, Howe and Berge",419,11/15/2009
480,MASSA ID LOBORTIS CONVALLIS TORTOR,"Nulla ut erat id mauris vulputate elementum. Nullam varius. Nulla facilisi. Cras non velit nec nisi vulputate nonummy. Maecenas tincidunt lacus at velit. Vivamus vel nulla eget eros elementum pellentesque. Quisque porta volutpat erat. Quisque erat eros, viverra eget, congue eget, semper rutrum, nulla.",$34.12,PS5,Survival,"Bosco, Keeling and Dare",345,08/15/2004
481,JUSTO,"Integer tincidunt ante vel ipsum. Praesent blandit lacinia erat. Vestibulum sed magna at nunc commodo placerat. Praesent blandit. Nam nulla. Integer pede justo, lacinia eget, tincidunt eget, tempus vel, pede.",$12.40,PC,Racing,Predovic-Davis,408,12/07/2022
482,TURPIS ELEMENTUM LIGULA VEHICULA CONSEQUAT,"Aliquam sit amet diam in magna bibendum imperdiet. Nullam orci pede, venenatis non, sodales sed, tincidunt eu, felis. Fusce posuere felis sed lacus. Morbi sem mauris, laoreet ut, rhoncus aliquet, pulvinar sed, nisl. Nunc rhoncus dui vel sem. Sed sagittis. Nam congue, risus semper porta volutpat, quam pede lobortis ligula, sit amet eleifend pede libero quis orci. Nullam molestie nibh in lectus. Pellentesque at nulla. Suspendisse potenti.",$54.80,PS5,Platformer,"Lindgren, Weber and Koelpin",672,03/12/2008
483,NISL,"Mauris enim leo, rhoncus sed, vestibulum sit amet, cursus id, turpis. Integer aliquet, massa id lobortis convallis, tortor risus dapibus augue, vel accumsan tellus nisi eu orci. Mauris lacinia sapien quis libero. Nullam sit amet turpis elementum ligula vehicula consequat. Morbi a ipsum. Integer a nibh. In quis justo.",$17.90,PC,Rhythm,Towne-Crist,289,04/04/2008
484,VENENATIS TURPIS ENIM BLANDIT,Integer a nibh. In quis justo.,$40.61,Switch,Sports,"Pfeffer, Cartwright and Brakus",229,08/03/2023
485,CONVALLIS NULLA NEQUE LIBERO CONVALLIS,"Morbi non lectus. Aliquam sit amet diam in magna bibendum imperdiet. Nullam orci pede, venenatis non, sodales sed, tincidunt eu, felis. Fusce posuere felis sed lacus. Morbi sem mauris, laoreet ut, rhoncus aliquet, pulvinar sed, nisl. Nunc rhoncus dui vel sem. Sed sagittis. Nam congue, risus semper porta volutpat, quam pede lobortis ligula, sit amet eleifend pede libero quis orci.",$30.93,PC,Fighting,Simonis LLC,148,02/25/2022
486,AMET DIAM,"Nunc nisl. Duis bibendum, felis sed interdum venenatis, turpis enim blandit mi, in porttitor pede justo eu massa. Donec dapibus. Duis at velit eu est congue elementum. In hac habitasse platea dictumst. Morbi vestibulum, velit id pretium iaculis, diam erat fermentum justo, nec condimentum neque sapien placerat ante. Nulla justo. Aliquam quis turpis eget elit sodales scelerisque.",$9.53,Switch,Adventure,Hirthe Inc,274,04/08/2013
487,VESTIBULUM EGET VULPUTATE,Duis aliquam convallis nunc. Proin at turpis a pede posuere nonummy. Integer non velit.,$46.46,Xbox,Adventure,"Beer, Carter and Goldner",651,10/30/2009
488,DONEC POSUERE METUS VITAE IPSUM,"Ut tellus. Nulla ut erat id mauris vulputate elementum. Nullam varius. Nulla facilisi. Cras non velit nec nisi vulputate nonummy. Maecenas tincidunt lacus at velit. Vivamus vel nulla eget eros elementum pellentesque. Quisque porta volutpat erat. Quisque erat eros, viverra eget, congue eget, semper rutrum, nulla. Nunc purus.",$8.11,Xbox,MMORPG,Herzog-Kutch,359,05/13/2008
489,CONSEQUAT DUI NEC NISI VOLUTPAT,"In blandit ultrices enim. Lorem ipsum dolor sit amet, consectetuer adipiscing elit. Proin interdum mauris non ligula pellentesque ultrices. Phasellus id sapien in sapien iaculis congue. Vivamus metus arcu, adipiscing molestie, hendrerit at, vulputate vitae, nisl. Aenean lectus. Pellentesque eget nunc.",$43.63,PS5,Strategy,Balistreri and Sons,373,06/10/2022
490,PRIMIS IN FAUCIBUS,"Morbi quis tortor id nulla ultrices aliquet. Maecenas leo odio, condimentum id, luctus nec, molestie sed, justo. Pellentesque viverra pede ac diam. Cras pellentesque volutpat dui. Maecenas tristique, est et tempus semper, est quam pharetra magna, ac consequat metus sapien ut nunc.",$22.02,Xbox,Simulation,Shanahan-Stokes,838,11/10/1994
491,AMET DIAM IN MAGNA,"Pellentesque viverra pede ac diam. Cras pellentesque volutpat dui. Maecenas tristique, est et tempus semper, est quam pharetra magna, ac consequat metus sapien ut nunc. Vestibulum ante ipsum primis in faucibus orci luctus et ultrices posuere cubilia Curae; Mauris viverra diam vitae quam. Suspendisse potenti. Nullam porttitor lacus at turpis. Donec posuere metus vitae ipsum.",$11.76,Xbox,Simulation,Emard-Vandervort,689,10/05/1996
492,HABITASSE PLATEA DICTUMST,Duis aliquam convallis nunc. Proin at turpis a pede posuere nonummy.,$52.84,PC,Sports,Rippin and Sons,903,08/16/2007
493,QUIS TURPIS EGET ELIT,"Pellentesque viverra pede ac diam. Cras pellentesque volutpat dui. Maecenas tristique, est et tempus semper, est quam pharetra magna, ac consequat metus sapien ut nunc.",$12.98,PC,Simulation,Johns-Christiansen,21,09/18/2007
494,CONDIMENTUM ID LUCTUS NEC MOLESTIE,"Duis ac nibh. Fusce lacus purus, aliquet at, feugiat non, pretium quis, lectus. Suspendisse potenti.",$18.67,PC,Sports,"Runolfsdottir, Hudson and Morissette",661,06/07/1996
495,NAM ULTRICES LIBERO,Phasellus sit amet erat. Nulla tempus. Vivamus in felis eu sapien cursus vestibulum. Proin eu mi.,$42.57,Switch,MMORPG,"Crooks, Glover and Fay",127,03/30/1997
496,DONEC,"Phasellus sit amet erat. Nulla tempus. Vivamus in felis eu sapien cursus vestibulum. Proin eu mi. Nulla ac enim. In tempor, turpis nec euismod scelerisque, quam turpis adipiscing lorem, vitae mattis nibh ligula nec sem.",$31.29,PC,Action,"Mayert, Weissnat and Hyatt",958,04/06/2009
497,LOREM INTEGER TINCIDUNT ANTE,Etiam faucibus cursus urna.,$13.55,PS5,Strategy,"Hayes, Heller and Gleichner",119,08/22/2015
498,LIGULA VEHICULA,Integer a nibh.,$31.97,Xbox,Racing,Howell LLC,603,01/10/1997
499,SIT AMET,"In sagittis dui vel nisl. Duis ac nibh. Fusce lacus purus, aliquet at, feugiat non, pretium quis, lectus. Suspendisse potenti. In eleifend quam a odio. In hac habitasse platea dictumst. Maecenas ut massa quis augue luctus tincidunt. Nulla mollis molestie lorem. Quisque ut erat. Curabitur gravida nisi at nibh.",$9.43,Xbox,Fighting,Osinski-Witting,777,12/28/2021
500,VARIUS NULLA,"Ut at dolor quis odio consequat varius. Integer ac leo. Pellentesque ultrices mattis odio. Donec vitae nisi. Nam ultrices, libero non mattis pulvinar, nulla pede ullamcorper augue, a suscipit nulla elit ac nulla. Sed vel enim sit amet nunc viverra dapibus.",$15.15,Xbox,Simulation,Renner Group,652,03/02/1997
501,PELLENTESQUE QUISQUE PORTA VOLUTPAT,"Fusce posuere felis sed lacus. Morbi sem mauris, laoreet ut, rhoncus aliquet, pulvinar sed, nisl. Nunc rhoncus dui vel sem. Sed sagittis. Nam congue, risus semper porta volutpat, quam pede lobortis ligula, sit amet eleifend pede libero quis orci. Nullam molestie nibh in lectus. Pellentesque at nulla. Suspendisse potenti. Cras in purus eu magna vulputate luctus.",$44.35,PS5,Action,"Harris, Streich and Bernhard",638,04/26/2024
502,NAM,"Vivamus in felis eu sapien cursus vestibulum. Proin eu mi. Nulla ac enim. In tempor, turpis nec euismod scelerisque, quam turpis adipiscing lorem, vitae mattis nibh ligula nec sem. Duis aliquam convallis nunc.",$37.71,PC,Horror,Wisozk-Rippin,828,07/07/1997
503,IN FAUCIBUS ORCI LUCTUS ET,"Cum sociis natoque penatibus et magnis dis parturient montes, nascetur ridiculus mus. Etiam vel augue. Vestibulum rutrum rutrum neque.",$55.84,PS5,Adventure,Schuster LLC,36,02/20/2009
504,MAURIS VIVERRA DIAM VITAE QUAM,Nulla nisl. Nunc nisl.,$27.32,PS5,Rhythm,"Haag, Nitzsche and Koelpin",93,03/12/2023
505,QUAM PEDE LOBORTIS LIGULA,"Donec ut mauris eget massa tempor convallis. Nulla neque libero, convallis eget, eleifend luctus, ultricies eu, nibh. Quisque id justo sit amet sapien dignissim vestibulum.",$44.09,Switch,Adventure,Heaney-Ryan,458,05/12/1996
506,HAC HABITASSE PLATEA,"Integer a nibh. In quis justo. Maecenas rhoncus aliquam lacus. Morbi quis tortor id nulla ultrices aliquet. Maecenas leo odio, condimentum id, luctus nec, molestie sed, justo. Pellentesque viverra pede ac diam. Cras pellentesque volutpat dui.",$11.57,PS5,Platformer,"Kemmer, Fritsch and Rice",537,08/10/2006
507,TRISTIQUE EST,Cras non velit nec nisi vulputate nonummy. Maecenas tincidunt lacus at velit. Vivamus vel nulla eget eros elementum pellentesque. Quisque porta volutpat erat.,$18.97,PS5,Simulation,Jakubowski Inc,784,01/05/2016
508,A LIBERO,"Morbi vestibulum, velit id pretium iaculis, diam erat fermentum justo, nec condimentum neque sapien placerat ante. Nulla justo. Aliquam quis turpis eget elit sodales scelerisque.",$36.07,Switch,Platformer,Fahey-Hegmann,128,12/13/2022
509,CONGUE VIVAMUS,"Lorem ipsum dolor sit amet, consectetuer adipiscing elit. Proin risus. Praesent lectus. Vestibulum quam sapien, varius ut, blandit non, interdum in, ante. Vestibulum ante ipsum primis in faucibus orci luctus et ultrices posuere cubilia Curae; Duis faucibus accumsan odio. Curabitur convallis. Duis consequat dui nec nisi volutpat eleifend. Donec ut dolor. Morbi vel lectus in quam fringilla rhoncus. Mauris enim leo, rhoncus sed, vestibulum sit amet, cursus id, turpis.",$5.56,PS5,Platformer,Hirthe-Collier,339,10/15/2012
510,ERAT QUISQUE ERAT,Nullam sit amet turpis elementum ligula vehicula consequat.,$5.38,Xbox,Stealth,"Cruickshank, Rohan and Gulgowski",768,09/28/2013
511,TINCIDUNT IN LEO MAECENAS,"Aliquam non mauris. Morbi non lectus. Aliquam sit amet diam in magna bibendum imperdiet. Nullam orci pede, venenatis non, sodales sed, tincidunt eu, felis. Fusce posuere felis sed lacus. Morbi sem mauris, laoreet ut, rhoncus aliquet, pulvinar sed, nisl. Nunc rhoncus dui vel sem.",$29.65,Xbox,Fighting,Nikolaus Group,223,11/05/2000
512,PROIN AT TURPIS A PEDE,"Vivamus metus arcu, adipiscing molestie, hendrerit at, vulputate vitae, nisl. Aenean lectus. Pellentesque eget nunc. Donec quis orci eget orci vehicula condimentum. Curabitur in libero ut massa volutpat convallis. Morbi odio odio, elementum eu, interdum eu, tincidunt in, leo. Maecenas pulvinar lobortis est. Phasellus sit amet erat. Nulla tempus.",$12.65,Switch,Stealth,Walter and Sons,796,03/10/2025
513,SODALES SCELERISQUE MAURIS,Morbi non quam nec dui luctus rutrum. Nulla tellus. In sagittis dui vel nisl.,$21.31,Xbox,Adventure,Schulist-Fay,442,05/03/2003
514,MAURIS EGET MASSA,Vestibulum ante ipsum primis in faucibus orci luctus et ultrices posuere cubilia Curae; Mauris viverra diam vitae quam. Suspendisse potenti. Nullam porttitor lacus at turpis. Donec posuere metus vitae ipsum. Aliquam non mauris. Morbi non lectus.,$2.77,PC,Fighting,Kozey-Greenholt,667,03/06/2015
515,NULLA,"Curabitur gravida nisi at nibh. In hac habitasse platea dictumst. Aliquam augue quam, sollicitudin vitae, consectetuer eget, rutrum at, lorem. Integer tincidunt ante vel ipsum. Praesent blandit lacinia erat. Vestibulum sed magna at nunc commodo placerat. Praesent blandit.",$51.55,PC,Stealth,"Feest, Dickinson and Deckow",282,06/25/2010
516,SEMPER PORTA,"Vivamus vel nulla eget eros elementum pellentesque. Quisque porta volutpat erat. Quisque erat eros, viverra eget, congue eget, semper rutrum, nulla. Nunc purus. Phasellus in felis. Donec semper sapien a libero. Nam dui.",$48.64,PS5,Adventure,"Boyle, Hyatt and Barrows",579,08/30/2021
517,BLANDIT ULTRICES ENIM LOREM,"Integer pede justo, lacinia eget, tincidunt eget, tempus vel, pede. Morbi porttitor lorem id ligula. Suspendisse ornare consequat lectus. In est risus, auctor sed, tristique in, tempus sit amet, sem. Fusce consequat. Nulla nisl. Nunc nisl. Duis bibendum, felis sed interdum venenatis, turpis enim blandit mi, in porttitor pede justo eu massa. Donec dapibus. Duis at velit eu est congue elementum.",$23.26,Xbox,Fighting,Stiedemann Group,30,12/17/2009
518,MI,"Integer ac leo. Pellentesque ultrices mattis odio. Donec vitae nisi. Nam ultrices, libero non mattis pulvinar, nulla pede ullamcorper augue, a suscipit nulla elit ac nulla. Sed vel enim sit amet nunc viverra dapibus. Nulla suscipit ligula in lacus. Curabitur at ipsum ac tellus semper interdum.",$41.39,Switch,Sports,"Langosh, Rohan and Littel",751,05/31/1996
519,TINCIDUNT,"Duis at velit eu est congue elementum. In hac habitasse platea dictumst. Morbi vestibulum, velit id pretium iaculis, diam erat fermentum justo, nec condimentum neque sapien placerat ante.",$31.21,PC,Role-playing,Deckow LLC,990,03/18/2016
520,TINCIDUNT EU,"Vivamus tortor. Duis mattis egestas metus. Aenean fermentum. Donec ut mauris eget massa tempor convallis. Nulla neque libero, convallis eget, eleifend luctus, ultricies eu, nibh. Quisque id justo sit amet sapien dignissim vestibulum. Vestibulum ante ipsum primis in faucibus orci luctus et ultrices posuere cubilia Curae; Nulla dapibus dolor vel est. Donec odio justo, sollicitudin ut, suscipit a, feugiat et, eros. Vestibulum ac est lacinia nisi venenatis tristique. Fusce congue, diam id ornare imperdiet, sapien urna pretium nisl, ut volutpat sapien arcu sed augue.",$28.57,PC,Strategy,"Walter, Wuckert and Dickinson",237,09/04/1994
521,LECTUS IN,"Nullam orci pede, venenatis non, sodales sed, tincidunt eu, felis. Fusce posuere felis sed lacus. Morbi sem mauris, laoreet ut, rhoncus aliquet, pulvinar sed, nisl. Nunc rhoncus dui vel sem. Sed sagittis. Nam congue, risus semper porta volutpat, quam pede lobortis ligula, sit amet eleifend pede libero quis orci. Nullam molestie nibh in lectus. Pellentesque at nulla.",$53.46,PC,Platformer,"McClure, Johnston and Volkman",673,12/30/1997
522,CONSEQUAT,Etiam faucibus cursus urna. Ut tellus. Nulla ut erat id mauris vulputate elementum.,$4.17,PC,Platformer,Shanahan and Sons,753,04/26/2009
523,VOLUTPAT CONVALLIS,In quis justo. Maecenas rhoncus aliquam lacus. Morbi quis tortor id nulla ultrices aliquet.,$35.13,PC,Stealth,Kertzmann LLC,294,01/02/2006
524,ALIQUET MASSA ID LOBORTIS CONVALLIS,Vivamus tortor.,$42.07,Switch,Simulation,Skiles LLC,282,01/02/1998
525,IN TEMPUS,"Maecenas tristique, est et tempus semper, est quam pharetra magna, ac consequat metus sapien ut nunc. Vestibulum ante ipsum primis in faucibus orci luctus et ultrices posuere cubilia Curae; Mauris viverra diam vitae quam. Suspendisse potenti. Nullam porttitor lacus at turpis. Donec posuere metus vitae ipsum. Aliquam non mauris. Morbi non lectus. Aliquam sit amet diam in magna bibendum imperdiet. Nullam orci pede, venenatis non, sodales sed, tincidunt eu, felis. Fusce posuere felis sed lacus.",$2.04,Xbox,Simulation,Boyer Group,999,03/24/2016
526,DUI VEL SEM SED SAGITTIS,"Nunc rhoncus dui vel sem. Sed sagittis. Nam congue, risus semper porta volutpat, quam pede lobortis ligula, sit amet eleifend pede libero quis orci.",$40.42,Xbox,MMORPG,Jones-Hoppe,248,03/16/2018
527,SEM FUSCE CONSEQUAT NULLA,"Phasellus in felis. Donec semper sapien a libero. Nam dui. Proin leo odio, porttitor id, consequat in, consequat ut, nulla. Sed accumsan felis.",$30.48,Switch,Adventure,"Medhurst, Shanahan and Schuster",228,10/31/2011
528,SOLLICITUDIN MI,"In tempor, turpis nec euismod scelerisque, quam turpis adipiscing lorem, vitae mattis nibh ligula nec sem. Duis aliquam convallis nunc.",$3.32,PC,Strategy,"Koss, Willms and Dibbert",887,02/09/2005
529,ANTE,"Nullam varius. Nulla facilisi. Cras non velit nec nisi vulputate nonummy. Maecenas tincidunt lacus at velit. Vivamus vel nulla eget eros elementum pellentesque. Quisque porta volutpat erat. Quisque erat eros, viverra eget, congue eget, semper rutrum, nulla. Nunc purus.",$34.01,Xbox,MMORPG,Mills Inc,42,09/09/2009
530,BIBENDUM FELIS,Phasellus in felis. Donec semper sapien a libero.,$29.96,PC,Survival,Shields LLC,522,02/13/1999
531,VULPUTATE LUCTUS CUM,Maecenas ut massa quis augue luctus tincidunt. Nulla mollis molestie lorem.,$40.39,Xbox,Stealth,Thompson-Runolfsson,759,10/10/1994
532,IN,"Vestibulum sed magna at nunc commodo placerat. Praesent blandit. Nam nulla. Integer pede justo, lacinia eget, tincidunt eget, tempus vel, pede. Morbi porttitor lorem id ligula. Suspendisse ornare consequat lectus. In est risus, auctor sed, tristique in, tempus sit amet, sem.",$5.51,PC,Adventure,Rogahn-Funk,189,12/23/1997
533,DONEC PHARETRA MAGNA VESTIBULUM,Praesent blandit lacinia erat. Vestibulum sed magna at nunc commodo placerat. Praesent blandit. Nam nulla.,$30.75,PS5,Stealth,Walsh LLC,762,08/31/2002
534,LECTUS ALIQUAM SIT AMET,"Maecenas leo odio, condimentum id, luctus nec, molestie sed, justo. Pellentesque viverra pede ac diam. Cras pellentesque volutpat dui. Maecenas tristique, est et tempus semper, est quam pharetra magna, ac consequat metus sapien ut nunc. Vestibulum ante ipsum primis in faucibus orci luctus et ultrices posuere cubilia Curae; Mauris viverra diam vitae quam. Suspendisse potenti. Nullam porttitor lacus at turpis.",$7.02,PC,Horror,Wisoky-Roberts,439,07/04/2020
535,MAURIS ENIM,Donec ut mauris eget massa tempor convallis.,$44.20,PC,Action,Frami and Sons,310,07/11/2008
536,NON,"Cras mi pede, malesuada in, imperdiet et, commodo vulputate, justo. In blandit ultrices enim. Lorem ipsum dolor sit amet, consectetuer adipiscing elit. Proin interdum mauris non ligula pellentesque ultrices. Phasellus id sapien in sapien iaculis congue. Vivamus metus arcu, adipiscing molestie, hendrerit at, vulputate vitae, nisl. Aenean lectus. Pellentesque eget nunc. Donec quis orci eget orci vehicula condimentum. Curabitur in libero ut massa volutpat convallis.",$57.83,Switch,Horror,"Jast, Wehner and Simonis",439,09/19/2019
537,AENEAN SIT,"Donec ut dolor. Morbi vel lectus in quam fringilla rhoncus. Mauris enim leo, rhoncus sed, vestibulum sit amet, cursus id, turpis. Integer aliquet, massa id lobortis convallis, tortor risus dapibus augue, vel accumsan tellus nisi eu orci. Mauris lacinia sapien quis libero. Nullam sit amet turpis elementum ligula vehicula consequat. Morbi a ipsum.",$7.09,PS5,Role-playing,Kuhlman-Jaskolski,82,08/20/2006
538,VEL AUGUE VESTIBULUM ANTE,"Vestibulum ac est lacinia nisi venenatis tristique. Fusce congue, diam id ornare imperdiet, sapien urna pretium nisl, ut volutpat sapien arcu sed augue. Aliquam erat volutpat. In congue. Etiam justo. Etiam pretium iaculis justo. In hac habitasse platea dictumst. Etiam faucibus cursus urna.",$18.18,Switch,Fighting,Carroll Group,829,03/01/2008
539,VOLUTPAT QUAM PEDE LOBORTIS,"Vivamus in felis eu sapien cursus vestibulum. Proin eu mi. Nulla ac enim. In tempor, turpis nec euismod scelerisque, quam turpis adipiscing lorem, vitae mattis nibh ligula nec sem. Duis aliquam convallis nunc. Proin at turpis a pede posuere nonummy. Integer non velit.",$14.60,PS5,Stealth,"Mills, Harber and Sipes",122,05/12/2014
540,ORNARE IMPERDIET,Proin at turpis a pede posuere nonummy.,$49.59,Switch,Action,Gutkowski-Rodriguez,620,01/07/1995
541,EROS VESTIBULUM AC EST LACINIA,Duis aliquam convallis nunc.,$24.08,Xbox,Racing,Boyer and Sons,243,08/20/1994
542,ERAT EROS,"Donec ut dolor. Morbi vel lectus in quam fringilla rhoncus. Mauris enim leo, rhoncus sed, vestibulum sit amet, cursus id, turpis. Integer aliquet, massa id lobortis convallis, tortor risus dapibus augue, vel accumsan tellus nisi eu orci. Mauris lacinia sapien quis libero. Nullam sit amet turpis elementum ligula vehicula consequat. Morbi a ipsum.",$42.51,PC,Adventure,Hane-Nikolaus,276,09/06/2007
543,NUNC VIVERRA DAPIBUS NULLA,Pellentesque at nulla.,$23.86,Switch,MMORPG,"Cartwright, Larson and Gutmann",373,08/21/1994
544,NON,"Phasellus in felis. Donec semper sapien a libero. Nam dui. Proin leo odio, porttitor id, consequat in, consequat ut, nulla. Sed accumsan felis.",$52.69,PS5,Adventure,"Shanahan, Reichert and Boyle",804,05/22/2023
545,ORCI VEHICULA CONDIMENTUM CURABITUR IN,In congue. Etiam justo. Etiam pretium iaculis justo. In hac habitasse platea dictumst. Etiam faucibus cursus urna. Ut tellus. Nulla ut erat id mauris vulputate elementum. Nullam varius. Nulla facilisi.,$48.77,PC,Role-playing,"Herzog, Hane and Wuckert",17,08/27/2021
546,IN QUIS JUSTO MAECENAS,In hac habitasse platea dictumst.,$17.18,Xbox,MMORPG,"Kovacek, Schumm and Lesch",646,06/27/2002
547,MAECENAS PULVINAR,"Vivamus metus arcu, adipiscing molestie, hendrerit at, vulputate vitae, nisl. Aenean lectus. Pellentesque eget nunc. Donec quis orci eget orci vehicula condimentum. Curabitur in libero ut massa volutpat convallis. Morbi odio odio, elementum eu, interdum eu, tincidunt in, leo. Maecenas pulvinar lobortis est.",$52.75,PS5,Fighting,"Jaskolski, Yundt and Bosco",942,01/08/2022
548,DIAM,"Quisque ut erat. Curabitur gravida nisi at nibh. In hac habitasse platea dictumst. Aliquam augue quam, sollicitudin vitae, consectetuer eget, rutrum at, lorem. Integer tincidunt ante vel ipsum. Praesent blandit lacinia erat. Vestibulum sed magna at nunc commodo placerat. Praesent blandit. Nam nulla. Integer pede justo, lacinia eget, tincidunt eget, tempus vel, pede.",$32.03,PS5,Adventure,Marvin-Rempel,758,07/30/1997
549,METUS SAPIEN UT NUNC VESTIBULUM,"Nam ultrices, libero non mattis pulvinar, nulla pede ullamcorper augue, a suscipit nulla elit ac nulla. Sed vel enim sit amet nunc viverra dapibus. Nulla suscipit ligula in lacus. Curabitur at ipsum ac tellus semper interdum. Mauris ullamcorper purus sit amet nulla.",$25.60,PC,Role-playing,"Ratke, Reichert and Dooley",963,02/18/1998
550,AMET,In eleifend quam a odio. In hac habitasse platea dictumst. Maecenas ut massa quis augue luctus tincidunt. Nulla mollis molestie lorem. Quisque ut erat.,$59.05,Xbox,Racing,Harvey Inc,240,10/30/2009
551,NISL NUNC RHONCUS,Etiam pretium iaculis justo. In hac habitasse platea dictumst. Etiam faucibus cursus urna. Ut tellus. Nulla ut erat id mauris vulputate elementum. Nullam varius. Nulla facilisi.,$0.34,PS5,Action,"Hoeger, Ullrich and Kshlerin",349,05/08/1998
552,MOLLIS,"Quisque porta volutpat erat. Quisque erat eros, viverra eget, congue eget, semper rutrum, nulla.",$13.28,PC,Fighting,"Jones, Gerhold and Rempel",407,05/22/2018
553,NONUMMY INTEGER NON VELIT,"In hac habitasse platea dictumst. Morbi vestibulum, velit id pretium iaculis, diam erat fermentum justo, nec condimentum neque sapien placerat ante. Nulla justo. Aliquam quis turpis eget elit sodales scelerisque. Mauris sit amet eros. Suspendisse accumsan tortor quis turpis. Sed ante. Vivamus tortor. Duis mattis egestas metus. Aenean fermentum.",$3.62,Switch,Horror,Hilpert LLC,650,04/01/2017
554,ET ULTRICES POSUERE CUBILIA CURAE,"Quisque id justo sit amet sapien dignissim vestibulum. Vestibulum ante ipsum primis in faucibus orci luctus et ultrices posuere cubilia Curae; Nulla dapibus dolor vel est. Donec odio justo, sollicitudin ut, suscipit a, feugiat et, eros. Vestibulum ac est lacinia nisi venenatis tristique. Fusce congue, diam id ornare imperdiet, sapien urna pretium nisl, ut volutpat sapien arcu sed augue. Aliquam erat volutpat. In congue. Etiam justo.",$58.76,Xbox,MMORPG,"Heidenreich, Wilkinson and Stiedemann",29,01/23/2013
555,ADIPISCING ELIT PROIN,In quis justo. Maecenas rhoncus aliquam lacus. Morbi quis tortor id nulla ultrices aliquet.,$57.71,PC,MMORPG,"McGlynn, Breitenberg and Beatty",821,12/22/2000
556,PEDE JUSTO EU,Nulla mollis molestie lorem.,$21.20,PS5,Fighting,Swift Group,767,12/14/2012
557,CRAS MI PEDE,Suspendisse accumsan tortor quis turpis. Sed ante.,$39.82,Xbox,Survival,"Bayer, Okuneva and Dibbert",253,12/08/2018
558,HAC HABITASSE,Aenean sit amet justo.,$50.46,Xbox,Strategy,Carter and Sons,20,08/17/2003
559,POSUERE CUBILIA CURAE NULLA,"Vestibulum quam sapien, varius ut, blandit non, interdum in, ante. Vestibulum ante ipsum primis in faucibus orci luctus et ultrices posuere cubilia Curae; Duis faucibus accumsan odio. Curabitur convallis. Duis consequat dui nec nisi volutpat eleifend. Donec ut dolor. Morbi vel lectus in quam fringilla rhoncus.",$40.61,PC,Survival,Williamson LLC,735,10/10/2007
560,ODIO,Mauris sit amet eros. Suspendisse accumsan tortor quis turpis. Sed ante.,$36.30,PS5,Racing,"Olson, Wintheiser and Cronin",854,08/14/2002
561,ELIT PROIN INTERDUM MAURIS,"Maecenas ut massa quis augue luctus tincidunt. Nulla mollis molestie lorem. Quisque ut erat. Curabitur gravida nisi at nibh. In hac habitasse platea dictumst. Aliquam augue quam, sollicitudin vitae, consectetuer eget, rutrum at, lorem. Integer tincidunt ante vel ipsum.",$52.52,Switch,Action,Hahn LLC,996,01/10/1999
562,DONEC,"Morbi sem mauris, laoreet ut, rhoncus aliquet, pulvinar sed, nisl. Nunc rhoncus dui vel sem.",$7.91,Switch,Sports,Kris Inc,944,12/29/2010
563,CONGUE ETIAM,Suspendisse potenti. Nullam porttitor lacus at turpis. Donec posuere metus vitae ipsum. Aliquam non mauris. Morbi non lectus.,$0.90,PS5,Sports,"Marvin, Schmidt and Boyle",826,03/07/2015
564,AC NULLA SED VEL ENIM,"Quisque ut erat. Curabitur gravida nisi at nibh. In hac habitasse platea dictumst. Aliquam augue quam, sollicitudin vitae, consectetuer eget, rutrum at, lorem.",$20.93,PS5,Sports,Jacobi-Dickens,775,08/07/2016
565,SAPIEN SAPIEN NON,"Duis bibendum, felis sed interdum venenatis, turpis enim blandit mi, in porttitor pede justo eu massa. Donec dapibus. Duis at velit eu est congue elementum. In hac habitasse platea dictumst. Morbi vestibulum, velit id pretium iaculis, diam erat fermentum justo, nec condimentum neque sapien placerat ante. Nulla justo. Aliquam quis turpis eget elit sodales scelerisque.",$17.25,PC,Rhythm,Boehm-Daniel,359,03/24/2005
566,AT TURPIS,"Sed sagittis. Nam congue, risus semper porta volutpat, quam pede lobortis ligula, sit amet eleifend pede libero quis orci. Nullam molestie nibh in lectus. Pellentesque at nulla. Suspendisse potenti.",$24.69,Switch,Rhythm,Wuckert-Shanahan,523,07/29/2023
567,CONSECTETUER EGET,"Morbi vestibulum, velit id pretium iaculis, diam erat fermentum justo, nec condimentum neque sapien placerat ante. Nulla justo. Aliquam quis turpis eget elit sodales scelerisque. Mauris sit amet eros. Suspendisse accumsan tortor quis turpis. Sed ante. Vivamus tortor. Duis mattis egestas metus.",$6.70,PC,Adventure,McKenzie-Hartmann,87,08/28/2001
568,NULLA FACILISI CRAS,"Curabitur convallis. Duis consequat dui nec nisi volutpat eleifend. Donec ut dolor. Morbi vel lectus in quam fringilla rhoncus. Mauris enim leo, rhoncus sed, vestibulum sit amet, cursus id, turpis. Integer aliquet, massa id lobortis convallis, tortor risus dapibus augue, vel accumsan tellus nisi eu orci. Mauris lacinia sapien quis libero. Nullam sit amet turpis elementum ligula vehicula consequat. Morbi a ipsum. Integer a nibh.",$35.23,PC,Puzzle,"Kunde, Erdman and Graham",275,12/06/2011
569,QUIS,"Cum sociis natoque penatibus et magnis dis parturient montes, nascetur ridiculus mus. Vivamus vestibulum sagittis sapien. Cum sociis natoque penatibus et magnis dis parturient montes, nascetur ridiculus mus. Etiam vel augue. Vestibulum rutrum rutrum neque. Aenean auctor gravida sem. Praesent id massa id nisl venenatis lacinia.",$35.48,Switch,Adventure,Stoltenberg-Treutel,229,08/31/1995
570,AENEAN FERMENTUM DONEC UT,"Phasellus in felis. Donec semper sapien a libero. Nam dui. Proin leo odio, porttitor id, consequat in, consequat ut, nulla. Sed accumsan felis. Ut at dolor quis odio consequat varius.",$0.42,PC,Stealth,"Douglas, Lindgren and Lakin",892,02/01/2019
571,LACINIA ERAT VESTIBULUM SED,Donec semper sapien a libero. Nam dui.,$19.62,Switch,Fighting,"O'Connell, Schamberger and Schultz",87,10/18/2015
572,MAECENAS RHONCUS,"Nulla ac enim. In tempor, turpis nec euismod scelerisque, quam turpis adipiscing lorem, vitae mattis nibh ligula nec sem. Duis aliquam convallis nunc. Proin at turpis a pede posuere nonummy. Integer non velit. Donec diam neque, vestibulum eget, vulputate ut, ultrices vel, augue. Vestibulum ante ipsum primis in faucibus orci luctus et ultrices posuere cubilia Curae; Donec pharetra, magna vestibulum aliquet ultrices, erat tortor sollicitudin mi, sit amet lobortis sapien sapien non mi.",$47.48,Switch,Sports,"VonRueden, Emard and Howell",608,01/20/2007
573,NEC,"Integer tincidunt ante vel ipsum. Praesent blandit lacinia erat. Vestibulum sed magna at nunc commodo placerat. Praesent blandit. Nam nulla. Integer pede justo, lacinia eget, tincidunt eget, tempus vel, pede. Morbi porttitor lorem id ligula.",$13.30,Xbox,Survival,Lowe LLC,823,02/22/2021
574,CONVALLIS TORTOR RISUS,In hac habitasse platea dictumst. Etiam faucibus cursus urna. Ut tellus. Nulla ut erat id mauris vulputate elementum. Nullam varius.,$49.81,PS5,Role-playing,Predovic-Denesik,542,09/15/2006
575,ALIQUAM,Maecenas pulvinar lobortis est. Phasellus sit amet erat. Nulla tempus. Vivamus in felis eu sapien cursus vestibulum. Proin eu mi.,$1.51,Switch,Rhythm,Swaniawski-Klocko,468,07/06/2023
576,VIVERRA DIAM VITAE QUAM SUSPENDISSE,"Quisque erat eros, viverra eget, congue eget, semper rutrum, nulla. Nunc purus. Phasellus in felis. Donec semper sapien a libero. Nam dui. Proin leo odio, porttitor id, consequat in, consequat ut, nulla. Sed accumsan felis. Ut at dolor quis odio consequat varius.",$3.02,Xbox,Adventure,Thiel-Rolfson,478,06/10/2001
577,NULLA NISL NUNC NISL,"Proin at turpis a pede posuere nonummy. Integer non velit. Donec diam neque, vestibulum eget, vulputate ut, ultrices vel, augue.",$11.64,PS5,Stealth,Dare Group,905,11/25/2023
578,INTEGER ALIQUET MASSA ID LOBORTIS,"Integer ac neque. Duis bibendum. Morbi non quam nec dui luctus rutrum. Nulla tellus. In sagittis dui vel nisl. Duis ac nibh. Fusce lacus purus, aliquet at, feugiat non, pretium quis, lectus. Suspendisse potenti. In eleifend quam a odio.",$47.00,Xbox,Simulation,Donnelly Inc,580,07/30/2006
579,NULLA,"Aenean auctor gravida sem. Praesent id massa id nisl venenatis lacinia. Aenean sit amet justo. Morbi ut odio. Cras mi pede, malesuada in, imperdiet et, commodo vulputate, justo. In blandit ultrices enim. Lorem ipsum dolor sit amet, consectetuer adipiscing elit. Proin interdum mauris non ligula pellentesque ultrices. Phasellus id sapien in sapien iaculis congue.",$46.57,Xbox,Horror,"Funk, Jacobi and Reinger",127,05/06/1996
580,LECTUS IN QUAM FRINGILLA RHONCUS,"Aliquam augue quam, sollicitudin vitae, consectetuer eget, rutrum at, lorem. Integer tincidunt ante vel ipsum. Praesent blandit lacinia erat.",$40.81,PC,Survival,"Ritchie, Keebler and Lemke",129,04/21/2001
581,NULLA DAPIBUS DOLOR VEL,Nulla suscipit ligula in lacus.,$35.42,PS5,Horror,Bailey-Runolfsdottir,821,01/25/2003
582,SAPIEN IACULIS CONGUE,Suspendisse potenti. Nullam porttitor lacus at turpis. Donec posuere metus vitae ipsum. Aliquam non mauris.,$8.09,Switch,Fighting,Orn Inc,983,12/26/2012
583,CRAS IN PURUS,"Nullam porttitor lacus at turpis. Donec posuere metus vitae ipsum. Aliquam non mauris. Morbi non lectus. Aliquam sit amet diam in magna bibendum imperdiet. Nullam orci pede, venenatis non, sodales sed, tincidunt eu, felis. Fusce posuere felis sed lacus. Morbi sem mauris, laoreet ut, rhoncus aliquet, pulvinar sed, nisl. Nunc rhoncus dui vel sem. Sed sagittis.",$35.07,PC,MMORPG,"Howe, O'Conner and Runte",802,02/15/1995
584,VELIT EU EST,"Nullam orci pede, venenatis non, sodales sed, tincidunt eu, felis. Fusce posuere felis sed lacus. Morbi sem mauris, laoreet ut, rhoncus aliquet, pulvinar sed, nisl. Nunc rhoncus dui vel sem. Sed sagittis. Nam congue, risus semper porta volutpat, quam pede lobortis ligula, sit amet eleifend pede libero quis orci. Nullam molestie nibh in lectus.",$59.94,Xbox,Stealth,Runolfsdottir LLC,788,11/26/2023
585,DONEC DIAM NEQUE VESTIBULUM EGET,"Vestibulum quam sapien, varius ut, blandit non, interdum in, ante. Vestibulum ante ipsum primis in faucibus orci luctus et ultrices posuere cubilia Curae; Duis faucibus accumsan odio. Curabitur convallis. Duis consequat dui nec nisi volutpat eleifend. Donec ut dolor. Morbi vel lectus in quam fringilla rhoncus. Mauris enim leo, rhoncus sed, vestibulum sit amet, cursus id, turpis. Integer aliquet, massa id lobortis convallis, tortor risus dapibus augue, vel accumsan tellus nisi eu orci. Mauris lacinia sapien quis libero.",$48.35,PC,Rhythm,Kris Inc,96,03/05/2009
586,ULTRICES LIBERO NON,"Proin leo odio, porttitor id, consequat in, consequat ut, nulla. Sed accumsan felis.",$44.07,PC,Fighting,Sauer and Sons,275,08/22/1999
587,SAPIEN IACULIS CONGUE VIVAMUS,"Vestibulum ac est lacinia nisi venenatis tristique. Fusce congue, diam id ornare imperdiet, sapien urna pretium nisl, ut volutpat sapien arcu sed augue. Aliquam erat volutpat. In congue. Etiam justo. Etiam pretium iaculis justo. In hac habitasse platea dictumst. Etiam faucibus cursus urna.",$47.69,Xbox,Survival,West-Bode,121,08/16/2013
588,SAGITTIS SAPIEN CUM,"Suspendisse potenti. Nullam porttitor lacus at turpis. Donec posuere metus vitae ipsum. Aliquam non mauris. Morbi non lectus. Aliquam sit amet diam in magna bibendum imperdiet. Nullam orci pede, venenatis non, sodales sed, tincidunt eu, felis. Fusce posuere felis sed lacus. Morbi sem mauris, laoreet ut, rhoncus aliquet, pulvinar sed, nisl. Nunc rhoncus dui vel sem.",$57.34,PC,Racing,Kemmer-Rau,304,09/06/2016
589,MAGNIS DIS PARTURIENT,"Nullam porttitor lacus at turpis. Donec posuere metus vitae ipsum. Aliquam non mauris. Morbi non lectus. Aliquam sit amet diam in magna bibendum imperdiet. Nullam orci pede, venenatis non, sodales sed, tincidunt eu, felis. Fusce posuere felis sed lacus. Morbi sem mauris, laoreet ut, rhoncus aliquet, pulvinar sed, nisl. Nunc rhoncus dui vel sem.",$55.41,PC,Horror,"Skiles, Schmidt and DuBuque",588,08/23/1999
590,MASSA,"Donec posuere metus vitae ipsum. Aliquam non mauris. Morbi non lectus. Aliquam sit amet diam in magna bibendum imperdiet. Nullam orci pede, venenatis non, sodales sed, tincidunt eu, felis. Fusce posuere felis sed lacus. Morbi sem mauris, laoreet ut, rhoncus aliquet, pulvinar sed, nisl. Nunc rhoncus dui vel sem. Sed sagittis. Nam congue, risus semper porta volutpat, quam pede lobortis ligula, sit amet eleifend pede libero quis orci.",$15.94,Switch,MMORPG,Schowalter LLC,483,12/11/2012
591,MAECENAS TINCIDUNT,"Cras pellentesque volutpat dui. Maecenas tristique, est et tempus semper, est quam pharetra magna, ac consequat metus sapien ut nunc. Vestibulum ante ipsum primis in faucibus orci luctus et ultrices posuere cubilia Curae; Mauris viverra diam vitae quam.",$54.60,PC,Stealth,"Williamson, Gorczany and Crooks",460,05/25/2005
592,QUAM NEC,"Suspendisse ornare consequat lectus. In est risus, auctor sed, tristique in, tempus sit amet, sem. Fusce consequat.",$0.53,Switch,Survival,Halvorson LLC,155,01/26/2016
593,AENEAN,"In tempor, turpis nec euismod scelerisque, quam turpis adipiscing lorem, vitae mattis nibh ligula nec sem. Duis aliquam convallis nunc. Proin at turpis a pede posuere nonummy. Integer non velit. Donec diam neque, vestibulum eget, vulputate ut, ultrices vel, augue. Vestibulum ante ipsum primis in faucibus orci luctus et ultrices posuere cubilia Curae; Donec pharetra, magna vestibulum aliquet ultrices, erat tortor sollicitudin mi, sit amet lobortis sapien sapien non mi. Integer ac neque. Duis bibendum. Morbi non quam nec dui luctus rutrum.",$31.79,PC,Simulation,Corwin LLC,822,05/29/2015
594,LACUS,"Sed accumsan felis. Ut at dolor quis odio consequat varius. Integer ac leo. Pellentesque ultrices mattis odio. Donec vitae nisi. Nam ultrices, libero non mattis pulvinar, nulla pede ullamcorper augue, a suscipit nulla elit ac nulla. Sed vel enim sit amet nunc viverra dapibus.",$41.63,PC,Sports,"Erdman, Koss and Emmerich",291,10/24/2011
595,VIVAMUS VESTIBULUM,"Maecenas leo odio, condimentum id, luctus nec, molestie sed, justo.",$51.56,PC,Rhythm,Sipes-Macejkovic,800,11/27/2023
596,ODIO CONDIMENTUM ID LUCTUS,"Morbi quis tortor id nulla ultrices aliquet. Maecenas leo odio, condimentum id, luctus nec, molestie sed, justo.",$52.64,PS5,MMORPG,"Abbott, Streich and Altenwerth",870,07/12/2014
597,PULVINAR SED NISL NUNC,"In est risus, auctor sed, tristique in, tempus sit amet, sem. Fusce consequat. Nulla nisl. Nunc nisl. Duis bibendum, felis sed interdum venenatis, turpis enim blandit mi, in porttitor pede justo eu massa.",$11.17,Switch,Adventure,Weimann and Sons,630,12/20/2001
598,MASSA DONEC DAPIBUS DUIS,"Mauris enim leo, rhoncus sed, vestibulum sit amet, cursus id, turpis. Integer aliquet, massa id lobortis convallis, tortor risus dapibus augue, vel accumsan tellus nisi eu orci. Mauris lacinia sapien quis libero. Nullam sit amet turpis elementum ligula vehicula consequat. Morbi a ipsum. Integer a nibh. In quis justo. Maecenas rhoncus aliquam lacus. Morbi quis tortor id nulla ultrices aliquet. Maecenas leo odio, condimentum id, luctus nec, molestie sed, justo.",$50.75,PC,Horror,O'Reilly-Mayer,513,04/10/2014
599,PRETIUM IACULIS JUSTO,Nullam varius. Nulla facilisi.,$46.05,Switch,MMORPG,"Parker, Conn and Homenick",378,11/30/1999
600,SED TRISTIQUE IN TEMPUS,"Nullam orci pede, venenatis non, sodales sed, tincidunt eu, felis. Fusce posuere felis sed lacus. Morbi sem mauris, laoreet ut, rhoncus aliquet, pulvinar sed, nisl. Nunc rhoncus dui vel sem. Sed sagittis. Nam congue, risus semper porta volutpat, quam pede lobortis ligula, sit amet eleifend pede libero quis orci.",$37.99,PC,Stealth,Lakin Inc,515,10/15/2003
601,EGET EROS ELEMENTUM,"Praesent blandit lacinia erat. Vestibulum sed magna at nunc commodo placerat. Praesent blandit. Nam nulla. Integer pede justo, lacinia eget, tincidunt eget, tempus vel, pede.",$35.91,PS5,Role-playing,Satterfield and Sons,489,12/11/2019
602,TEMPOR CONVALLIS,"Proin leo odio, porttitor id, consequat in, consequat ut, nulla. Sed accumsan felis. Ut at dolor quis odio consequat varius. Integer ac leo. Pellentesque ultrices mattis odio. Donec vitae nisi. Nam ultrices, libero non mattis pulvinar, nulla pede ullamcorper augue, a suscipit nulla elit ac nulla. Sed vel enim sit amet nunc viverra dapibus. Nulla suscipit ligula in lacus. Curabitur at ipsum ac tellus semper interdum.",$38.98,Xbox,Survival,"Bergnaum, Sanford and Purdy",718,06/05/1997
603,EU,"Cras mi pede, malesuada in, imperdiet et, commodo vulputate, justo. In blandit ultrices enim. Lorem ipsum dolor sit amet, consectetuer adipiscing elit. Proin interdum mauris non ligula pellentesque ultrices. Phasellus id sapien in sapien iaculis congue. Vivamus metus arcu, adipiscing molestie, hendrerit at, vulputate vitae, nisl. Aenean lectus.",$36.77,PS5,Rhythm,"Stark, Treutel and Barton",165,10/01/2020
604,IPSUM PRIMIS IN,Sed ante. Vivamus tortor.,$15.06,PS5,Horror,Turner Inc,670,09/11/2022
605,MAGNA VESTIBULUM ALIQUET ULTRICES ERAT,"Nullam orci pede, venenatis non, sodales sed, tincidunt eu, felis. Fusce posuere felis sed lacus. Morbi sem mauris, laoreet ut, rhoncus aliquet, pulvinar sed, nisl. Nunc rhoncus dui vel sem. Sed sagittis. Nam congue, risus semper porta volutpat, quam pede lobortis ligula, sit amet eleifend pede libero quis orci. Nullam molestie nibh in lectus.",$4.19,Xbox,Puzzle,"Schowalter, Hand and Torphy",204,10/10/2023
606,SEMPER,"Aliquam sit amet diam in magna bibendum imperdiet. Nullam orci pede, venenatis non, sodales sed, tincidunt eu, felis. Fusce posuere felis sed lacus. Morbi sem mauris, laoreet ut, rhoncus aliquet, pulvinar sed, nisl. Nunc rhoncus dui vel sem. Sed sagittis.",$44.51,PC,Puzzle,"Simonis, Heathcote and Brekke",323,06/01/2024
607,SAGITTIS DUI VEL,Nullam sit amet turpis elementum ligula vehicula consequat. Morbi a ipsum. Integer a nibh. In quis justo.,$30.90,PC,Horror,Koss-Kirlin,217,09/09/2017
608,ELEIFEND LUCTUS ULTRICIES EU NIBH,"Vivamus vel nulla eget eros elementum pellentesque. Quisque porta volutpat erat. Quisque erat eros, viverra eget, congue eget, semper rutrum, nulla. Nunc purus. Phasellus in felis. Donec semper sapien a libero.",$58.50,Xbox,Puzzle,"Tromp, Halvorson and Metz",916,07/01/1999
609,NEC DUI,Nulla justo.,$43.70,Switch,Fighting,Lemke-Morissette,890,05/09/2010
610,VOLUTPAT DUI,"Donec odio justo, sollicitudin ut, suscipit a, feugiat et, eros. Vestibulum ac est lacinia nisi venenatis tristique. Fusce congue, diam id ornare imperdiet, sapien urna pretium nisl, ut volutpat sapien arcu sed augue. Aliquam erat volutpat. In congue. Etiam justo. Etiam pretium iaculis justo.",$38.39,PC,Action,Konopelski Inc,762,02/13/1998
611,VOLUTPAT ELEIFEND DONEC,"Vestibulum sed magna at nunc commodo placerat. Praesent blandit. Nam nulla. Integer pede justo, lacinia eget, tincidunt eget, tempus vel, pede. Morbi porttitor lorem id ligula. Suspendisse ornare consequat lectus. In est risus, auctor sed, tristique in, tempus sit amet, sem. Fusce consequat.",$45.25,Switch,Racing,Purdy-Kuhlman,711,07/03/1994
612,NEC CONDIMENTUM NEQUE SAPIEN,Donec ut mauris eget massa tempor convallis.,$27.46,Switch,Simulation,Goldner Inc,6,02/11/1999
613,AMET NUNC VIVERRA DAPIBUS,"Nam nulla. Integer pede justo, lacinia eget, tincidunt eget, tempus vel, pede. Morbi porttitor lorem id ligula. Suspendisse ornare consequat lectus. In est risus, auctor sed, tristique in, tempus sit amet, sem. Fusce consequat. Nulla nisl. Nunc nisl. Duis bibendum, felis sed interdum venenatis, turpis enim blandit mi, in porttitor pede justo eu massa.",$15.20,Switch,Survival,"Okuneva, Morar and Rutherford",648,01/12/2015
614,AENEAN FERMENTUM DONEC UT MAURIS,"Fusce congue, diam id ornare imperdiet, sapien urna pretium nisl, ut volutpat sapien arcu sed augue. Aliquam erat volutpat. In congue.",$52.09,Xbox,MMORPG,Deckow-Torp,43,02/14/2004
615,ULTRICES ERAT TORTOR SOLLICITUDIN MI,Nulla suscipit ligula in lacus. Curabitur at ipsum ac tellus semper interdum. Mauris ullamcorper purus sit amet nulla.,$31.28,Xbox,MMORPG,Ratke-Thiel,35,02/28/2006
616,INTEGER AC LEO PELLENTESQUE,"Morbi a ipsum. Integer a nibh. In quis justo. Maecenas rhoncus aliquam lacus. Morbi quis tortor id nulla ultrices aliquet. Maecenas leo odio, condimentum id, luctus nec, molestie sed, justo. Pellentesque viverra pede ac diam.",$43.45,PS5,Role-playing,Kovacek LLC,614,01/26/2020
617,ANTE,"Pellentesque ultrices mattis odio. Donec vitae nisi. Nam ultrices, libero non mattis pulvinar, nulla pede ullamcorper augue, a suscipit nulla elit ac nulla. Sed vel enim sit amet nunc viverra dapibus. Nulla suscipit ligula in lacus. Curabitur at ipsum ac tellus semper interdum.",$32.73,PC,Sports,Johnston-Stehr,713,02/20/2003
618,MI,Pellentesque at nulla. Suspendisse potenti.,$29.52,PC,Puzzle,Murazik-Littel,246,02/16/2003
619,LOREM IPSUM DOLOR SIT AMET,"Vivamus in felis eu sapien cursus vestibulum. Proin eu mi. Nulla ac enim. In tempor, turpis nec euismod scelerisque, quam turpis adipiscing lorem, vitae mattis nibh ligula nec sem. Duis aliquam convallis nunc. Proin at turpis a pede posuere nonummy. Integer non velit. Donec diam neque, vestibulum eget, vulputate ut, ultrices vel, augue.",$10.67,PS5,Role-playing,Wisozk-Kuvalis,329,09/28/2003
620,SEM DUIS,"Vestibulum ante ipsum primis in faucibus orci luctus et ultrices posuere cubilia Curae; Donec pharetra, magna vestibulum aliquet ultrices, erat tortor sollicitudin mi, sit amet lobortis sapien sapien non mi. Integer ac neque. Duis bibendum. Morbi non quam nec dui luctus rutrum. Nulla tellus. In sagittis dui vel nisl. Duis ac nibh. Fusce lacus purus, aliquet at, feugiat non, pretium quis, lectus.",$32.37,PC,Racing,Rohan-Ziemann,384,01/18/2017
621,NULLA ULTRICES,"Cras pellentesque volutpat dui. Maecenas tristique, est et tempus semper, est quam pharetra magna, ac consequat metus sapien ut nunc. Vestibulum ante ipsum primis in faucibus orci luctus et ultrices posuere cubilia Curae; Mauris viverra diam vitae quam. Suspendisse potenti. Nullam porttitor lacus at turpis. Donec posuere metus vitae ipsum. Aliquam non mauris. Morbi non lectus. Aliquam sit amet diam in magna bibendum imperdiet.",$7.09,Switch,MMORPG,Krajcik-Morar,536,12/27/2013
622,NASCETUR,"Suspendisse potenti. In eleifend quam a odio. In hac habitasse platea dictumst. Maecenas ut massa quis augue luctus tincidunt. Nulla mollis molestie lorem. Quisque ut erat. Curabitur gravida nisi at nibh. In hac habitasse platea dictumst. Aliquam augue quam, sollicitudin vitae, consectetuer eget, rutrum at, lorem.",$56.31,Switch,Fighting,King-Gutmann,4,01/17/2011
623,VITAE CONSECTETUER,Nulla ut erat id mauris vulputate elementum. Nullam varius.,$39.41,Xbox,Action,"Feil, Green and Jacobi",299,10/31/2007
624,CONVALLIS MORBI ODIO ODIO,"Cras pellentesque volutpat dui. Maecenas tristique, est et tempus semper, est quam pharetra magna, ac consequat metus sapien ut nunc. Vestibulum ante ipsum primis in faucibus orci luctus et ultrices posuere cubilia Curae; Mauris viverra diam vitae quam. Suspendisse potenti. Nullam porttitor lacus at turpis. Donec posuere metus vitae ipsum.",$24.06,Xbox,Platformer,"Bechtelar, Jakubowski and Gleichner",162,12/10/2000
625,DONEC POSUERE METUS VITAE,"Nulla tellus. In sagittis dui vel nisl. Duis ac nibh. Fusce lacus purus, aliquet at, feugiat non, pretium quis, lectus. Suspendisse potenti. In eleifend quam a odio. In hac habitasse platea dictumst.",$55.50,Xbox,MMORPG,Ferry-Hermiston,318,09/03/1999
626,MASSA QUIS AUGUE LUCTUS,"Vestibulum sed magna at nunc commodo placerat. Praesent blandit. Nam nulla. Integer pede justo, lacinia eget, tincidunt eget, tempus vel, pede. Morbi porttitor lorem id ligula. Suspendisse ornare consequat lectus. In est risus, auctor sed, tristique in, tempus sit amet, sem.",$44.55,PC,Simulation,Stoltenberg Group,143,01/29/2001
627,SAGITTIS,Fusce posuere felis sed lacus.,$54.99,PS5,Role-playing,Watsica Group,854,04/27/2007
628,QUAM,"Vivamus vestibulum sagittis sapien. Cum sociis natoque penatibus et magnis dis parturient montes, nascetur ridiculus mus. Etiam vel augue.",$48.73,PC,Simulation,"Macejkovic, Runolfsdottir and Kuhn",182,11/26/1999
629,QUIS LECTUS,"Nulla tempus. Vivamus in felis eu sapien cursus vestibulum. Proin eu mi. Nulla ac enim. In tempor, turpis nec euismod scelerisque, quam turpis adipiscing lorem, vitae mattis nibh ligula nec sem. Duis aliquam convallis nunc. Proin at turpis a pede posuere nonummy. Integer non velit. Donec diam neque, vestibulum eget, vulputate ut, ultrices vel, augue.",$29.45,Switch,Rhythm,"Ernser, Goodwin and Connelly",594,02/18/1994
630,ORCI,"Donec quis orci eget orci vehicula condimentum. Curabitur in libero ut massa volutpat convallis. Morbi odio odio, elementum eu, interdum eu, tincidunt in, leo.",$4.88,PC,Fighting,Renner-Lemke,349,11/29/1994
631,AT FEUGIAT NON,"Nulla ac enim. In tempor, turpis nec euismod scelerisque, quam turpis adipiscing lorem, vitae mattis nibh ligula nec sem. Duis aliquam convallis nunc. Proin at turpis a pede posuere nonummy.",$42.82,Switch,Horror,"Maggio, Abshire and Dickinson",864,07/21/2022
632,DAPIBUS,"Cras pellentesque volutpat dui. Maecenas tristique, est et tempus semper, est quam pharetra magna, ac consequat metus sapien ut nunc. Vestibulum ante ipsum primis in faucibus orci luctus et ultrices posuere cubilia Curae; Mauris viverra diam vitae quam. Suspendisse potenti. Nullam porttitor lacus at turpis. Donec posuere metus vitae ipsum. Aliquam non mauris. Morbi non lectus. Aliquam sit amet diam in magna bibendum imperdiet. Nullam orci pede, venenatis non, sodales sed, tincidunt eu, felis.",$33.22,Switch,Sports,Windler-Bernier,973,05/20/1995
633,SAGITTIS SAPIEN,Integer tincidunt ante vel ipsum. Praesent blandit lacinia erat. Vestibulum sed magna at nunc commodo placerat.,$15.02,Xbox,Survival,Stoltenberg and Sons,274,03/16/2015
634,MI PEDE MALESUADA,"Morbi porttitor lorem id ligula. Suspendisse ornare consequat lectus. In est risus, auctor sed, tristique in, tempus sit amet, sem. Fusce consequat. Nulla nisl. Nunc nisl. Duis bibendum, felis sed interdum venenatis, turpis enim blandit mi, in porttitor pede justo eu massa. Donec dapibus. Duis at velit eu est congue elementum. In hac habitasse platea dictumst.",$10.57,PS5,MMORPG,Mante Inc,764,12/27/2003
635,ALIQUAM SIT AMET DIAM IN,"Quisque ut erat. Curabitur gravida nisi at nibh. In hac habitasse platea dictumst. Aliquam augue quam, sollicitudin vitae, consectetuer eget, rutrum at, lorem. Integer tincidunt ante vel ipsum. Praesent blandit lacinia erat.",$18.21,PS5,Platformer,"Borer, Wisozk and Schmitt",111,03/11/2006
636,EGET RUTRUM AT,"Nulla facilisi. Cras non velit nec nisi vulputate nonummy. Maecenas tincidunt lacus at velit. Vivamus vel nulla eget eros elementum pellentesque. Quisque porta volutpat erat. Quisque erat eros, viverra eget, congue eget, semper rutrum, nulla. Nunc purus.",$54.33,Switch,Survival,Marks and Sons,721,08/22/2010
637,TORTOR,"Curabitur gravida nisi at nibh. In hac habitasse platea dictumst. Aliquam augue quam, sollicitudin vitae, consectetuer eget, rutrum at, lorem. Integer tincidunt ante vel ipsum.",$5.41,PS5,Rhythm,Kuvalis LLC,363,08/09/2016
638,LECTUS,"Suspendisse potenti. Nullam porttitor lacus at turpis. Donec posuere metus vitae ipsum. Aliquam non mauris. Morbi non lectus. Aliquam sit amet diam in magna bibendum imperdiet. Nullam orci pede, venenatis non, sodales sed, tincidunt eu, felis. Fusce posuere felis sed lacus.",$36.09,PS5,Rhythm,Koelpin-Mraz,610,03/24/2016
639,SIT,"Morbi vestibulum, velit id pretium iaculis, diam erat fermentum justo, nec condimentum neque sapien placerat ante. Nulla justo. Aliquam quis turpis eget elit sodales scelerisque.",$32.57,PC,Simulation,"Streich, Barton and Yundt",464,04/26/2021
640,CURAE MAURIS,"Vestibulum sed magna at nunc commodo placerat. Praesent blandit. Nam nulla. Integer pede justo, lacinia eget, tincidunt eget, tempus vel, pede. Morbi porttitor lorem id ligula. Suspendisse ornare consequat lectus. In est risus, auctor sed, tristique in, tempus sit amet, sem. Fusce consequat.",$34.10,Xbox,Strategy,Botsford-DuBuque,755,11/16/2011
641,LUCTUS ET ULTRICES POSUERE,"Proin interdum mauris non ligula pellentesque ultrices. Phasellus id sapien in sapien iaculis congue. Vivamus metus arcu, adipiscing molestie, hendrerit at, vulputate vitae, nisl. Aenean lectus. Pellentesque eget nunc.",$21.85,Xbox,Sports,Hudson-Lubowitz,837,12/27/1995
642,CONSEQUAT LECTUS,In hac habitasse platea dictumst. Maecenas ut massa quis augue luctus tincidunt. Nulla mollis molestie lorem.,$51.12,Xbox,Rhythm,Cronin Group,204,10/14/2014
643,VEL,"In est risus, auctor sed, tristique in, tempus sit amet, sem. Fusce consequat. Nulla nisl.",$41.17,Switch,MMORPG,Oberbrunner Inc,149,01/01/1997
644,METUS AENEAN FERMENTUM,"Proin interdum mauris non ligula pellentesque ultrices. Phasellus id sapien in sapien iaculis congue. Vivamus metus arcu, adipiscing molestie, hendrerit at, vulputate vitae, nisl. Aenean lectus. Pellentesque eget nunc. Donec quis orci eget orci vehicula condimentum. Curabitur in libero ut massa volutpat convallis.",$16.17,PC,Platformer,Wuckert-Hilll,569,08/10/2015
645,PELLENTESQUE VIVERRA,"Donec odio justo, sollicitudin ut, suscipit a, feugiat et, eros.",$29.58,Xbox,Survival,Zieme-Koelpin,761,09/15/2009
646,LACINIA,Nulla facilisi. Cras non velit nec nisi vulputate nonummy.,$32.99,Xbox,Sports,Robel and Sons,772,02/11/2007
647,VIVERRA DIAM,"Vivamus vestibulum sagittis sapien. Cum sociis natoque penatibus et magnis dis parturient montes, nascetur ridiculus mus. Etiam vel augue. Vestibulum rutrum rutrum neque. Aenean auctor gravida sem.",$58.08,PS5,Fighting,Kilback-Russel,798,03/20/2015
648,A FEUGIAT ET,"Donec dapibus. Duis at velit eu est congue elementum. In hac habitasse platea dictumst. Morbi vestibulum, velit id pretium iaculis, diam erat fermentum justo, nec condimentum neque sapien placerat ante. Nulla justo. Aliquam quis turpis eget elit sodales scelerisque. Mauris sit amet eros. Suspendisse accumsan tortor quis turpis. Sed ante. Vivamus tortor.",$17.29,Xbox,Platformer,"Fay, McClure and Mueller",367,10/23/2010
649,IMPERDIET SAPIEN,"Donec vitae nisi. Nam ultrices, libero non mattis pulvinar, nulla pede ullamcorper augue, a suscipit nulla elit ac nulla. Sed vel enim sit amet nunc viverra dapibus. Nulla suscipit ligula in lacus. Curabitur at ipsum ac tellus semper interdum.",$37.50,Xbox,Horror,Rowe and Sons,931,11/04/1995
650,ID NISL VENENATIS LACINIA AENEAN,"Donec diam neque, vestibulum eget, vulputate ut, ultrices vel, augue. Vestibulum ante ipsum primis in faucibus orci luctus et ultrices posuere cubilia Curae; Donec pharetra, magna vestibulum aliquet ultrices, erat tortor sollicitudin mi, sit amet lobortis sapien sapien non mi.",$59.04,PC,Fighting,Walter LLC,516,04/25/2010
651,NAM NULLA INTEGER PEDE JUSTO,Nam dui.,$14.79,Xbox,Sports,"Yost, Lind and Kemmer",808,11/27/2024
652,ALIQUAM SIT AMET,"Duis consequat dui nec nisi volutpat eleifend. Donec ut dolor. Morbi vel lectus in quam fringilla rhoncus. Mauris enim leo, rhoncus sed, vestibulum sit amet, cursus id, turpis. Integer aliquet, massa id lobortis convallis, tortor risus dapibus augue, vel accumsan tellus nisi eu orci. Mauris lacinia sapien quis libero. Nullam sit amet turpis elementum ligula vehicula consequat.",$41.56,Switch,MMORPG,Schroeder LLC,203,03/11/2012
653,QUAM SOLLICITUDIN VITAE,"Pellentesque eget nunc. Donec quis orci eget orci vehicula condimentum. Curabitur in libero ut massa volutpat convallis. Morbi odio odio, elementum eu, interdum eu, tincidunt in, leo. Maecenas pulvinar lobortis est. Phasellus sit amet erat. Nulla tempus. Vivamus in felis eu sapien cursus vestibulum.",$36.73,PS5,MMORPG,Hickle Inc,984,02/28/2018
654,SOCIIS NATOQUE,"Pellentesque at nulla. Suspendisse potenti. Cras in purus eu magna vulputate luctus. Cum sociis natoque penatibus et magnis dis parturient montes, nascetur ridiculus mus. Vivamus vestibulum sagittis sapien. Cum sociis natoque penatibus et magnis dis parturient montes, nascetur ridiculus mus. Etiam vel augue. Vestibulum rutrum rutrum neque. Aenean auctor gravida sem. Praesent id massa id nisl venenatis lacinia.",$42.38,PS5,Strategy,Lueilwitz-Cronin,194,01/04/1995
655,SEMPER PORTA,"Donec odio justo, sollicitudin ut, suscipit a, feugiat et, eros. Vestibulum ac est lacinia nisi venenatis tristique. Fusce congue, diam id ornare imperdiet, sapien urna pretium nisl, ut volutpat sapien arcu sed augue. Aliquam erat volutpat. In congue. Etiam justo. Etiam pretium iaculis justo. In hac habitasse platea dictumst. Etiam faucibus cursus urna.",$53.84,Xbox,Fighting,Spinka and Sons,35,12/08/2003
656,SAPIEN,Mauris sit amet eros. Suspendisse accumsan tortor quis turpis. Sed ante.,$22.00,PC,Stealth,Russel-Swaniawski,880,05/11/2013
657,ORCI LUCTUS ET ULTRICES POSUERE,"Quisque porta volutpat erat. Quisque erat eros, viverra eget, congue eget, semper rutrum, nulla. Nunc purus.",$23.68,PS5,Strategy,Hammes LLC,699,03/20/2020
658,LACINIA NISI VENENATIS TRISTIQUE FUSCE,"Aliquam augue quam, sollicitudin vitae, consectetuer eget, rutrum at, lorem. Integer tincidunt ante vel ipsum. Praesent blandit lacinia erat.",$58.39,Xbox,Fighting,Lang and Sons,82,02/05/2017
659,MAURIS LACINIA SAPIEN QUIS,Aliquam quis turpis eget elit sodales scelerisque.,$45.55,Switch,Action,"Hammes, Grimes and Murazik",631,07/31/2017
660,AC ENIM,"Vestibulum ante ipsum primis in faucibus orci luctus et ultrices posuere cubilia Curae; Nulla dapibus dolor vel est. Donec odio justo, sollicitudin ut, suscipit a, feugiat et, eros. Vestibulum ac est lacinia nisi venenatis tristique. Fusce congue, diam id ornare imperdiet, sapien urna pretium nisl, ut volutpat sapien arcu sed augue.",$19.99,Xbox,Racing,"Kuphal, Leannon and Sporer",789,01/30/2010
661,IN BLANDIT ULTRICES ENIM LOREM,"In hac habitasse platea dictumst. Aliquam augue quam, sollicitudin vitae, consectetuer eget, rutrum at, lorem. Integer tincidunt ante vel ipsum. Praesent blandit lacinia erat.",$19.85,Switch,Stealth,Little Group,390,04/17/2012
662,VESTIBULUM SED MAGNA AT,"In hac habitasse platea dictumst. Morbi vestibulum, velit id pretium iaculis, diam erat fermentum justo, nec condimentum neque sapien placerat ante. Nulla justo. Aliquam quis turpis eget elit sodales scelerisque. Mauris sit amet eros. Suspendisse accumsan tortor quis turpis. Sed ante. Vivamus tortor. Duis mattis egestas metus. Aenean fermentum.",$15.35,Xbox,Simulation,Kuphal and Sons,939,12/07/2002
663,CONGUE ELEMENTUM,"Nam nulla. Integer pede justo, lacinia eget, tincidunt eget, tempus vel, pede. Morbi porttitor lorem id ligula. Suspendisse ornare consequat lectus. In est risus, auctor sed, tristique in, tempus sit amet, sem. Fusce consequat.",$24.78,PS5,Strategy,Thiel-O'Connell,536,09/03/2007
664,CONGUE,"Phasellus id sapien in sapien iaculis congue. Vivamus metus arcu, adipiscing molestie, hendrerit at, vulputate vitae, nisl. Aenean lectus. Pellentesque eget nunc. Donec quis orci eget orci vehicula condimentum. Curabitur in libero ut massa volutpat convallis. Morbi odio odio, elementum eu, interdum eu, tincidunt in, leo.",$12.16,PS5,Platformer,Gleichner LLC,575,09/04/1996
665,TURPIS DONEC POSUERE METUS VITAE,Duis consequat dui nec nisi volutpat eleifend. Donec ut dolor.,$13.89,Switch,Adventure,Kohler and Sons,216,04/17/2008
666,NUNC VESTIBULUM ANTE IPSUM PRIMIS,Suspendisse potenti. Nullam porttitor lacus at turpis. Donec posuere metus vitae ipsum.,$25.58,PS5,Horror,Botsford-Pouros,875,03/01/2005
667,EST CONGUE ELEMENTUM,Vestibulum sed magna at nunc commodo placerat. Praesent blandit. Nam nulla.,$25.28,Switch,Stealth,"Johnston, Jacobs and Sawayn",740,09/26/2006
668,EGET ELIT,"Curabitur gravida nisi at nibh. In hac habitasse platea dictumst. Aliquam augue quam, sollicitudin vitae, consectetuer eget, rutrum at, lorem. Integer tincidunt ante vel ipsum. Praesent blandit lacinia erat. Vestibulum sed magna at nunc commodo placerat.",$48.35,PC,Platformer,Marvin-Hyatt,882,01/13/2002
669,PURUS SIT AMET,"Pellentesque ultrices mattis odio. Donec vitae nisi. Nam ultrices, libero non mattis pulvinar, nulla pede ullamcorper augue, a suscipit nulla elit ac nulla. Sed vel enim sit amet nunc viverra dapibus. Nulla suscipit ligula in lacus. Curabitur at ipsum ac tellus semper interdum. Mauris ullamcorper purus sit amet nulla. Quisque arcu libero, rutrum ac, lobortis vel, dapibus at, diam.",$40.97,Xbox,Fighting,Barrows-Ullrich,999,09/18/2000
670,ODIO CONDIMENTUM ID LUCTUS NEC,"Donec odio justo, sollicitudin ut, suscipit a, feugiat et, eros. Vestibulum ac est lacinia nisi venenatis tristique. Fusce congue, diam id ornare imperdiet, sapien urna pretium nisl, ut volutpat sapien arcu sed augue. Aliquam erat volutpat.",$35.45,Xbox,Platformer,Beier Group,908,12/03/1994
671,CURSUS ID TURPIS,Aliquam quis turpis eget elit sodales scelerisque. Mauris sit amet eros. Suspendisse accumsan tortor quis turpis. Sed ante. Vivamus tortor. Duis mattis egestas metus.,$2.45,Xbox,Role-playing,Simonis-Marks,394,05/06/1996
672,ACCUMSAN FELIS UT,Nunc purus.,$20.79,PS5,Puzzle,Simonis LLC,511,10/10/1994
673,EU MI,"Vestibulum ante ipsum primis in faucibus orci luctus et ultrices posuere cubilia Curae; Nulla dapibus dolor vel est. Donec odio justo, sollicitudin ut, suscipit a, feugiat et, eros. Vestibulum ac est lacinia nisi venenatis tristique. Fusce congue, diam id ornare imperdiet, sapien urna pretium nisl, ut volutpat sapien arcu sed augue. Aliquam erat volutpat. In congue. Etiam justo.",$59.19,PC,Stealth,"Glover, Bogisich and Kiehn",257,09/27/2001
674,ODIO CONSEQUAT VARIUS INTEGER,"Nullam molestie nibh in lectus. Pellentesque at nulla. Suspendisse potenti. Cras in purus eu magna vulputate luctus. Cum sociis natoque penatibus et magnis dis parturient montes, nascetur ridiculus mus. Vivamus vestibulum sagittis sapien.",$16.26,Switch,Platformer,"Ortiz, Schmidt and Schmidt",8,01/21/1997
675,PRIMIS IN FAUCIBUS ORCI LUCTUS,Nullam sit amet turpis elementum ligula vehicula consequat. Morbi a ipsum. Integer a nibh. In quis justo. Maecenas rhoncus aliquam lacus. Morbi quis tortor id nulla ultrices aliquet.,$21.63,PC,Platformer,"Maggio, Simonis and Hintz",237,10/02/2018
676,NUNC VIVERRA DAPIBUS NULLA,"Integer tincidunt ante vel ipsum. Praesent blandit lacinia erat. Vestibulum sed magna at nunc commodo placerat. Praesent blandit. Nam nulla. Integer pede justo, lacinia eget, tincidunt eget, tempus vel, pede. Morbi porttitor lorem id ligula. Suspendisse ornare consequat lectus. In est risus, auctor sed, tristique in, tempus sit amet, sem.",$3.62,Switch,Simulation,Dickinson-Huels,103,08/17/1994
677,UT AT DOLOR QUIS,"Duis ac nibh. Fusce lacus purus, aliquet at, feugiat non, pretium quis, lectus. Suspendisse potenti. In eleifend quam a odio. In hac habitasse platea dictumst.",$53.85,PC,Action,"Hickle, Lehner and Quitzon",797,02/08/2005
678,EGET TEMPUS VEL,"Cras in purus eu magna vulputate luctus. Cum sociis natoque penatibus et magnis dis parturient montes, nascetur ridiculus mus. Vivamus vestibulum sagittis sapien. Cum sociis natoque penatibus et magnis dis parturient montes, nascetur ridiculus mus. Etiam vel augue. Vestibulum rutrum rutrum neque. Aenean auctor gravida sem. Praesent id massa id nisl venenatis lacinia.",$38.93,PS5,Role-playing,Lindgren-Torp,528,02/28/2019
679,DONEC SEMPER SAPIEN A LIBERO,Aenean lectus. Pellentesque eget nunc. Donec quis orci eget orci vehicula condimentum. Curabitur in libero ut massa volutpat convallis.,$41.82,Switch,Action,Nikolaus-Rosenbaum,399,06/22/1999
680,IN HAC,Morbi vel lectus in quam fringilla rhoncus.,$8.65,PS5,Puzzle,Schoen LLC,912,09/25/2015
681,DUIS CONSEQUAT,"Nam dui. Proin leo odio, porttitor id, consequat in, consequat ut, nulla. Sed accumsan felis. Ut at dolor quis odio consequat varius. Integer ac leo. Pellentesque ultrices mattis odio. Donec vitae nisi. Nam ultrices, libero non mattis pulvinar, nulla pede ullamcorper augue, a suscipit nulla elit ac nulla.",$13.56,Switch,Horror,Vandervort-Boyle,399,10/15/1998
682,NON LIGULA PELLENTESQUE ULTRICES PHASELLUS,Cras non velit nec nisi vulputate nonummy.,$1.81,PS5,Sports,"Renner, Hansen and Nader",716,03/22/2000
683,IN QUIS,"Morbi ut odio. Cras mi pede, malesuada in, imperdiet et, commodo vulputate, justo. In blandit ultrices enim. Lorem ipsum dolor sit amet, consectetuer adipiscing elit. Proin interdum mauris non ligula pellentesque ultrices. Phasellus id sapien in sapien iaculis congue. Vivamus metus arcu, adipiscing molestie, hendrerit at, vulputate vitae, nisl. Aenean lectus.",$41.17,PS5,Sports,Dickens-Stiedemann,161,04/14/2019
684,DICTUMST,Praesent blandit. Nam nulla.,$25.20,Switch,Survival,Harvey Inc,140,06/09/2013
685,NEQUE DUIS BIBENDUM MORBI NON,"Lorem ipsum dolor sit amet, consectetuer adipiscing elit. Proin risus. Praesent lectus. Vestibulum quam sapien, varius ut, blandit non, interdum in, ante.",$30.87,PS5,Rhythm,Klocko LLC,482,11/24/2017
686,CUM SOCIIS NATOQUE,Quisque ut erat. Curabitur gravida nisi at nibh. In hac habitasse platea dictumst.,$36.07,PC,Strategy,Cummings-Emmerich,83,09/13/2002
687,SOCIIS NATOQUE,Integer a nibh.,$38.41,PS5,Action,"Grady, Torp and Hand",535,09/24/2019
688,VESTIBULUM VESTIBULUM ANTE,"Vestibulum ac est lacinia nisi venenatis tristique. Fusce congue, diam id ornare imperdiet, sapien urna pretium nisl, ut volutpat sapien arcu sed augue. Aliquam erat volutpat. In congue. Etiam justo. Etiam pretium iaculis justo. In hac habitasse platea dictumst. Etiam faucibus cursus urna. Ut tellus.",$13.52,Switch,Rhythm,Runte-Considine,696,01/29/2020
689,AENEAN,"Maecenas pulvinar lobortis est. Phasellus sit amet erat. Nulla tempus. Vivamus in felis eu sapien cursus vestibulum. Proin eu mi. Nulla ac enim. In tempor, turpis nec euismod scelerisque, quam turpis adipiscing lorem, vitae mattis nibh ligula nec sem. Duis aliquam convallis nunc. Proin at turpis a pede posuere nonummy. Integer non velit.",$42.02,PS5,MMORPG,"Kuphal, Hodkiewicz and Miller",441,01/11/2004
690,QUAM A ODIO,Nulla justo. Aliquam quis turpis eget elit sodales scelerisque.,$34.93,Xbox,Puzzle,Effertz-Pouros,39,02/03/2024
691,NONUMMY MAECENAS TINCIDUNT,Nullam varius. Nulla facilisi. Cras non velit nec nisi vulputate nonummy. Maecenas tincidunt lacus at velit. Vivamus vel nulla eget eros elementum pellentesque.,$17.15,Switch,Stealth,Feil LLC,208,05/25/2014
692,NISI VULPUTATE NONUMMY MAECENAS,"Nulla nisl. Nunc nisl. Duis bibendum, felis sed interdum venenatis, turpis enim blandit mi, in porttitor pede justo eu massa. Donec dapibus. Duis at velit eu est congue elementum.",$7.04,Switch,MMORPG,"Moen, Stroman and Blanda",710,05/18/2020
693,NUNC PROIN AT TURPIS A,Vestibulum rutrum rutrum neque. Aenean auctor gravida sem. Praesent id massa id nisl venenatis lacinia. Aenean sit amet justo. Morbi ut odio.,$9.26,Switch,Puzzle,Morissette-Beier,242,08/17/2019
694,ORCI EGET ORCI VEHICULA,"Sed accumsan felis. Ut at dolor quis odio consequat varius. Integer ac leo. Pellentesque ultrices mattis odio. Donec vitae nisi. Nam ultrices, libero non mattis pulvinar, nulla pede ullamcorper augue, a suscipit nulla elit ac nulla. Sed vel enim sit amet nunc viverra dapibus. Nulla suscipit ligula in lacus.",$45.84,Switch,MMORPG,Beer-Bogan,522,03/12/2009
695,ID CONSEQUAT IN CONSEQUAT UT,"Proin risus. Praesent lectus. Vestibulum quam sapien, varius ut, blandit non, interdum in, ante. Vestibulum ante ipsum primis in faucibus orci luctus et ultrices posuere cubilia Curae; Duis faucibus accumsan odio.",$20.57,Switch,Survival,"Krajcik, Wisoky and Rolfson",81,10/08/2021
696,AT VULPUTATE VITAE NISL AENEAN,"Nulla tellus. In sagittis dui vel nisl. Duis ac nibh. Fusce lacus purus, aliquet at, feugiat non, pretium quis, lectus. Suspendisse potenti. In eleifend quam a odio. In hac habitasse platea dictumst.",$10.14,Switch,Puzzle,Medhurst Group,775,03/04/1999
697,ULTRICES MATTIS ODIO,Nam nulla.,$13.92,PC,Racing,Tillman-Konopelski,129,06/29/2015
698,ID MAURIS VULPUTATE ELEMENTUM NULLAM,"Proin at turpis a pede posuere nonummy. Integer non velit. Donec diam neque, vestibulum eget, vulputate ut, ultrices vel, augue.",$39.46,PC,Survival,Brakus-Schimmel,805,10/04/1996
699,ARCU LIBERO,"Nam congue, risus semper porta volutpat, quam pede lobortis ligula, sit amet eleifend pede libero quis orci. Nullam molestie nibh in lectus. Pellentesque at nulla. Suspendisse potenti. Cras in purus eu magna vulputate luctus. Cum sociis natoque penatibus et magnis dis parturient montes, nascetur ridiculus mus. Vivamus vestibulum sagittis sapien. Cum sociis natoque penatibus et magnis dis parturient montes, nascetur ridiculus mus. Etiam vel augue. Vestibulum rutrum rutrum neque.",$27.08,Switch,Action,Swaniawski-Green,731,09/23/2012
700,IPSUM PRIMIS,"Vivamus in felis eu sapien cursus vestibulum. Proin eu mi. Nulla ac enim. In tempor, turpis nec euismod scelerisque, quam turpis adipiscing lorem, vitae mattis nibh ligula nec sem. Duis aliquam convallis nunc. Proin at turpis a pede posuere nonummy. Integer non velit. Donec diam neque, vestibulum eget, vulputate ut, ultrices vel, augue. Vestibulum ante ipsum primis in faucibus orci luctus et ultrices posuere cubilia Curae; Donec pharetra, magna vestibulum aliquet ultrices, erat tortor sollicitudin mi, sit amet lobortis sapien sapien non mi.",$15.50,PC,Role-playing,"Greenfelder, Walker and Crist",503,09/04/2023
701,MUS VIVAMUS VESTIBULUM,Etiam justo. Etiam pretium iaculis justo.,$17.30,Switch,Role-playing,Schaefer-Klocko,232,12/05/2005
702,CRAS MI,Nunc purus. Phasellus in felis. Donec semper sapien a libero. Nam dui.,$34.03,PS5,Platformer,Larson-Reinger,202,09/22/1997
703,NON,"Integer tincidunt ante vel ipsum. Praesent blandit lacinia erat. Vestibulum sed magna at nunc commodo placerat. Praesent blandit. Nam nulla. Integer pede justo, lacinia eget, tincidunt eget, tempus vel, pede. Morbi porttitor lorem id ligula. Suspendisse ornare consequat lectus. In est risus, auctor sed, tristique in, tempus sit amet, sem.",$30.14,Xbox,Action,"Will, Beer and Oberbrunner",319,04/04/1999
704,VELIT NEC NISI,"Fusce consequat. Nulla nisl. Nunc nisl. Duis bibendum, felis sed interdum venenatis, turpis enim blandit mi, in porttitor pede justo eu massa. Donec dapibus. Duis at velit eu est congue elementum. In hac habitasse platea dictumst.",$12.94,PC,Role-playing,Hessel-West,921,12/06/2012
705,DICTUMST MAECENAS UT MASSA QUIS,Etiam justo. Etiam pretium iaculis justo.,$35.45,Xbox,Role-playing,"Roberts, Lind and Wiza",859,10/30/1998
706,ELEIFEND LUCTUS ULTRICIES EU NIBH,"Pellentesque viverra pede ac diam. Cras pellentesque volutpat dui. Maecenas tristique, est et tempus semper, est quam pharetra magna, ac consequat metus sapien ut nunc. Vestibulum ante ipsum primis in faucibus orci luctus et ultrices posuere cubilia Curae; Mauris viverra diam vitae quam.",$48.47,Xbox,Simulation,Hane Group,853,12/26/2021
707,AC,Sed ante. Vivamus tortor. Duis mattis egestas metus. Aenean fermentum. Donec ut mauris eget massa tempor convallis.,$13.43,PS5,Rhythm,"Jaskolski, Corwin and Ziemann",201,05/09/2012
708,QUAM NEC DUI LUCTUS RUTRUM,"Ut at dolor quis odio consequat varius. Integer ac leo. Pellentesque ultrices mattis odio. Donec vitae nisi. Nam ultrices, libero non mattis pulvinar, nulla pede ullamcorper augue, a suscipit nulla elit ac nulla. Sed vel enim sit amet nunc viverra dapibus. Nulla suscipit ligula in lacus. Curabitur at ipsum ac tellus semper interdum.",$24.03,Xbox,Adventure,Schimmel-Feil,35,08/21/2019
709,MI NULLA AC,Maecenas ut massa quis augue luctus tincidunt.,$35.43,Xbox,Horror,Tremblay-Ankunding,910,04/25/2011
710,QUIS TORTOR ID,"Proin leo odio, porttitor id, consequat in, consequat ut, nulla. Sed accumsan felis. Ut at dolor quis odio consequat varius. Integer ac leo. Pellentesque ultrices mattis odio. Donec vitae nisi.",$7.55,PS5,Adventure,Runte-Schmeler,389,01/26/1995
711,RUTRUM AT,"Vivamus vel nulla eget eros elementum pellentesque. Quisque porta volutpat erat. Quisque erat eros, viverra eget, congue eget, semper rutrum, nulla. Nunc purus. Phasellus in felis. Donec semper sapien a libero. Nam dui. Proin leo odio, porttitor id, consequat in, consequat ut, nulla.",$24.15,PC,Racing,Grady LLC,700,07/08/2009
712,NULLA ELIT AC,Integer ac leo. Pellentesque ultrices mattis odio.,$2.65,Xbox,Rhythm,Konopelski Inc,111,02/28/1994
713,NATOQUE,"Pellentesque ultrices mattis odio. Donec vitae nisi. Nam ultrices, libero non mattis pulvinar, nulla pede ullamcorper augue, a suscipit nulla elit ac nulla.",$49.22,Switch,Racing,Pfeffer-Kris,879,05/06/1994
714,SED LACUS MORBI SEM MAURIS,"In hac habitasse platea dictumst. Morbi vestibulum, velit id pretium iaculis, diam erat fermentum justo, nec condimentum neque sapien placerat ante. Nulla justo. Aliquam quis turpis eget elit sodales scelerisque. Mauris sit amet eros. Suspendisse accumsan tortor quis turpis. Sed ante.",$54.17,PC,Puzzle,"Torphy, Ruecker and Powlowski",118,02/13/2017
715,PORTTITOR LOREM ID LIGULA,"Curabitur gravida nisi at nibh. In hac habitasse platea dictumst. Aliquam augue quam, sollicitudin vitae, consectetuer eget, rutrum at, lorem. Integer tincidunt ante vel ipsum. Praesent blandit lacinia erat. Vestibulum sed magna at nunc commodo placerat. Praesent blandit. Nam nulla. Integer pede justo, lacinia eget, tincidunt eget, tempus vel, pede.",$13.11,PC,Racing,Bins Group,950,06/05/2022
716,IN FAUCIBUS,Vestibulum sed magna at nunc commodo placerat.,$1.46,Xbox,Action,"Conn, Upton and Larson",293,07/22/2021
717,MORBI,Etiam pretium iaculis justo. In hac habitasse platea dictumst.,$44.75,PS5,Strategy,Walsh-Lynch,177,03/05/2011
718,TURPIS INTEGER,"Proin eu mi. Nulla ac enim. In tempor, turpis nec euismod scelerisque, quam turpis adipiscing lorem, vitae mattis nibh ligula nec sem. Duis aliquam convallis nunc. Proin at turpis a pede posuere nonummy. Integer non velit. Donec diam neque, vestibulum eget, vulputate ut, ultrices vel, augue. Vestibulum ante ipsum primis in faucibus orci luctus et ultrices posuere cubilia Curae; Donec pharetra, magna vestibulum aliquet ultrices, erat tortor sollicitudin mi, sit amet lobortis sapien sapien non mi. Integer ac neque.",$6.89,Switch,Sports,Corwin LLC,534,02/07/1996
719,PORTTITOR PEDE,"Morbi a ipsum. Integer a nibh. In quis justo. Maecenas rhoncus aliquam lacus. Morbi quis tortor id nulla ultrices aliquet. Maecenas leo odio, condimentum id, luctus nec, molestie sed, justo. Pellentesque viverra pede ac diam. Cras pellentesque volutpat dui.",$33.26,Switch,Puzzle,"Cruickshank, Oberbrunner and Lesch",475,05/29/1999
720,NULLA UT ERAT ID MAURIS,"Praesent lectus. Vestibulum quam sapien, varius ut, blandit non, interdum in, ante. Vestibulum ante ipsum primis in faucibus orci luctus et ultrices posuere cubilia Curae; Duis faucibus accumsan odio. Curabitur convallis. Duis consequat dui nec nisi volutpat eleifend. Donec ut dolor. Morbi vel lectus in quam fringilla rhoncus. Mauris enim leo, rhoncus sed, vestibulum sit amet, cursus id, turpis.",$10.99,Xbox,Stealth,Jast and Sons,602,05/26/2023
721,IPSUM INTEGER A,"Curabitur in libero ut massa volutpat convallis. Morbi odio odio, elementum eu, interdum eu, tincidunt in, leo. Maecenas pulvinar lobortis est. Phasellus sit amet erat. Nulla tempus. Vivamus in felis eu sapien cursus vestibulum. Proin eu mi.",$8.52,PS5,Racing,Stokes Inc,713,04/22/2004
722,NUNC VIVERRA,Nulla tempus. Vivamus in felis eu sapien cursus vestibulum. Proin eu mi. Nulla ac enim.,$17.51,PC,Rhythm,"Goodwin, Hauck and Altenwerth",230,07/31/1999
723,ALIQUAM SIT AMET,"Pellentesque at nulla. Suspendisse potenti. Cras in purus eu magna vulputate luctus. Cum sociis natoque penatibus et magnis dis parturient montes, nascetur ridiculus mus. Vivamus vestibulum sagittis sapien. Cum sociis natoque penatibus et magnis dis parturient montes, nascetur ridiculus mus. Etiam vel augue.",$54.73,PC,Sports,Rosenbaum-Reilly,511,05/28/2011
724,AUGUE QUAM,"Vestibulum sed magna at nunc commodo placerat. Praesent blandit. Nam nulla. Integer pede justo, lacinia eget, tincidunt eget, tempus vel, pede. Morbi porttitor lorem id ligula. Suspendisse ornare consequat lectus.",$23.92,Switch,Racing,Hintz LLC,508,12/17/2007
725,PRETIUM QUIS LECTUS,Morbi non quam nec dui luctus rutrum. Nulla tellus. In sagittis dui vel nisl. Duis ac nibh.,$9.72,PS5,Rhythm,Marvin-Schinner,522,11/26/2002
726,ERAT TORTOR SOLLICITUDIN MI SIT,Nunc rhoncus dui vel sem. Sed sagittis.,$53.26,PS5,Simulation,"Koch, Cronin and Wunsch",168,02/01/2006
727,INTEGER NON VELIT,"Vestibulum ante ipsum primis in faucibus orci luctus et ultrices posuere cubilia Curae; Donec pharetra, magna vestibulum aliquet ultrices, erat tortor sollicitudin mi, sit amet lobortis sapien sapien non mi. Integer ac neque. Duis bibendum. Morbi non quam nec dui luctus rutrum. Nulla tellus. In sagittis dui vel nisl. Duis ac nibh. Fusce lacus purus, aliquet at, feugiat non, pretium quis, lectus.",$42.72,PC,Action,Hettinger-Wisozk,487,02/11/1997
728,LOREM ID,Nullam porttitor lacus at turpis. Donec posuere metus vitae ipsum.,$33.78,Xbox,MMORPG,"Zemlak, Auer and Gulgowski",965,11/02/1995
729,MAGNA,"Nam dui. Proin leo odio, porttitor id, consequat in, consequat ut, nulla. Sed accumsan felis. Ut at dolor quis odio consequat varius. Integer ac leo. Pellentesque ultrices mattis odio. Donec vitae nisi.",$28.84,PC,Platformer,Hartmann-Langworth,974,02/21/2013
730,NON LIGULA PELLENTESQUE ULTRICES PHASELLUS,"Proin leo odio, porttitor id, consequat in, consequat ut, nulla. Sed accumsan felis. Ut at dolor quis odio consequat varius. Integer ac leo. Pellentesque ultrices mattis odio. Donec vitae nisi. Nam ultrices, libero non mattis pulvinar, nulla pede ullamcorper augue, a suscipit nulla elit ac nulla. Sed vel enim sit amet nunc viverra dapibus.",$1.26,Switch,Simulation,Miller Group,794,08/22/1995
731,DAPIBUS NULLA SUSCIPIT LIGULA IN,"Donec ut mauris eget massa tempor convallis. Nulla neque libero, convallis eget, eleifend luctus, ultricies eu, nibh. Quisque id justo sit amet sapien dignissim vestibulum. Vestibulum ante ipsum primis in faucibus orci luctus et ultrices posuere cubilia Curae; Nulla dapibus dolor vel est. Donec odio justo, sollicitudin ut, suscipit a, feugiat et, eros. Vestibulum ac est lacinia nisi venenatis tristique.",$30.05,PC,Stealth,Padberg LLC,778,03/24/1997
732,LACUS CURABITUR AT,"Morbi vestibulum, velit id pretium iaculis, diam erat fermentum justo, nec condimentum neque sapien placerat ante. Nulla justo. Aliquam quis turpis eget elit sodales scelerisque. Mauris sit amet eros. Suspendisse accumsan tortor quis turpis. Sed ante. Vivamus tortor. Duis mattis egestas metus. Aenean fermentum.",$37.11,Switch,Fighting,Hermiston-Leffler,182,11/11/2018
733,VESTIBULUM,"Nulla nisl. Nunc nisl. Duis bibendum, felis sed interdum venenatis, turpis enim blandit mi, in porttitor pede justo eu massa.",$10.81,PS5,Fighting,Hyatt LLC,496,11/05/2012
734,NULLA SED VEL ENIM SIT,"Duis at velit eu est congue elementum. In hac habitasse platea dictumst. Morbi vestibulum, velit id pretium iaculis, diam erat fermentum justo, nec condimentum neque sapien placerat ante. Nulla justo. Aliquam quis turpis eget elit sodales scelerisque. Mauris sit amet eros. Suspendisse accumsan tortor quis turpis. Sed ante. Vivamus tortor. Duis mattis egestas metus.",$13.38,Xbox,Racing,"Buckridge, Anderson and O'Hara",497,09/09/2009
735,RUTRUM AT,Sed accumsan felis.,$25.34,PS5,MMORPG,"Lueilwitz, Morar and Marquardt",186,01/25/2001
736,DIAM VITAE,Nulla nisl. Nunc nisl.,$52.85,Switch,Sports,"Windler, Labadie and Runolfsson",545,06/24/2009
737,SAPIEN,"Suspendisse potenti. Cras in purus eu magna vulputate luctus. Cum sociis natoque penatibus et magnis dis parturient montes, nascetur ridiculus mus. Vivamus vestibulum sagittis sapien. Cum sociis natoque penatibus et magnis dis parturient montes, nascetur ridiculus mus. Etiam vel augue. Vestibulum rutrum rutrum neque. Aenean auctor gravida sem. Praesent id massa id nisl venenatis lacinia.",$39.55,PS5,Adventure,Goyette and Sons,610,06/25/2013
738,ETIAM VEL,"Vestibulum ante ipsum primis in faucibus orci luctus et ultrices posuere cubilia Curae; Donec pharetra, magna vestibulum aliquet ultrices, erat tortor sollicitudin mi, sit amet lobortis sapien sapien non mi. Integer ac neque. Duis bibendum. Morbi non quam nec dui luctus rutrum. Nulla tellus. In sagittis dui vel nisl.",$10.81,Switch,Platformer,Mitchell-Willms,542,09/18/2005
739,AMET,"Morbi sem mauris, laoreet ut, rhoncus aliquet, pulvinar sed, nisl.",$13.83,Xbox,Puzzle,Bins-Ryan,510,01/07/2021
740,MAURIS VULPUTATE ELEMENTUM,Aenean auctor gravida sem. Praesent id massa id nisl venenatis lacinia. Aenean sit amet justo.,$15.78,Xbox,MMORPG,"Reilly, Buckridge and Hilpert",551,05/25/2022
741,ANTE VIVAMUS TORTOR,Integer non velit.,$18.84,Xbox,Stealth,Stehr and Sons,887,03/09/1999
742,SEM MAURIS LAOREET UT,Vestibulum ante ipsum primis in faucibus orci luctus et ultrices posuere cubilia Curae; Nulla dapibus dolor vel est.,$15.13,Xbox,Puzzle,Davis and Sons,655,04/19/2019
743,NIBH QUISQUE,"Pellentesque ultrices mattis odio. Donec vitae nisi. Nam ultrices, libero non mattis pulvinar, nulla pede ullamcorper augue, a suscipit nulla elit ac nulla. Sed vel enim sit amet nunc viverra dapibus. Nulla suscipit ligula in lacus. Curabitur at ipsum ac tellus semper interdum. Mauris ullamcorper purus sit amet nulla.",$49.67,Xbox,Simulation,Botsford Inc,234,07/20/2010
744,PROIN AT TURPIS A PEDE,"Vestibulum ante ipsum primis in faucibus orci luctus et ultrices posuere cubilia Curae; Nulla dapibus dolor vel est. Donec odio justo, sollicitudin ut, suscipit a, feugiat et, eros. Vestibulum ac est lacinia nisi venenatis tristique. Fusce congue, diam id ornare imperdiet, sapien urna pretium nisl, ut volutpat sapien arcu sed augue. Aliquam erat volutpat. In congue. Etiam justo.",$1.82,Xbox,Action,"Weissnat, Wolf and Blanda",764,09/27/2002
745,ULTRICES VEL,"Nulla ac enim. In tempor, turpis nec euismod scelerisque, quam turpis adipiscing lorem, vitae mattis nibh ligula nec sem. Duis aliquam convallis nunc. Proin at turpis a pede posuere nonummy. Integer non velit. Donec diam neque, vestibulum eget, vulputate ut, ultrices vel, augue. Vestibulum ante ipsum primis in faucibus orci luctus et ultrices posuere cubilia Curae; Donec pharetra, magna vestibulum aliquet ultrices, erat tortor sollicitudin mi, sit amet lobortis sapien sapien non mi. Integer ac neque. Duis bibendum. Morbi non quam nec dui luctus rutrum.",$6.16,PS5,Simulation,Beahan Group,391,05/12/2021
746,LACUS CURABITUR AT IPSUM AC,"Lorem ipsum dolor sit amet, consectetuer adipiscing elit. Proin interdum mauris non ligula pellentesque ultrices. Phasellus id sapien in sapien iaculis congue. Vivamus metus arcu, adipiscing molestie, hendrerit at, vulputate vitae, nisl.",$42.02,Switch,Horror,Gerhold-Johnson,571,12/02/2006
747,CURABITUR GRAVIDA NISI AT,"Aenean sit amet justo. Morbi ut odio. Cras mi pede, malesuada in, imperdiet et, commodo vulputate, justo. In blandit ultrices enim. Lorem ipsum dolor sit amet, consectetuer adipiscing elit. Proin interdum mauris non ligula pellentesque ultrices.",$40.97,PC,Fighting,Adams-Sawayn,646,10/08/2010
748,IN TEMPUS,"Nulla nisl. Nunc nisl. Duis bibendum, felis sed interdum venenatis, turpis enim blandit mi, in porttitor pede justo eu massa. Donec dapibus. Duis at velit eu est congue elementum.",$31.07,Switch,Simulation,Stroman-Abshire,987,08/04/2015
749,NON QUAM NEC DUI LUCTUS,"Aenean auctor gravida sem. Praesent id massa id nisl venenatis lacinia. Aenean sit amet justo. Morbi ut odio. Cras mi pede, malesuada in, imperdiet et, commodo vulputate, justo. In blandit ultrices enim.",$37.34,PC,Action,Doyle-Boehm,328,08/05/2004
750,ANTE,"Suspendisse potenti. Cras in purus eu magna vulputate luctus. Cum sociis natoque penatibus et magnis dis parturient montes, nascetur ridiculus mus. Vivamus vestibulum sagittis sapien. Cum sociis natoque penatibus et magnis dis parturient montes, nascetur ridiculus mus. Etiam vel augue. Vestibulum rutrum rutrum neque. Aenean auctor gravida sem. Praesent id massa id nisl venenatis lacinia. Aenean sit amet justo.",$25.27,PC,Strategy,Graham-Huel,895,12/18/2003
751,VEL NULLA,Vestibulum ante ipsum primis in faucibus orci luctus et ultrices posuere cubilia Curae; Nulla dapibus dolor vel est.,$56.99,Switch,Role-playing,Rolfson-Schiller,453,03/23/2019
752,ANTE NULLA JUSTO,"Duis consequat dui nec nisi volutpat eleifend. Donec ut dolor. Morbi vel lectus in quam fringilla rhoncus. Mauris enim leo, rhoncus sed, vestibulum sit amet, cursus id, turpis. Integer aliquet, massa id lobortis convallis, tortor risus dapibus augue, vel accumsan tellus nisi eu orci. Mauris lacinia sapien quis libero. Nullam sit amet turpis elementum ligula vehicula consequat. Morbi a ipsum. Integer a nibh. In quis justo.",$44.21,Switch,Sports,Kihn LLC,28,12/11/2023
753,EU FELIS FUSCE,"Donec diam neque, vestibulum eget, vulputate ut, ultrices vel, augue. Vestibulum ante ipsum primis in faucibus orci luctus et ultrices posuere cubilia Curae; Donec pharetra, magna vestibulum aliquet ultrices, erat tortor sollicitudin mi, sit amet lobortis sapien sapien non mi. Integer ac neque. Duis bibendum. Morbi non quam nec dui luctus rutrum. Nulla tellus. In sagittis dui vel nisl. Duis ac nibh. Fusce lacus purus, aliquet at, feugiat non, pretium quis, lectus.",$53.23,Xbox,Platformer,Mertz-Graham,753,07/04/2021
754,ELEMENTUM NULLAM VARIUS NULLA,Curabitur convallis. Duis consequat dui nec nisi volutpat eleifend. Donec ut dolor. Morbi vel lectus in quam fringilla rhoncus.,$47.68,Xbox,Stealth,"Larson, Runolfsson and Farrell",334,07/06/2020
755,LACUS MORBI SEM,"Cum sociis natoque penatibus et magnis dis parturient montes, nascetur ridiculus mus. Etiam vel augue. Vestibulum rutrum rutrum neque. Aenean auctor gravida sem. Praesent id massa id nisl venenatis lacinia. Aenean sit amet justo. Morbi ut odio. Cras mi pede, malesuada in, imperdiet et, commodo vulputate, justo. In blandit ultrices enim.",$2.86,Xbox,Role-playing,"Monahan, Koch and Fadel",804,01/21/1994
756,LUCTUS ET ULTRICES,Suspendisse potenti.,$18.30,Xbox,Stealth,"McCullough, Ernser and Christiansen",602,03/17/2015
757,VENENATIS TURPIS,"Duis consequat dui nec nisi volutpat eleifend. Donec ut dolor. Morbi vel lectus in quam fringilla rhoncus. Mauris enim leo, rhoncus sed, vestibulum sit amet, cursus id, turpis. Integer aliquet, massa id lobortis convallis, tortor risus dapibus augue, vel accumsan tellus nisi eu orci. Mauris lacinia sapien quis libero. Nullam sit amet turpis elementum ligula vehicula consequat. Morbi a ipsum. Integer a nibh.",$53.00,PS5,Sports,"Rippin, Harber and Schroeder",949,10/27/2015
758,LECTUS ALIQUAM SIT AMET,"Integer a nibh. In quis justo. Maecenas rhoncus aliquam lacus. Morbi quis tortor id nulla ultrices aliquet. Maecenas leo odio, condimentum id, luctus nec, molestie sed, justo. Pellentesque viverra pede ac diam. Cras pellentesque volutpat dui. Maecenas tristique, est et tempus semper, est quam pharetra magna, ac consequat metus sapien ut nunc. Vestibulum ante ipsum primis in faucibus orci luctus et ultrices posuere cubilia Curae; Mauris viverra diam vitae quam. Suspendisse potenti.",$53.06,Xbox,Adventure,O'Keefe-Pouros,751,07/16/2008
759,INTEGER AC LEO,"Suspendisse potenti. Cras in purus eu magna vulputate luctus. Cum sociis natoque penatibus et magnis dis parturient montes, nascetur ridiculus mus. Vivamus vestibulum sagittis sapien. Cum sociis natoque penatibus et magnis dis parturient montes, nascetur ridiculus mus. Etiam vel augue. Vestibulum rutrum rutrum neque. Aenean auctor gravida sem. Praesent id massa id nisl venenatis lacinia. Aenean sit amet justo.",$25.50,Xbox,Survival,Renner-Kerluke,584,09/16/2018
760,MASSA TEMPOR CONVALLIS NULLA,"Fusce lacus purus, aliquet at, feugiat non, pretium quis, lectus. Suspendisse potenti. In eleifend quam a odio. In hac habitasse platea dictumst. Maecenas ut massa quis augue luctus tincidunt.",$35.55,PS5,MMORPG,Schmidt LLC,391,06/20/2006
761,HAC HABITASSE PLATEA DICTUMST ALIQUAM,"Nunc rhoncus dui vel sem. Sed sagittis. Nam congue, risus semper porta volutpat, quam pede lobortis ligula, sit amet eleifend pede libero quis orci.",$35.67,PS5,Puzzle,Kertzmann-Hilpert,722,02/22/2006
762,TURPIS NEC EUISMOD SCELERISQUE,"Integer ac leo. Pellentesque ultrices mattis odio. Donec vitae nisi. Nam ultrices, libero non mattis pulvinar, nulla pede ullamcorper augue, a suscipit nulla elit ac nulla. Sed vel enim sit amet nunc viverra dapibus. Nulla suscipit ligula in lacus.",$6.99,Xbox,Stealth,Lind Group,974,02/18/2017
763,AUGUE A,"Vivamus vel nulla eget eros elementum pellentesque. Quisque porta volutpat erat. Quisque erat eros, viverra eget, congue eget, semper rutrum, nulla. Nunc purus. Phasellus in felis. Donec semper sapien a libero. Nam dui. Proin leo odio, porttitor id, consequat in, consequat ut, nulla.",$42.20,Switch,Fighting,Hammes Group,588,10/25/2019
764,DICTUMST MORBI VESTIBULUM VELIT,"Quisque id justo sit amet sapien dignissim vestibulum. Vestibulum ante ipsum primis in faucibus orci luctus et ultrices posuere cubilia Curae; Nulla dapibus dolor vel est. Donec odio justo, sollicitudin ut, suscipit a, feugiat et, eros. Vestibulum ac est lacinia nisi venenatis tristique. Fusce congue, diam id ornare imperdiet, sapien urna pretium nisl, ut volutpat sapien arcu sed augue. Aliquam erat volutpat. In congue.",$29.57,Xbox,Platformer,Kessler-Kuphal,856,10/31/1996
765,FEUGIAT ET EROS VESTIBULUM,Maecenas pulvinar lobortis est. Phasellus sit amet erat.,$9.41,Xbox,Puzzle,Mosciski LLC,862,10/29/2008
766,MONTES NASCETUR RIDICULUS,Etiam pretium iaculis justo. In hac habitasse platea dictumst. Etiam faucibus cursus urna. Ut tellus. Nulla ut erat id mauris vulputate elementum. Nullam varius. Nulla facilisi. Cras non velit nec nisi vulputate nonummy. Maecenas tincidunt lacus at velit. Vivamus vel nulla eget eros elementum pellentesque.,$44.81,PC,Rhythm,Tillman-Gleason,461,04/01/2006
767,NIBH LIGULA,"Quisque ut erat. Curabitur gravida nisi at nibh. In hac habitasse platea dictumst. Aliquam augue quam, sollicitudin vitae, consectetuer eget, rutrum at, lorem.",$26.55,Xbox,Puzzle,Kemmer-O'Hara,163,04/28/2020
768,PEDE ULLAMCORPER AUGUE A SUSCIPIT,"Donec odio justo, sollicitudin ut, suscipit a, feugiat et, eros. Vestibulum ac est lacinia nisi venenatis tristique. Fusce congue, diam id ornare imperdiet, sapien urna pretium nisl, ut volutpat sapien arcu sed augue.",$21.00,Xbox,Role-playing,"Haley, Tremblay and Abbott",958,11/25/2008
769,CURABITUR AT IPSUM AC TELLUS,"Cras non velit nec nisi vulputate nonummy. Maecenas tincidunt lacus at velit. Vivamus vel nulla eget eros elementum pellentesque. Quisque porta volutpat erat. Quisque erat eros, viverra eget, congue eget, semper rutrum, nulla.",$30.08,PS5,Simulation,Rath-Heathcote,799,12/01/2011
770,ADIPISCING LOREM VITAE,"Nunc nisl. Duis bibendum, felis sed interdum venenatis, turpis enim blandit mi, in porttitor pede justo eu massa. Donec dapibus. Duis at velit eu est congue elementum. In hac habitasse platea dictumst. Morbi vestibulum, velit id pretium iaculis, diam erat fermentum justo, nec condimentum neque sapien placerat ante. Nulla justo. Aliquam quis turpis eget elit sodales scelerisque. Mauris sit amet eros. Suspendisse accumsan tortor quis turpis.",$27.40,Xbox,Stealth,McLaughlin-Kerluke,230,03/13/2020
771,TURPIS EGET,"Aenean auctor gravida sem. Praesent id massa id nisl venenatis lacinia. Aenean sit amet justo. Morbi ut odio. Cras mi pede, malesuada in, imperdiet et, commodo vulputate, justo. In blandit ultrices enim. Lorem ipsum dolor sit amet, consectetuer adipiscing elit.",$33.77,PC,Fighting,Yost-Cremin,58,07/31/2020
772,VARIUS,"Nullam orci pede, venenatis non, sodales sed, tincidunt eu, felis. Fusce posuere felis sed lacus. Morbi sem mauris, laoreet ut, rhoncus aliquet, pulvinar sed, nisl. Nunc rhoncus dui vel sem. Sed sagittis.",$39.95,Switch,MMORPG,"Bergnaum, Towne and Pagac",267,07/17/2013
773,LIBERO,In hac habitasse platea dictumst. Etiam faucibus cursus urna. Ut tellus. Nulla ut erat id mauris vulputate elementum. Nullam varius. Nulla facilisi. Cras non velit nec nisi vulputate nonummy. Maecenas tincidunt lacus at velit.,$14.97,Xbox,Rhythm,Borer-Mitchell,436,07/12/2014
774,LACUS,"In blandit ultrices enim. Lorem ipsum dolor sit amet, consectetuer adipiscing elit. Proin interdum mauris non ligula pellentesque ultrices. Phasellus id sapien in sapien iaculis congue. Vivamus metus arcu, adipiscing molestie, hendrerit at, vulputate vitae, nisl. Aenean lectus. Pellentesque eget nunc. Donec quis orci eget orci vehicula condimentum. Curabitur in libero ut massa volutpat convallis. Morbi odio odio, elementum eu, interdum eu, tincidunt in, leo.",$17.56,Xbox,Stealth,Simonis and Sons,98,08/29/2019
775,LEO ODIO CONDIMENTUM,"Duis aliquam convallis nunc. Proin at turpis a pede posuere nonummy. Integer non velit. Donec diam neque, vestibulum eget, vulputate ut, ultrices vel, augue. Vestibulum ante ipsum primis in faucibus orci luctus et ultrices posuere cubilia Curae; Donec pharetra, magna vestibulum aliquet ultrices, erat tortor sollicitudin mi, sit amet lobortis sapien sapien non mi. Integer ac neque. Duis bibendum. Morbi non quam nec dui luctus rutrum.",$55.20,Switch,Survival,Auer and Sons,814,08/21/2015
776,AMET JUSTO,"Aenean sit amet justo. Morbi ut odio. Cras mi pede, malesuada in, imperdiet et, commodo vulputate, justo. In blandit ultrices enim. Lorem ipsum dolor sit amet, consectetuer adipiscing elit. Proin interdum mauris non ligula pellentesque ultrices. Phasellus id sapien in sapien iaculis congue.",$49.73,Xbox,Rhythm,Wiegand LLC,320,07/19/2010
777,ANTE IPSUM PRIMIS,Maecenas pulvinar lobortis est. Phasellus sit amet erat. Nulla tempus.,$33.06,PS5,Strategy,"Willms, Hettinger and Jakubowski",253,03/12/2021
778,MAURIS ULLAMCORPER PURUS,Etiam justo. Etiam pretium iaculis justo. In hac habitasse platea dictumst. Etiam faucibus cursus urna. Ut tellus. Nulla ut erat id mauris vulputate elementum. Nullam varius. Nulla facilisi. Cras non velit nec nisi vulputate nonummy. Maecenas tincidunt lacus at velit.,$52.15,Switch,Puzzle,Schmitt LLC,14,12/29/2004
779,PROIN RISUS PRAESENT LECTUS,Sed accumsan felis. Ut at dolor quis odio consequat varius. Integer ac leo.,$26.10,Switch,Adventure,"Weimann, Sipes and Okuneva",749,08/12/2001
780,PLACERAT,Nullam sit amet turpis elementum ligula vehicula consequat. Morbi a ipsum. Integer a nibh. In quis justo. Maecenas rhoncus aliquam lacus.,$26.24,PS5,Action,Schneider Inc,158,04/25/2014
781,LUCTUS NEC MOLESTIE SED JUSTO,"In quis justo. Maecenas rhoncus aliquam lacus. Morbi quis tortor id nulla ultrices aliquet. Maecenas leo odio, condimentum id, luctus nec, molestie sed, justo. Pellentesque viverra pede ac diam. Cras pellentesque volutpat dui. Maecenas tristique, est et tempus semper, est quam pharetra magna, ac consequat metus sapien ut nunc. Vestibulum ante ipsum primis in faucibus orci luctus et ultrices posuere cubilia Curae; Mauris viverra diam vitae quam.",$39.57,PC,Sports,Powlowski Inc,658,03/12/2010
782,SED,"Duis consequat dui nec nisi volutpat eleifend. Donec ut dolor. Morbi vel lectus in quam fringilla rhoncus. Mauris enim leo, rhoncus sed, vestibulum sit amet, cursus id, turpis. Integer aliquet, massa id lobortis convallis, tortor risus dapibus augue, vel accumsan tellus nisi eu orci. Mauris lacinia sapien quis libero. Nullam sit amet turpis elementum ligula vehicula consequat.",$58.64,Switch,Action,Sawayn Inc,765,11/06/2019
783,QUIS AUGUE,"Proin interdum mauris non ligula pellentesque ultrices. Phasellus id sapien in sapien iaculis congue. Vivamus metus arcu, adipiscing molestie, hendrerit at, vulputate vitae, nisl. Aenean lectus. Pellentesque eget nunc. Donec quis orci eget orci vehicula condimentum. Curabitur in libero ut massa volutpat convallis. Morbi odio odio, elementum eu, interdum eu, tincidunt in, leo.",$29.94,PC,Action,Raynor-Russel,567,10/12/1996
784,FERMENTUM DONEC,"Proin leo odio, porttitor id, consequat in, consequat ut, nulla. Sed accumsan felis. Ut at dolor quis odio consequat varius. Integer ac leo. Pellentesque ultrices mattis odio. Donec vitae nisi. Nam ultrices, libero non mattis pulvinar, nulla pede ullamcorper augue, a suscipit nulla elit ac nulla. Sed vel enim sit amet nunc viverra dapibus.",$20.28,PC,Adventure,"Durgan, Bashirian and Mosciski",146,06/12/2007
785,NATOQUE,"In sagittis dui vel nisl. Duis ac nibh. Fusce lacus purus, aliquet at, feugiat non, pretium quis, lectus. Suspendisse potenti. In eleifend quam a odio. In hac habitasse platea dictumst. Maecenas ut massa quis augue luctus tincidunt. Nulla mollis molestie lorem. Quisque ut erat. Curabitur gravida nisi at nibh.",$38.82,Switch,Survival,"Baumbach, Flatley and Pagac",644,04/17/2010
786,FRINGILLA,Vestibulum ante ipsum primis in faucibus orci luctus et ultrices posuere cubilia Curae; Duis faucibus accumsan odio.,$53.75,Switch,Action,Grant-Kihn,534,12/29/2023
787,CRAS IN PURUS EU MAGNA,"Lorem ipsum dolor sit amet, consectetuer adipiscing elit. Proin risus. Praesent lectus. Vestibulum quam sapien, varius ut, blandit non, interdum in, ante. Vestibulum ante ipsum primis in faucibus orci luctus et ultrices posuere cubilia Curae; Duis faucibus accumsan odio. Curabitur convallis. Duis consequat dui nec nisi volutpat eleifend.",$25.30,Switch,Fighting,"Hamill, Prohaska and Cremin",891,09/19/1994
788,SAGITTIS NAM CONGUE,Duis aliquam convallis nunc. Proin at turpis a pede posuere nonummy. Integer non velit.,$21.07,Switch,Survival,Weissnat-Cole,135,03/21/2007
789,LACUS PURUS ALIQUET,"Sed sagittis. Nam congue, risus semper porta volutpat, quam pede lobortis ligula, sit amet eleifend pede libero quis orci. Nullam molestie nibh in lectus.",$14.25,PC,MMORPG,Reilly Inc,675,03/18/2010
790,DOLOR,"Sed accumsan felis. Ut at dolor quis odio consequat varius. Integer ac leo. Pellentesque ultrices mattis odio. Donec vitae nisi. Nam ultrices, libero non mattis pulvinar, nulla pede ullamcorper augue, a suscipit nulla elit ac nulla. Sed vel enim sit amet nunc viverra dapibus.",$4.67,PS5,Survival,"Kilback, Dicki and Hoeger",390,06/08/2005
791,LOBORTIS LIGULA,Donec posuere metus vitae ipsum.,$6.63,PS5,Puzzle,"Mraz, Lind and Gutkowski",377,12/30/2002
792,DIAM ERAT FERMENTUM JUSTO,Integer tincidunt ante vel ipsum. Praesent blandit lacinia erat.,$33.00,PS5,Platformer,Schulist-Kertzmann,400,11/15/2015
793,PRETIUM NISL UT VOLUTPAT,"Aenean lectus. Pellentesque eget nunc. Donec quis orci eget orci vehicula condimentum. Curabitur in libero ut massa volutpat convallis. Morbi odio odio, elementum eu, interdum eu, tincidunt in, leo.",$7.62,Xbox,Role-playing,"Crist, Collier and Effertz",849,07/13/2020
794,TRISTIQUE IN TEMPUS,"Nunc purus. Phasellus in felis. Donec semper sapien a libero. Nam dui. Proin leo odio, porttitor id, consequat in, consequat ut, nulla. Sed accumsan felis. Ut at dolor quis odio consequat varius. Integer ac leo.",$41.51,Switch,Sports,"Kutch, Hane and Walter",569,01/11/2001
795,SIT AMET SAPIEN DIGNISSIM,"Vivamus vestibulum sagittis sapien. Cum sociis natoque penatibus et magnis dis parturient montes, nascetur ridiculus mus. Etiam vel augue. Vestibulum rutrum rutrum neque. Aenean auctor gravida sem.",$50.39,PC,Horror,"Halvorson, Ziemann and Donnelly",421,08/14/2001
796,ERAT,"Vivamus metus arcu, adipiscing molestie, hendrerit at, vulputate vitae, nisl. Aenean lectus. Pellentesque eget nunc.",$1.26,Xbox,Role-playing,Hoppe-Spinka,970,01/26/1999
797,PROIN EU MI NULLA,Ut tellus. Nulla ut erat id mauris vulputate elementum. Nullam varius.,$58.37,Switch,MMORPG,Labadie-Will,390,09/24/2002
798,SEM FUSCE CONSEQUAT NULLA,"Maecenas rhoncus aliquam lacus. Morbi quis tortor id nulla ultrices aliquet. Maecenas leo odio, condimentum id, luctus nec, molestie sed, justo.",$59.04,PC,Horror,"Murazik, Klein and Trantow",979,06/14/1995
799,IPSUM AC TELLUS SEMPER INTERDUM,Ut tellus. Nulla ut erat id mauris vulputate elementum. Nullam varius. Nulla facilisi. Cras non velit nec nisi vulputate nonummy. Maecenas tincidunt lacus at velit.,$5.41,PC,Role-playing,Maggio-Barton,506,07/14/2015
800,LACUS AT TURPIS DONEC,Suspendisse accumsan tortor quis turpis. Sed ante.,$10.44,PC,Strategy,"Ernser, Sipes and Gottlieb",28,09/15/1998
801,CONVALLIS,"Nulla nisl. Nunc nisl. Duis bibendum, felis sed interdum venenatis, turpis enim blandit mi, in porttitor pede justo eu massa. Donec dapibus. Duis at velit eu est congue elementum. In hac habitasse platea dictumst. Morbi vestibulum, velit id pretium iaculis, diam erat fermentum justo, nec condimentum neque sapien placerat ante. Nulla justo. Aliquam quis turpis eget elit sodales scelerisque. Mauris sit amet eros.",$13.03,Xbox,MMORPG,"Friesen, Cummerata and Skiles",935,09/09/2009
802,IN SAPIEN IACULIS CONGUE VIVAMUS,"Curabitur gravida nisi at nibh. In hac habitasse platea dictumst. Aliquam augue quam, sollicitudin vitae, consectetuer eget, rutrum at, lorem. Integer tincidunt ante vel ipsum. Praesent blandit lacinia erat. Vestibulum sed magna at nunc commodo placerat. Praesent blandit. Nam nulla. Integer pede justo, lacinia eget, tincidunt eget, tempus vel, pede.",$59.63,Switch,Puzzle,Lakin-Hills,375,02/21/2016
803,ELEIFEND DONEC,"Morbi odio odio, elementum eu, interdum eu, tincidunt in, leo. Maecenas pulvinar lobortis est. Phasellus sit amet erat. Nulla tempus. Vivamus in felis eu sapien cursus vestibulum. Proin eu mi. Nulla ac enim. In tempor, turpis nec euismod scelerisque, quam turpis adipiscing lorem, vitae mattis nibh ligula nec sem. Duis aliquam convallis nunc. Proin at turpis a pede posuere nonummy.",$1.92,Xbox,Sports,"Heaney, Schinner and Barrows",597,02/17/2013
804,MAURIS VULPUTATE ELEMENTUM NULLAM,"Proin leo odio, porttitor id, consequat in, consequat ut, nulla. Sed accumsan felis. Ut at dolor quis odio consequat varius. Integer ac leo. Pellentesque ultrices mattis odio. Donec vitae nisi. Nam ultrices, libero non mattis pulvinar, nulla pede ullamcorper augue, a suscipit nulla elit ac nulla. Sed vel enim sit amet nunc viverra dapibus. Nulla suscipit ligula in lacus. Curabitur at ipsum ac tellus semper interdum.",$55.32,Switch,Adventure,Toy-Greenholt,540,03/20/2006
805,LOBORTIS LIGULA SIT,"In hac habitasse platea dictumst. Morbi vestibulum, velit id pretium iaculis, diam erat fermentum justo, nec condimentum neque sapien placerat ante. Nulla justo. Aliquam quis turpis eget elit sodales scelerisque. Mauris sit amet eros. Suspendisse accumsan tortor quis turpis. Sed ante. Vivamus tortor. Duis mattis egestas metus.",$20.68,Xbox,Strategy,Zemlak-Schumm,471,05/19/2024
806,SED,"Duis bibendum, felis sed interdum venenatis, turpis enim blandit mi, in porttitor pede justo eu massa. Donec dapibus. Duis at velit eu est congue elementum. In hac habitasse platea dictumst.",$23.22,PC,Sports,"Dooley, Herzog and Osinski",376,03/27/2017
807,VITAE NISI,"Vivamus tortor. Duis mattis egestas metus. Aenean fermentum. Donec ut mauris eget massa tempor convallis. Nulla neque libero, convallis eget, eleifend luctus, ultricies eu, nibh. Quisque id justo sit amet sapien dignissim vestibulum.",$35.01,PS5,Strategy,Veum-Altenwerth,972,04/19/2008
808,IN IMPERDIET,Suspendisse potenti.,$46.30,PS5,Strategy,Leannon LLC,785,11/29/2013
809,AUGUE VEL ACCUMSAN,"Donec ut dolor. Morbi vel lectus in quam fringilla rhoncus. Mauris enim leo, rhoncus sed, vestibulum sit amet, cursus id, turpis. Integer aliquet, massa id lobortis convallis, tortor risus dapibus augue, vel accumsan tellus nisi eu orci. Mauris lacinia sapien quis libero. Nullam sit amet turpis elementum ligula vehicula consequat. Morbi a ipsum. Integer a nibh.",$8.43,Xbox,Survival,"Leannon, Oberbrunner and Walker",217,07/14/2010
810,SED TRISTIQUE IN,"Sed sagittis. Nam congue, risus semper porta volutpat, quam pede lobortis ligula, sit amet eleifend pede libero quis orci. Nullam molestie nibh in lectus.",$31.06,Xbox,Sports,"Bartell, Hilll and Cronin",341,02/13/2015
811,DONEC,"Nulla neque libero, convallis eget, eleifend luctus, ultricies eu, nibh. Quisque id justo sit amet sapien dignissim vestibulum. Vestibulum ante ipsum primis in faucibus orci luctus et ultrices posuere cubilia Curae; Nulla dapibus dolor vel est. Donec odio justo, sollicitudin ut, suscipit a, feugiat et, eros.",$32.23,Xbox,Platformer,Beatty-Dach,80,08/26/2001
812,SED,"Nullam orci pede, venenatis non, sodales sed, tincidunt eu, felis. Fusce posuere felis sed lacus. Morbi sem mauris, laoreet ut, rhoncus aliquet, pulvinar sed, nisl. Nunc rhoncus dui vel sem. Sed sagittis. Nam congue, risus semper porta volutpat, quam pede lobortis ligula, sit amet eleifend pede libero quis orci. Nullam molestie nibh in lectus. Pellentesque at nulla. Suspendisse potenti.",$3.48,Xbox,Sports,Robel-Keeling,799,05/19/2001
813,ACCUMSAN TORTOR QUIS,"Curabitur in libero ut massa volutpat convallis. Morbi odio odio, elementum eu, interdum eu, tincidunt in, leo. Maecenas pulvinar lobortis est. Phasellus sit amet erat. Nulla tempus.",$30.86,PS5,Survival,"Pollich, Lockman and Schmeler",713,11/08/2022
814,LIBERO CONVALLIS,Praesent blandit lacinia erat. Vestibulum sed magna at nunc commodo placerat.,$39.44,Xbox,Adventure,Trantow-Quigley,444,08/06/2012
815,EUISMOD SCELERISQUE QUAM TURPIS,"In quis justo. Maecenas rhoncus aliquam lacus. Morbi quis tortor id nulla ultrices aliquet. Maecenas leo odio, condimentum id, luctus nec, molestie sed, justo. Pellentesque viverra pede ac diam. Cras pellentesque volutpat dui.",$44.52,PC,Horror,"Wehner, Crist and Sauer",7,07/24/2000
816,CONGUE DIAM ID,"Maecenas leo odio, condimentum id, luctus nec, molestie sed, justo. Pellentesque viverra pede ac diam. Cras pellentesque volutpat dui.",$22.41,PS5,Horror,"Nicolas, Corwin and Wiza",210,04/16/1995
817,INTEGER NON VELIT DONEC,Integer tincidunt ante vel ipsum.,$9.58,Xbox,Fighting,"Willms, Feeney and Dietrich",422,10/11/1995
818,VEL SEM SED,"Integer pede justo, lacinia eget, tincidunt eget, tempus vel, pede. Morbi porttitor lorem id ligula. Suspendisse ornare consequat lectus.",$36.27,PC,Puzzle,"Connelly, Bogan and D'Amore",371,11/30/2003
819,IN,"Proin leo odio, porttitor id, consequat in, consequat ut, nulla. Sed accumsan felis. Ut at dolor quis odio consequat varius. Integer ac leo. Pellentesque ultrices mattis odio. Donec vitae nisi. Nam ultrices, libero non mattis pulvinar, nulla pede ullamcorper augue, a suscipit nulla elit ac nulla. Sed vel enim sit amet nunc viverra dapibus. Nulla suscipit ligula in lacus.",$40.52,Xbox,Fighting,Labadie-Haag,498,05/05/2009
820,PEDE LOBORTIS LIGULA SIT AMET,"Morbi sem mauris, laoreet ut, rhoncus aliquet, pulvinar sed, nisl. Nunc rhoncus dui vel sem. Sed sagittis. Nam congue, risus semper porta volutpat, quam pede lobortis ligula, sit amet eleifend pede libero quis orci. Nullam molestie nibh in lectus. Pellentesque at nulla. Suspendisse potenti. Cras in purus eu magna vulputate luctus.",$26.49,PC,Survival,Maggio Inc,132,05/16/2015
821,NEQUE,Aliquam erat volutpat. In congue. Etiam justo. Etiam pretium iaculis justo. In hac habitasse platea dictumst. Etiam faucibus cursus urna. Ut tellus.,$33.90,PS5,Fighting,Erdman-Keebler,79,01/28/2006
822,VEL NULLA EGET EROS,"Morbi sem mauris, laoreet ut, rhoncus aliquet, pulvinar sed, nisl.",$31.59,PC,MMORPG,"Casper, Rempel and Swift",573,06/12/1999
823,VITAE QUAM SUSPENDISSE POTENTI NULLAM,"Morbi odio odio, elementum eu, interdum eu, tincidunt in, leo. Maecenas pulvinar lobortis est. Phasellus sit amet erat.",$50.40,PS5,Stealth,"Gottlieb, Swaniawski and Osinski",232,10/07/1998
824,ADIPISCING ELIT PROIN RISUS,"Curabitur in libero ut massa volutpat convallis. Morbi odio odio, elementum eu, interdum eu, tincidunt in, leo. Maecenas pulvinar lobortis est. Phasellus sit amet erat. Nulla tempus.",$26.07,PC,Rhythm,"Beier, Gottlieb and Ebert",390,08/09/2020
825,PULVINAR NULLA PEDE,"Nulla tellus. In sagittis dui vel nisl. Duis ac nibh. Fusce lacus purus, aliquet at, feugiat non, pretium quis, lectus. Suspendisse potenti. In eleifend quam a odio. In hac habitasse platea dictumst. Maecenas ut massa quis augue luctus tincidunt.",$4.94,PC,Puzzle,Barton LLC,340,01/11/2012
826,SAPIEN VARIUS UT BLANDIT,Donec vitae nisi.,$33.04,PC,Platformer,Morissette-Beahan,411,03/24/1994
827,MORBI NON LECTUS,"Nulla ac enim. In tempor, turpis nec euismod scelerisque, quam turpis adipiscing lorem, vitae mattis nibh ligula nec sem. Duis aliquam convallis nunc. Proin at turpis a pede posuere nonummy. Integer non velit.",$18.71,PC,Racing,Aufderhar-Goldner,705,10/13/1994
828,MORBI QUIS TORTOR ID NULLA,"Vivamus vestibulum sagittis sapien. Cum sociis natoque penatibus et magnis dis parturient montes, nascetur ridiculus mus. Etiam vel augue. Vestibulum rutrum rutrum neque. Aenean auctor gravida sem.",$10.16,PC,Adventure,"Dickinson, Dach and Hessel",87,06/07/2012
829,NISI VENENATIS,"Proin at turpis a pede posuere nonummy. Integer non velit. Donec diam neque, vestibulum eget, vulputate ut, ultrices vel, augue. Vestibulum ante ipsum primis in faucibus orci luctus et ultrices posuere cubilia Curae; Donec pharetra, magna vestibulum aliquet ultrices, erat tortor sollicitudin mi, sit amet lobortis sapien sapien non mi. Integer ac neque. Duis bibendum. Morbi non quam nec dui luctus rutrum. Nulla tellus. In sagittis dui vel nisl.",$49.53,PC,Strategy,Jast-Strosin,49,05/28/2012
830,VESTIBULUM,"Donec odio justo, sollicitudin ut, suscipit a, feugiat et, eros. Vestibulum ac est lacinia nisi venenatis tristique. Fusce congue, diam id ornare imperdiet, sapien urna pretium nisl, ut volutpat sapien arcu sed augue.",$49.85,Switch,Horror,Ullrich Inc,308,08/20/2013
831,HAC HABITASSE PLATEA DICTUMST ETIAM,Phasellus sit amet erat.,$9.91,PS5,Racing,"Kemmer, Schinner and Vandervort",312,01/14/2017
832,DONEC,In hac habitasse platea dictumst. Etiam faucibus cursus urna. Ut tellus. Nulla ut erat id mauris vulputate elementum. Nullam varius. Nulla facilisi. Cras non velit nec nisi vulputate nonummy.,$40.13,PS5,Sports,Bogisich LLC,601,07/09/1995
833,QUAM,"In hac habitasse platea dictumst. Morbi vestibulum, velit id pretium iaculis, diam erat fermentum justo, nec condimentum neque sapien placerat ante. Nulla justo. Aliquam quis turpis eget elit sodales scelerisque. Mauris sit amet eros.",$56.87,Switch,Strategy,Treutel-Gerhold,879,02/07/2024
834,EST,"Donec dapibus. Duis at velit eu est congue elementum. In hac habitasse platea dictumst. Morbi vestibulum, velit id pretium iaculis, diam erat fermentum justo, nec condimentum neque sapien placerat ante. Nulla justo. Aliquam quis turpis eget elit sodales scelerisque. Mauris sit amet eros. Suspendisse accumsan tortor quis turpis. Sed ante.",$31.88,Xbox,Racing,Mayert-Metz,319,11/24/2007
835,SIT,"Nulla ut erat id mauris vulputate elementum. Nullam varius. Nulla facilisi. Cras non velit nec nisi vulputate nonummy. Maecenas tincidunt lacus at velit. Vivamus vel nulla eget eros elementum pellentesque. Quisque porta volutpat erat. Quisque erat eros, viverra eget, congue eget, semper rutrum, nulla. Nunc purus. Phasellus in felis.",$1.14,PC,Simulation,Grady and Sons,910,02/09/2021
836,VULPUTATE JUSTO IN BLANDIT,Integer a nibh. In quis justo. Maecenas rhoncus aliquam lacus. Morbi quis tortor id nulla ultrices aliquet.,$59.93,PC,Fighting,Stokes Inc,71,03/23/2019
837,FEUGIAT,"Quisque ut erat. Curabitur gravida nisi at nibh. In hac habitasse platea dictumst. Aliquam augue quam, sollicitudin vitae, consectetuer eget, rutrum at, lorem. Integer tincidunt ante vel ipsum. Praesent blandit lacinia erat. Vestibulum sed magna at nunc commodo placerat. Praesent blandit. Nam nulla. Integer pede justo, lacinia eget, tincidunt eget, tempus vel, pede.",$38.87,PC,Adventure,Donnelly Inc,272,10/07/2002
838,DUI,"Praesent id massa id nisl venenatis lacinia. Aenean sit amet justo. Morbi ut odio. Cras mi pede, malesuada in, imperdiet et, commodo vulputate, justo. In blandit ultrices enim. Lorem ipsum dolor sit amet, consectetuer adipiscing elit. Proin interdum mauris non ligula pellentesque ultrices. Phasellus id sapien in sapien iaculis congue.",$47.19,Switch,Simulation,"Rogahn, McDermott and Kreiger",561,08/16/2019
839,SIT AMET SEM,"Cras non velit nec nisi vulputate nonummy. Maecenas tincidunt lacus at velit. Vivamus vel nulla eget eros elementum pellentesque. Quisque porta volutpat erat. Quisque erat eros, viverra eget, congue eget, semper rutrum, nulla. Nunc purus. Phasellus in felis.",$50.84,PC,Platformer,"Bogan, Steuber and Ernser",469,07/22/2000
840,NON VELIT,"Cras in purus eu magna vulputate luctus. Cum sociis natoque penatibus et magnis dis parturient montes, nascetur ridiculus mus.",$6.45,Xbox,Role-playing,"Hagenes, Stanton and Trantow",360,08/27/1996
841,LUCTUS ET ULTRICES,In quis justo. Maecenas rhoncus aliquam lacus.,$53.61,PS5,Survival,Vandervort LLC,233,03/18/2006
842,FUSCE,Nullam molestie nibh in lectus. Pellentesque at nulla. Suspendisse potenti.,$6.02,Switch,Simulation,Hartmann Group,32,09/07/2017
843,FAUCIBUS,Donec quis orci eget orci vehicula condimentum. Curabitur in libero ut massa volutpat convallis.,$20.17,Xbox,Racing,Ortiz LLC,785,06/03/1996
844,DIAM NAM TRISTIQUE TORTOR,"Quisque erat eros, viverra eget, congue eget, semper rutrum, nulla. Nunc purus. Phasellus in felis.",$14.74,PS5,Sports,Donnelly Inc,120,01/17/2003
845,NULLAM PORTTITOR LACUS AT,"Vestibulum ac est lacinia nisi venenatis tristique. Fusce congue, diam id ornare imperdiet, sapien urna pretium nisl, ut volutpat sapien arcu sed augue.",$46.85,Xbox,Rhythm,"Olson, Klein and Swaniawski",926,03/18/1996
846,METUS SAPIEN UT NUNC VESTIBULUM,"Duis aliquam convallis nunc. Proin at turpis a pede posuere nonummy. Integer non velit. Donec diam neque, vestibulum eget, vulputate ut, ultrices vel, augue. Vestibulum ante ipsum primis in faucibus orci luctus et ultrices posuere cubilia Curae; Donec pharetra, magna vestibulum aliquet ultrices, erat tortor sollicitudin mi, sit amet lobortis sapien sapien non mi. Integer ac neque. Duis bibendum. Morbi non quam nec dui luctus rutrum. Nulla tellus. In sagittis dui vel nisl.",$19.33,PS5,MMORPG,Walter-Wyman,348,01/22/2021
847,AC LOBORTIS VEL DAPIBUS,"Morbi odio odio, elementum eu, interdum eu, tincidunt in, leo. Maecenas pulvinar lobortis est. Phasellus sit amet erat. Nulla tempus. Vivamus in felis eu sapien cursus vestibulum. Proin eu mi. Nulla ac enim. In tempor, turpis nec euismod scelerisque, quam turpis adipiscing lorem, vitae mattis nibh ligula nec sem.",$48.95,PC,Fighting,Pfeffer-Harber,244,12/01/2003
848,SIT,"Donec ut dolor. Morbi vel lectus in quam fringilla rhoncus. Mauris enim leo, rhoncus sed, vestibulum sit amet, cursus id, turpis. Integer aliquet, massa id lobortis convallis, tortor risus dapibus augue, vel accumsan tellus nisi eu orci. Mauris lacinia sapien quis libero. Nullam sit amet turpis elementum ligula vehicula consequat. Morbi a ipsum. Integer a nibh.",$58.00,PS5,Horror,Lueilwitz LLC,820,09/11/2021
849,COMMODO PLACERAT PRAESENT BLANDIT,"Donec ut mauris eget massa tempor convallis. Nulla neque libero, convallis eget, eleifend luctus, ultricies eu, nibh. Quisque id justo sit amet sapien dignissim vestibulum.",$42.05,PS5,Platformer,"Conn, Fadel and Medhurst",910,06/17/2006
850,MORBI SEM MAURIS,"Donec dapibus. Duis at velit eu est congue elementum. In hac habitasse platea dictumst. Morbi vestibulum, velit id pretium iaculis, diam erat fermentum justo, nec condimentum neque sapien placerat ante. Nulla justo. Aliquam quis turpis eget elit sodales scelerisque. Mauris sit amet eros.",$22.51,Switch,MMORPG,Glover Group,326,01/31/1997
851,JUSTO,Nullam sit amet turpis elementum ligula vehicula consequat. Morbi a ipsum. Integer a nibh. In quis justo. Maecenas rhoncus aliquam lacus. Morbi quis tortor id nulla ultrices aliquet.,$36.13,Xbox,Puzzle,Kiehn and Sons,193,05/01/1995
852,DUIS,Integer a nibh. In quis justo. Maecenas rhoncus aliquam lacus. Morbi quis tortor id nulla ultrices aliquet.,$33.59,Xbox,Adventure,Walter Inc,411,01/03/1995
853,DOLOR QUIS ODIO,"Suspendisse ornare consequat lectus. In est risus, auctor sed, tristique in, tempus sit amet, sem. Fusce consequat. Nulla nisl. Nunc nisl. Duis bibendum, felis sed interdum venenatis, turpis enim blandit mi, in porttitor pede justo eu massa. Donec dapibus.",$48.21,PS5,Rhythm,Dibbert-Hansen,147,12/20/2019
854,NON LIGULA PELLENTESQUE ULTRICES,"Fusce posuere felis sed lacus. Morbi sem mauris, laoreet ut, rhoncus aliquet, pulvinar sed, nisl.",$32.12,Xbox,Racing,Kemmer-Lakin,539,12/01/2003
855,AT VELIT EU EST,Donec semper sapien a libero.,$12.28,PC,Survival,"Lakin, Fisher and Brakus",8,10/12/2008
856,NAM CONGUE RISUS SEMPER PORTA,"Lorem ipsum dolor sit amet, consectetuer adipiscing elit. Proin interdum mauris non ligula pellentesque ultrices. Phasellus id sapien in sapien iaculis congue. Vivamus metus arcu, adipiscing molestie, hendrerit at, vulputate vitae, nisl. Aenean lectus. Pellentesque eget nunc. Donec quis orci eget orci vehicula condimentum. Curabitur in libero ut massa volutpat convallis. Morbi odio odio, elementum eu, interdum eu, tincidunt in, leo.",$55.15,PC,Strategy,Beahan-Wintheiser,290,02/28/2003
857,LIGULA,"Vivamus in felis eu sapien cursus vestibulum. Proin eu mi. Nulla ac enim. In tempor, turpis nec euismod scelerisque, quam turpis adipiscing lorem, vitae mattis nibh ligula nec sem. Duis aliquam convallis nunc. Proin at turpis a pede posuere nonummy.",$36.30,PS5,Adventure,Bode-Champlin,826,02/27/2025
858,ID,"Duis mattis egestas metus. Aenean fermentum. Donec ut mauris eget massa tempor convallis. Nulla neque libero, convallis eget, eleifend luctus, ultricies eu, nibh. Quisque id justo sit amet sapien dignissim vestibulum. Vestibulum ante ipsum primis in faucibus orci luctus et ultrices posuere cubilia Curae; Nulla dapibus dolor vel est. Donec odio justo, sollicitudin ut, suscipit a, feugiat et, eros. Vestibulum ac est lacinia nisi venenatis tristique. Fusce congue, diam id ornare imperdiet, sapien urna pretium nisl, ut volutpat sapien arcu sed augue.",$31.81,PC,MMORPG,Sporer Inc,851,05/16/2000
859,ID LIGULA SUSPENDISSE ORNARE,"Fusce posuere felis sed lacus. Morbi sem mauris, laoreet ut, rhoncus aliquet, pulvinar sed, nisl.",$35.21,Switch,Racing,"Satterfield, Champlin and McKenzie",317,02/01/2020
860,MATTIS,"Praesent id massa id nisl venenatis lacinia. Aenean sit amet justo. Morbi ut odio. Cras mi pede, malesuada in, imperdiet et, commodo vulputate, justo. In blandit ultrices enim. Lorem ipsum dolor sit amet, consectetuer adipiscing elit. Proin interdum mauris non ligula pellentesque ultrices.",$4.49,PS5,Action,Simonis and Sons,375,09/18/2015
861,LACUS MORBI,"Vestibulum quam sapien, varius ut, blandit non, interdum in, ante. Vestibulum ante ipsum primis in faucibus orci luctus et ultrices posuere cubilia Curae; Duis faucibus accumsan odio. Curabitur convallis. Duis consequat dui nec nisi volutpat eleifend. Donec ut dolor.",$36.84,Switch,Simulation,Greenholt and Sons,971,03/12/1999
862,CURSUS VESTIBULUM PROIN,"Phasellus in felis. Donec semper sapien a libero. Nam dui. Proin leo odio, porttitor id, consequat in, consequat ut, nulla. Sed accumsan felis. Ut at dolor quis odio consequat varius. Integer ac leo.",$58.51,Xbox,Fighting,"Schroeder, Mertz and Brekke",920,02/12/2023
863,VEL ACCUMSAN,"Vestibulum ante ipsum primis in faucibus orci luctus et ultrices posuere cubilia Curae; Donec pharetra, magna vestibulum aliquet ultrices, erat tortor sollicitudin mi, sit amet lobortis sapien sapien non mi. Integer ac neque. Duis bibendum.",$22.39,Xbox,Strategy,"Kuvalis, Kessler and Huels",815,02/04/2002
864,SAPIEN QUIS,"Integer a nibh. In quis justo. Maecenas rhoncus aliquam lacus. Morbi quis tortor id nulla ultrices aliquet. Maecenas leo odio, condimentum id, luctus nec, molestie sed, justo. Pellentesque viverra pede ac diam. Cras pellentesque volutpat dui. Maecenas tristique, est et tempus semper, est quam pharetra magna, ac consequat metus sapien ut nunc. Vestibulum ante ipsum primis in faucibus orci luctus et ultrices posuere cubilia Curae; Mauris viverra diam vitae quam.",$48.54,PC,Stealth,Kuphal and Sons,899,11/30/2011
865,IN CONSEQUAT UT NULLA,"Cum sociis natoque penatibus et magnis dis parturient montes, nascetur ridiculus mus. Etiam vel augue. Vestibulum rutrum rutrum neque. Aenean auctor gravida sem.",$15.54,PS5,Action,"O'Conner, Heathcote and Streich",60,10/27/2006
866,NIBH IN LECTUS,"Morbi sem mauris, laoreet ut, rhoncus aliquet, pulvinar sed, nisl. Nunc rhoncus dui vel sem. Sed sagittis. Nam congue, risus semper porta volutpat, quam pede lobortis ligula, sit amet eleifend pede libero quis orci. Nullam molestie nibh in lectus. Pellentesque at nulla. Suspendisse potenti.",$5.36,Xbox,Sports,Reichert Group,741,05/17/2023
867,ET ULTRICES,Quisque ut erat. Curabitur gravida nisi at nibh. In hac habitasse platea dictumst.,$4.00,Xbox,Role-playing,"Kunze, Farrell and Johnston",240,11/28/2018
868,DOLOR MORBI VEL LECTUS,"Cras in purus eu magna vulputate luctus. Cum sociis natoque penatibus et magnis dis parturient montes, nascetur ridiculus mus. Vivamus vestibulum sagittis sapien.",$20.41,PS5,Role-playing,"Littel, Breitenberg and Ullrich",707,03/15/2020
869,EGET VULPUTATE UT ULTRICES VEL,"Quisque erat eros, viverra eget, congue eget, semper rutrum, nulla. Nunc purus. Phasellus in felis. Donec semper sapien a libero. Nam dui. Proin leo odio, porttitor id, consequat in, consequat ut, nulla. Sed accumsan felis.",$12.06,PC,Survival,McLaughlin Inc,194,12/25/2000
870,SAPIEN UT NUNC,"Vestibulum ante ipsum primis in faucibus orci luctus et ultrices posuere cubilia Curae; Donec pharetra, magna vestibulum aliquet ultrices, erat tortor sollicitudin mi, sit amet lobortis sapien sapien non mi. Integer ac neque. Duis bibendum. Morbi non quam nec dui luctus rutrum. Nulla tellus. In sagittis dui vel nisl. Duis ac nibh. Fusce lacus purus, aliquet at, feugiat non, pretium quis, lectus.",$56.01,Xbox,Horror,"Watsica, Oberbrunner and Littel",797,09/19/2007
871,ELEMENTUM NULLAM,"In sagittis dui vel nisl. Duis ac nibh. Fusce lacus purus, aliquet at, feugiat non, pretium quis, lectus. Suspendisse potenti. In eleifend quam a odio. In hac habitasse platea dictumst. Maecenas ut massa quis augue luctus tincidunt. Nulla mollis molestie lorem. Quisque ut erat. Curabitur gravida nisi at nibh.",$22.34,PS5,Fighting,Kozey Group,195,09/05/2004
872,NATOQUE PENATIBUS ET MAGNIS,"Nunc purus. Phasellus in felis. Donec semper sapien a libero. Nam dui. Proin leo odio, porttitor id, consequat in, consequat ut, nulla. Sed accumsan felis. Ut at dolor quis odio consequat varius.",$19.64,Xbox,Survival,Cruickshank-Bruen,735,02/11/1995
873,POSUERE CUBILIA CURAE DONEC PHARETRA,"Donec posuere metus vitae ipsum. Aliquam non mauris. Morbi non lectus. Aliquam sit amet diam in magna bibendum imperdiet. Nullam orci pede, venenatis non, sodales sed, tincidunt eu, felis.",$22.92,Xbox,MMORPG,Borer-Marvin,569,06/12/2017
874,NISL NUNC RHONCUS DUI,"In sagittis dui vel nisl. Duis ac nibh. Fusce lacus purus, aliquet at, feugiat non, pretium quis, lectus. Suspendisse potenti. In eleifend quam a odio. In hac habitasse platea dictumst.",$27.76,PC,Survival,Sanford-Schaden,306,05/18/2010
875,SUSPENDISSE POTENTI IN,"Maecenas leo odio, condimentum id, luctus nec, molestie sed, justo.",$12.70,PS5,Survival,"Rolfson, Homenick and Runte",184,06/11/1995
876,VESTIBULUM ANTE IPSUM,"Integer aliquet, massa id lobortis convallis, tortor risus dapibus augue, vel accumsan tellus nisi eu orci. Mauris lacinia sapien quis libero. Nullam sit amet turpis elementum ligula vehicula consequat.",$22.09,PS5,Sports,"Quitzon, Lehner and Sporer",268,11/09/2019
877,BLANDIT NAM NULLA,"Sed ante. Vivamus tortor. Duis mattis egestas metus. Aenean fermentum. Donec ut mauris eget massa tempor convallis. Nulla neque libero, convallis eget, eleifend luctus, ultricies eu, nibh. Quisque id justo sit amet sapien dignissim vestibulum. Vestibulum ante ipsum primis in faucibus orci luctus et ultrices posuere cubilia Curae; Nulla dapibus dolor vel est.",$16.56,PC,Stealth,"Streich, Hayes and Schoen",814,04/12/1999
878,MONTES NASCETUR RIDICULUS,"Duis ac nibh. Fusce lacus purus, aliquet at, feugiat non, pretium quis, lectus. Suspendisse potenti. In eleifend quam a odio. In hac habitasse platea dictumst. Maecenas ut massa quis augue luctus tincidunt. Nulla mollis molestie lorem. Quisque ut erat. Curabitur gravida nisi at nibh.",$39.29,Xbox,Racing,Pollich-Boyle,596,03/07/2000
879,VARIUS,"Duis bibendum. Morbi non quam nec dui luctus rutrum. Nulla tellus. In sagittis dui vel nisl. Duis ac nibh. Fusce lacus purus, aliquet at, feugiat non, pretium quis, lectus. Suspendisse potenti.",$28.48,PS5,Rhythm,Beatty-O'Conner,650,09/26/2022
880,MORBI SEM MAURIS,"Phasellus id sapien in sapien iaculis congue. Vivamus metus arcu, adipiscing molestie, hendrerit at, vulputate vitae, nisl. Aenean lectus. Pellentesque eget nunc. Donec quis orci eget orci vehicula condimentum. Curabitur in libero ut massa volutpat convallis. Morbi odio odio, elementum eu, interdum eu, tincidunt in, leo. Maecenas pulvinar lobortis est.",$23.20,PS5,Action,"Armstrong, Johnston and Strosin",104,12/19/2003
881,ET,"Fusce lacus purus, aliquet at, feugiat non, pretium quis, lectus. Suspendisse potenti.",$18.09,Xbox,Platformer,Wisoky LLC,277,06/05/1997
882,UT VOLUTPAT SAPIEN,Mauris lacinia sapien quis libero. Nullam sit amet turpis elementum ligula vehicula consequat. Morbi a ipsum. Integer a nibh.,$3.55,PS5,Role-playing,"Schultz, Orn and Feest",853,05/27/1998
883,ARCU ADIPISCING MOLESTIE HENDRERIT,"Morbi sem mauris, laoreet ut, rhoncus aliquet, pulvinar sed, nisl. Nunc rhoncus dui vel sem. Sed sagittis. Nam congue, risus semper porta volutpat, quam pede lobortis ligula, sit amet eleifend pede libero quis orci. Nullam molestie nibh in lectus. Pellentesque at nulla. Suspendisse potenti. Cras in purus eu magna vulputate luctus. Cum sociis natoque penatibus et magnis dis parturient montes, nascetur ridiculus mus. Vivamus vestibulum sagittis sapien.",$19.94,PS5,Horror,"Corwin, Lynch and Simonis",559,06/20/2001
884,RISUS SEMPER PORTA,Pellentesque eget nunc. Donec quis orci eget orci vehicula condimentum.,$2.38,Xbox,Action,"Feeney, Bins and Lebsack",666,07/01/2014
885,ID ORNARE IMPERDIET SAPIEN,"Duis consequat dui nec nisi volutpat eleifend. Donec ut dolor. Morbi vel lectus in quam fringilla rhoncus. Mauris enim leo, rhoncus sed, vestibulum sit amet, cursus id, turpis. Integer aliquet, massa id lobortis convallis, tortor risus dapibus augue, vel accumsan tellus nisi eu orci. Mauris lacinia sapien quis libero. Nullam sit amet turpis elementum ligula vehicula consequat.",$1.64,Switch,Strategy,Dietrich-Kerluke,490,10/20/2000
886,SAPIEN,Nullam varius. Nulla facilisi.,$39.45,Xbox,Strategy,Frami Inc,349,10/24/2005
887,NUNC,"Suspendisse ornare consequat lectus. In est risus, auctor sed, tristique in, tempus sit amet, sem. Fusce consequat.",$8.99,PC,Adventure,"Mitchell, Osinski and Breitenberg",887,04/28/2010
888,PLACERAT PRAESENT BLANDIT NAM NULLA,Vivamus tortor. Duis mattis egestas metus.,$8.17,Switch,Simulation,"Robel, McKenzie and Keebler",564,12/12/2015
889,DICTUMST ETIAM,"Maecenas rhoncus aliquam lacus. Morbi quis tortor id nulla ultrices aliquet. Maecenas leo odio, condimentum id, luctus nec, molestie sed, justo.",$17.75,PC,Fighting,Wehner-Quigley,964,05/17/2005
890,SUSCIPIT NULLA ELIT AC,In congue. Etiam justo. Etiam pretium iaculis justo. In hac habitasse platea dictumst.,$15.63,Switch,Platformer,Windler and Sons,588,03/16/2008
891,IN,Nullam varius.,$58.51,PS5,Adventure,"Casper, Stoltenberg and Larson",396,12/09/2021
892,CONSEQUAT MORBI A IPSUM,"Nulla nisl. Nunc nisl. Duis bibendum, felis sed interdum venenatis, turpis enim blandit mi, in porttitor pede justo eu massa. Donec dapibus. Duis at velit eu est congue elementum. In hac habitasse platea dictumst. Morbi vestibulum, velit id pretium iaculis, diam erat fermentum justo, nec condimentum neque sapien placerat ante. Nulla justo. Aliquam quis turpis eget elit sodales scelerisque.",$6.05,Switch,Simulation,"Grant, Ortiz and Baumbach",685,03/08/2000
893,NIBH FUSCE LACUS,"Duis bibendum, felis sed interdum venenatis, turpis enim blandit mi, in porttitor pede justo eu massa. Donec dapibus. Duis at velit eu est congue elementum. In hac habitasse platea dictumst. Morbi vestibulum, velit id pretium iaculis, diam erat fermentum justo, nec condimentum neque sapien placerat ante. Nulla justo. Aliquam quis turpis eget elit sodales scelerisque.",$29.41,Switch,Stealth,Rau and Sons,340,07/11/2013
894,NON QUAM NEC DUI,Etiam justo. Etiam pretium iaculis justo. In hac habitasse platea dictumst.,$59.39,PC,Puzzle,"Keeling, Stanton and Emard",96,10/14/2004
895,ORNARE CONSEQUAT,"Morbi ut odio. Cras mi pede, malesuada in, imperdiet et, commodo vulputate, justo. In blandit ultrices enim. Lorem ipsum dolor sit amet, consectetuer adipiscing elit. Proin interdum mauris non ligula pellentesque ultrices. Phasellus id sapien in sapien iaculis congue. Vivamus metus arcu, adipiscing molestie, hendrerit at, vulputate vitae, nisl.",$17.20,Switch,Adventure,Cronin-Jakubowski,581,12/01/2005
896,ENIM LEO RHONCUS SED,Donec dapibus.,$39.97,Switch,Horror,O'Kon-Douglas,266,03/02/2008
897,INTEGER TINCIDUNT ANTE VEL IPSUM,"Nulla facilisi. Cras non velit nec nisi vulputate nonummy. Maecenas tincidunt lacus at velit. Vivamus vel nulla eget eros elementum pellentesque. Quisque porta volutpat erat. Quisque erat eros, viverra eget, congue eget, semper rutrum, nulla.",$9.64,Switch,Sports,Dooley-Kutch,615,12/29/2004
898,UT MASSA,"Phasellus id sapien in sapien iaculis congue. Vivamus metus arcu, adipiscing molestie, hendrerit at, vulputate vitae, nisl. Aenean lectus. Pellentesque eget nunc. Donec quis orci eget orci vehicula condimentum. Curabitur in libero ut massa volutpat convallis.",$50.96,Switch,Sports,Bauch Group,472,09/07/1999
899,NULLA EGET EROS,"Vivamus vestibulum sagittis sapien. Cum sociis natoque penatibus et magnis dis parturient montes, nascetur ridiculus mus. Etiam vel augue. Vestibulum rutrum rutrum neque. Aenean auctor gravida sem. Praesent id massa id nisl venenatis lacinia. Aenean sit amet justo. Morbi ut odio. Cras mi pede, malesuada in, imperdiet et, commodo vulputate, justo.",$45.52,Switch,MMORPG,Bashirian-Fahey,619,09/16/2005
900,LIGULA,"Morbi vestibulum, velit id pretium iaculis, diam erat fermentum justo, nec condimentum neque sapien placerat ante. Nulla justo. Aliquam quis turpis eget elit sodales scelerisque. Mauris sit amet eros. Suspendisse accumsan tortor quis turpis. Sed ante.",$49.22,PS5,Survival,"McClure, Bins and Jakubowski",181,04/02/1998
901,MORBI QUIS TORTOR,"Nam dui. Proin leo odio, porttitor id, consequat in, consequat ut, nulla. Sed accumsan felis. Ut at dolor quis odio consequat varius. Integer ac leo. Pellentesque ultrices mattis odio. Donec vitae nisi. Nam ultrices, libero non mattis pulvinar, nulla pede ullamcorper augue, a suscipit nulla elit ac nulla. Sed vel enim sit amet nunc viverra dapibus.",$22.46,Xbox,Rhythm,Bayer LLC,882,05/19/2015
902,TINCIDUNT ANTE VEL,"Donec ut dolor. Morbi vel lectus in quam fringilla rhoncus. Mauris enim leo, rhoncus sed, vestibulum sit amet, cursus id, turpis. Integer aliquet, massa id lobortis convallis, tortor risus dapibus augue, vel accumsan tellus nisi eu orci. Mauris lacinia sapien quis libero. Nullam sit amet turpis elementum ligula vehicula consequat. Morbi a ipsum.",$45.19,PC,Stealth,"Spencer, Pacocha and Kassulke",938,05/23/2016
903,CURABITUR GRAVIDA NISI,"Etiam vel augue. Vestibulum rutrum rutrum neque. Aenean auctor gravida sem. Praesent id massa id nisl venenatis lacinia. Aenean sit amet justo. Morbi ut odio. Cras mi pede, malesuada in, imperdiet et, commodo vulputate, justo. In blandit ultrices enim.",$29.95,PS5,Rhythm,Konopelski LLC,631,01/20/1996
904,EU,"Cras in purus eu magna vulputate luctus. Cum sociis natoque penatibus et magnis dis parturient montes, nascetur ridiculus mus. Vivamus vestibulum sagittis sapien. Cum sociis natoque penatibus et magnis dis parturient montes, nascetur ridiculus mus. Etiam vel augue. Vestibulum rutrum rutrum neque. Aenean auctor gravida sem. Praesent id massa id nisl venenatis lacinia.",$4.44,PS5,Role-playing,"Ward, Jacobi and Quigley",777,09/21/2017
905,LIBERO NULLAM SIT AMET TURPIS,"Cum sociis natoque penatibus et magnis dis parturient montes, nascetur ridiculus mus. Vivamus vestibulum sagittis sapien. Cum sociis natoque penatibus et magnis dis parturient montes, nascetur ridiculus mus. Etiam vel augue. Vestibulum rutrum rutrum neque. Aenean auctor gravida sem.",$51.71,Xbox,Platformer,Hagenes LLC,62,10/27/2018
906,NULLA QUISQUE ARCU,"Morbi odio odio, elementum eu, interdum eu, tincidunt in, leo. Maecenas pulvinar lobortis est. Phasellus sit amet erat. Nulla tempus. Vivamus in felis eu sapien cursus vestibulum. Proin eu mi. Nulla ac enim.",$6.37,PS5,Simulation,"Howell, Ebert and Satterfield",474,10/27/1997
907,MASSA DONEC DAPIBUS DUIS,Vestibulum ante ipsum primis in faucibus orci luctus et ultrices posuere cubilia Curae; Mauris viverra diam vitae quam. Suspendisse potenti. Nullam porttitor lacus at turpis. Donec posuere metus vitae ipsum. Aliquam non mauris. Morbi non lectus. Aliquam sit amet diam in magna bibendum imperdiet.,$38.42,Switch,Fighting,Pfannerstill Group,142,03/25/2000
908,LIGULA,"In hac habitasse platea dictumst. Maecenas ut massa quis augue luctus tincidunt. Nulla mollis molestie lorem. Quisque ut erat. Curabitur gravida nisi at nibh. In hac habitasse platea dictumst. Aliquam augue quam, sollicitudin vitae, consectetuer eget, rutrum at, lorem. Integer tincidunt ante vel ipsum. Praesent blandit lacinia erat.",$58.68,PC,MMORPG,Nikolaus-Nicolas,311,08/11/2006
909,ACCUMSAN TELLUS NISI,Vestibulum ante ipsum primis in faucibus orci luctus et ultrices posuere cubilia Curae; Mauris viverra diam vitae quam. Suspendisse potenti.,$7.98,Switch,Platformer,"Hilll, Labadie and Barton",138,08/07/2014
910,RHONCUS DUI VEL,"Nullam molestie nibh in lectus. Pellentesque at nulla. Suspendisse potenti. Cras in purus eu magna vulputate luctus. Cum sociis natoque penatibus et magnis dis parturient montes, nascetur ridiculus mus. Vivamus vestibulum sagittis sapien. Cum sociis natoque penatibus et magnis dis parturient montes, nascetur ridiculus mus. Etiam vel augue. Vestibulum rutrum rutrum neque.",$18.19,PS5,Sports,Windler LLC,4,09/01/2020
911,AUGUE VEL ACCUMSAN,"Fusce lacus purus, aliquet at, feugiat non, pretium quis, lectus. Suspendisse potenti. In eleifend quam a odio. In hac habitasse platea dictumst.",$50.32,PS5,Strategy,Hegmann-Smitham,192,12/08/2001
912,AT,Vestibulum sed magna at nunc commodo placerat. Praesent blandit. Nam nulla.,$21.17,PC,Puzzle,"Stracke, Toy and Konopelski",410,10/19/1995
913,DONEC ODIO JUSTO,"Curabitur convallis. Duis consequat dui nec nisi volutpat eleifend. Donec ut dolor. Morbi vel lectus in quam fringilla rhoncus. Mauris enim leo, rhoncus sed, vestibulum sit amet, cursus id, turpis. Integer aliquet, massa id lobortis convallis, tortor risus dapibus augue, vel accumsan tellus nisi eu orci. Mauris lacinia sapien quis libero. Nullam sit amet turpis elementum ligula vehicula consequat.",$8.18,Xbox,Platformer,"Pfeffer, Wolf and Beahan",444,03/05/2009
914,QUAM,Nullam molestie nibh in lectus. Pellentesque at nulla. Suspendisse potenti. Cras in purus eu magna vulputate luctus.,$42.34,Switch,Adventure,Kohler Group,431,08/20/2022
915,VIVAMUS METUS ARCU ADIPISCING,"Integer non velit. Donec diam neque, vestibulum eget, vulputate ut, ultrices vel, augue.",$0.26,PC,Rhythm,Kuphal-Kertzmann,146,12/06/2015
916,NISI VOLUTPAT ELEIFEND,"Cras mi pede, malesuada in, imperdiet et, commodo vulputate, justo. In blandit ultrices enim. Lorem ipsum dolor sit amet, consectetuer adipiscing elit. Proin interdum mauris non ligula pellentesque ultrices. Phasellus id sapien in sapien iaculis congue. Vivamus metus arcu, adipiscing molestie, hendrerit at, vulputate vitae, nisl. Aenean lectus. Pellentesque eget nunc. Donec quis orci eget orci vehicula condimentum.",$22.38,Switch,MMORPG,"Bauch, Anderson and Kuphal",939,03/09/2014
917,JUSTO,"Nulla mollis molestie lorem. Quisque ut erat. Curabitur gravida nisi at nibh. In hac habitasse platea dictumst. Aliquam augue quam, sollicitudin vitae, consectetuer eget, rutrum at, lorem. Integer tincidunt ante vel ipsum. Praesent blandit lacinia erat. Vestibulum sed magna at nunc commodo placerat. Praesent blandit. Nam nulla.",$6.80,PC,Survival,"Johns, Crooks and Kovacek",275,02/16/2021
918,ELIT PROIN RISUS PRAESENT,Nulla mollis molestie lorem. Quisque ut erat. Curabitur gravida nisi at nibh.,$8.29,Xbox,Puzzle,"Kulas, Klocko and Welch",642,08/17/2001
919,SAPIEN CURSUS VESTIBULUM,Proin interdum mauris non ligula pellentesque ultrices. Phasellus id sapien in sapien iaculis congue.,$53.33,Switch,Horror,"Bahringer, Weissnat and Spinka",270,06/22/2021
920,CONGUE,Nullam molestie nibh in lectus. Pellentesque at nulla. Suspendisse potenti. Cras in purus eu magna vulputate luctus.,$56.32,PS5,Simulation,Kuhlman-Pouros,851,06/30/2020
921,TRISTIQUE FUSCE CONGUE DIAM,"Nullam orci pede, venenatis non, sodales sed, tincidunt eu, felis.",$35.41,Switch,Sports,Yundt-D'Amore,921,03/28/2001
922,LACINIA NISI VENENATIS TRISTIQUE,Proin risus.,$32.07,Switch,Action,"Murray, Bradtke and Feest",583,07/05/1994
923,RUTRUM NEQUE AENEAN,"Quisque erat eros, viverra eget, congue eget, semper rutrum, nulla.",$9.66,Switch,Puzzle,"Wehner, Mante and Buckridge",547,07/20/2022
924,QUAM,Aliquam erat volutpat. In congue. Etiam justo. Etiam pretium iaculis justo. In hac habitasse platea dictumst. Etiam faucibus cursus urna.,$31.88,Switch,Strategy,"Hyatt, Robel and Block",25,07/25/2012
925,NULLA JUSTO ALIQUAM,"Phasellus in felis. Donec semper sapien a libero. Nam dui. Proin leo odio, porttitor id, consequat in, consequat ut, nulla. Sed accumsan felis. Ut at dolor quis odio consequat varius. Integer ac leo. Pellentesque ultrices mattis odio. Donec vitae nisi.",$38.35,PC,Role-playing,"Ratke, Tremblay and Johns",570,03/06/2023
926,IN FAUCIBUS ORCI LUCTUS,"Donec quis orci eget orci vehicula condimentum. Curabitur in libero ut massa volutpat convallis. Morbi odio odio, elementum eu, interdum eu, tincidunt in, leo. Maecenas pulvinar lobortis est. Phasellus sit amet erat. Nulla tempus.",$46.26,Switch,Role-playing,Glover LLC,717,08/26/1994
927,SIT AMET LOBORTIS SAPIEN SAPIEN,"Donec semper sapien a libero. Nam dui. Proin leo odio, porttitor id, consequat in, consequat ut, nulla. Sed accumsan felis. Ut at dolor quis odio consequat varius. Integer ac leo. Pellentesque ultrices mattis odio. Donec vitae nisi.",$51.33,PS5,Survival,"Feil, McGlynn and O'Connell",644,01/06/2017
928,RHONCUS MAURIS ENIM LEO,Morbi a ipsum.,$4.11,PS5,Horror,Hintz-D'Amore,896,03/13/2006
929,PRAESENT ID MASSA,"Donec vitae nisi. Nam ultrices, libero non mattis pulvinar, nulla pede ullamcorper augue, a suscipit nulla elit ac nulla. Sed vel enim sit amet nunc viverra dapibus. Nulla suscipit ligula in lacus. Curabitur at ipsum ac tellus semper interdum. Mauris ullamcorper purus sit amet nulla. Quisque arcu libero, rutrum ac, lobortis vel, dapibus at, diam. Nam tristique tortor eu pede.",$41.71,PS5,Strategy,Crist Inc,126,10/28/2000
930,NONUMMY INTEGER NON,"Vestibulum sed magna at nunc commodo placerat. Praesent blandit. Nam nulla. Integer pede justo, lacinia eget, tincidunt eget, tempus vel, pede. Morbi porttitor lorem id ligula. Suspendisse ornare consequat lectus. In est risus, auctor sed, tristique in, tempus sit amet, sem. Fusce consequat. Nulla nisl. Nunc nisl.",$13.34,PC,Adventure,Abshire LLC,106,10/08/1994
931,PURUS EU MAGNA,"Donec posuere metus vitae ipsum. Aliquam non mauris. Morbi non lectus. Aliquam sit amet diam in magna bibendum imperdiet. Nullam orci pede, venenatis non, sodales sed, tincidunt eu, felis. Fusce posuere felis sed lacus.",$0.35,PC,Horror,"Roob, Mraz and Hilll",956,06/09/1995
932,CONGUE EGET,"Morbi a ipsum. Integer a nibh. In quis justo. Maecenas rhoncus aliquam lacus. Morbi quis tortor id nulla ultrices aliquet. Maecenas leo odio, condimentum id, luctus nec, molestie sed, justo.",$19.22,Switch,Horror,"Ward, Quigley and Sipes",507,09/06/2011
933,DUIS FAUCIBUS ACCUMSAN ODIO CURABITUR,"Suspendisse potenti. In eleifend quam a odio. In hac habitasse platea dictumst. Maecenas ut massa quis augue luctus tincidunt. Nulla mollis molestie lorem. Quisque ut erat. Curabitur gravida nisi at nibh. In hac habitasse platea dictumst. Aliquam augue quam, sollicitudin vitae, consectetuer eget, rutrum at, lorem.",$9.22,Xbox,Puzzle,"Wuckert, Crooks and Bailey",999,12/11/2008
934,ARCU ADIPISCING MOLESTIE HENDRERIT,"Praesent blandit. Nam nulla. Integer pede justo, lacinia eget, tincidunt eget, tempus vel, pede. Morbi porttitor lorem id ligula. Suspendisse ornare consequat lectus. In est risus, auctor sed, tristique in, tempus sit amet, sem. Fusce consequat.",$54.15,Switch,Puzzle,Torp Group,474,02/13/2016
935,NUNC RHONCUS DUI,Nunc purus. Phasellus in felis. Donec semper sapien a libero.,$30.59,PC,Role-playing,Howell Inc,630,04/08/2002
936,ENIM BLANDIT MI,"Morbi ut odio. Cras mi pede, malesuada in, imperdiet et, commodo vulputate, justo. In blandit ultrices enim. Lorem ipsum dolor sit amet, consectetuer adipiscing elit. Proin interdum mauris non ligula pellentesque ultrices. Phasellus id sapien in sapien iaculis congue. Vivamus metus arcu, adipiscing molestie, hendrerit at, vulputate vitae, nisl.",$48.84,Switch,Rhythm,Bartoletti Inc,614,11/13/2019
937,LOREM VITAE MATTIS NIBH,"In blandit ultrices enim. Lorem ipsum dolor sit amet, consectetuer adipiscing elit. Proin interdum mauris non ligula pellentesque ultrices. Phasellus id sapien in sapien iaculis congue. Vivamus metus arcu, adipiscing molestie, hendrerit at, vulputate vitae, nisl.",$59.69,PC,Simulation,Mitchell-Gislason,851,01/10/2011
938,VIVERRA DIAM VITAE,"Nulla mollis molestie lorem. Quisque ut erat. Curabitur gravida nisi at nibh. In hac habitasse platea dictumst. Aliquam augue quam, sollicitudin vitae, consectetuer eget, rutrum at, lorem. Integer tincidunt ante vel ipsum. Praesent blandit lacinia erat. Vestibulum sed magna at nunc commodo placerat.",$58.87,PC,Action,Watsica LLC,390,04/09/1995
939,PHARETRA MAGNA VESTIBULUM ALIQUET,"Phasellus id sapien in sapien iaculis congue. Vivamus metus arcu, adipiscing molestie, hendrerit at, vulputate vitae, nisl. Aenean lectus.",$6.16,PS5,MMORPG,"Jast, Emmerich and Kohler",71,11/18/2015
940,HABITASSE,"Aliquam augue quam, sollicitudin vitae, consectetuer eget, rutrum at, lorem. Integer tincidunt ante vel ipsum. Praesent blandit lacinia erat. Vestibulum sed magna at nunc commodo placerat. Praesent blandit. Nam nulla. Integer pede justo, lacinia eget, tincidunt eget, tempus vel, pede.",$33.70,Xbox,Action,Wiza Inc,530,05/16/1998
941,VENENATIS TURPIS ENIM BLANDIT MI,"Pellentesque at nulla. Suspendisse potenti. Cras in purus eu magna vulputate luctus. Cum sociis natoque penatibus et magnis dis parturient montes, nascetur ridiculus mus. Vivamus vestibulum sagittis sapien.",$34.81,PS5,Strategy,"Kohler, Wilderman and Cassin",781,06/09/1996
942,POTENTI NULLAM PORTTITOR LACUS AT,Nullam porttitor lacus at turpis. Donec posuere metus vitae ipsum. Aliquam non mauris. Morbi non lectus.,$7.43,PS5,Strategy,Hudson and Sons,565,06/23/2022
943,FELIS FUSCE,"Proin at turpis a pede posuere nonummy. Integer non velit. Donec diam neque, vestibulum eget, vulputate ut, ultrices vel, augue. Vestibulum ante ipsum primis in faucibus orci luctus et ultrices posuere cubilia Curae; Donec pharetra, magna vestibulum aliquet ultrices, erat tortor sollicitudin mi, sit amet lobortis sapien sapien non mi. Integer ac neque. Duis bibendum.",$9.88,Switch,Racing,Volkman and Sons,451,10/29/1996
944,MAGNA,Maecenas pulvinar lobortis est. Phasellus sit amet erat. Nulla tempus. Vivamus in felis eu sapien cursus vestibulum.,$2.25,PS5,Stealth,Cartwright Group,335,06/09/2019
945,NULLAM MOLESTIE NIBH IN,"Fusce congue, diam id ornare imperdiet, sapien urna pretium nisl, ut volutpat sapien arcu sed augue. Aliquam erat volutpat. In congue. Etiam justo. Etiam pretium iaculis justo. In hac habitasse platea dictumst. Etiam faucibus cursus urna.",$52.78,Xbox,Racing,Bashirian-Kuhn,639,05/24/2009
946,PORTA VOLUTPAT ERAT,"Morbi non lectus. Aliquam sit amet diam in magna bibendum imperdiet. Nullam orci pede, venenatis non, sodales sed, tincidunt eu, felis. Fusce posuere felis sed lacus. Morbi sem mauris, laoreet ut, rhoncus aliquet, pulvinar sed, nisl. Nunc rhoncus dui vel sem. Sed sagittis. Nam congue, risus semper porta volutpat, quam pede lobortis ligula, sit amet eleifend pede libero quis orci. Nullam molestie nibh in lectus. Pellentesque at nulla.",$19.50,PS5,Survival,Fisher and Sons,750,03/08/1998
947,SAPIEN UT NUNC,"Integer tincidunt ante vel ipsum. Praesent blandit lacinia erat. Vestibulum sed magna at nunc commodo placerat. Praesent blandit. Nam nulla. Integer pede justo, lacinia eget, tincidunt eget, tempus vel, pede. Morbi porttitor lorem id ligula. Suspendisse ornare consequat lectus. In est risus, auctor sed, tristique in, tempus sit amet, sem. Fusce consequat.",$29.08,PC,Action,Hegmann-McGlynn,805,07/19/1999
948,MAGNA BIBENDUM IMPERDIET NULLAM,Nunc nisl.,$27.69,Xbox,Survival,"Ledner, Powlowski and Maggio",273,03/16/1996
949,TINCIDUNT,Morbi non lectus. Aliquam sit amet diam in magna bibendum imperdiet.,$50.93,Xbox,Adventure,"Effertz, Kutch and Baumbach",555,03/20/2015
950,AMET SEM,Ut at dolor quis odio consequat varius. Integer ac leo. Pellentesque ultrices mattis odio. Donec vitae nisi.,$43.75,Xbox,Action,"Leuschke, Shields and Bernier",59,11/03/2018
951,IN HAC,"Maecenas leo odio, condimentum id, luctus nec, molestie sed, justo. Pellentesque viverra pede ac diam. Cras pellentesque volutpat dui. Maecenas tristique, est et tempus semper, est quam pharetra magna, ac consequat metus sapien ut nunc. Vestibulum ante ipsum primis in faucibus orci luctus et ultrices posuere cubilia Curae; Mauris viverra diam vitae quam.",$57.93,PS5,Strategy,Cronin and Sons,565,11/05/2010
952,EU FELIS FUSCE,"Suspendisse potenti. Cras in purus eu magna vulputate luctus. Cum sociis natoque penatibus et magnis dis parturient montes, nascetur ridiculus mus. Vivamus vestibulum sagittis sapien. Cum sociis natoque penatibus et magnis dis parturient montes, nascetur ridiculus mus. Etiam vel augue.",$56.64,Switch,Rhythm,Toy Inc,626,05/29/2011
953,COMMODO VULPUTATE,"Vestibulum quam sapien, varius ut, blandit non, interdum in, ante. Vestibulum ante ipsum primis in faucibus orci luctus et ultrices posuere cubilia Curae; Duis faucibus accumsan odio. Curabitur convallis. Duis consequat dui nec nisi volutpat eleifend.",$10.39,PS5,Horror,"Lowe, Metz and Quigley",426,05/30/2002
954,PLATEA DICTUMST MAECENAS UT MASSA,"Donec vitae nisi. Nam ultrices, libero non mattis pulvinar, nulla pede ullamcorper augue, a suscipit nulla elit ac nulla. Sed vel enim sit amet nunc viverra dapibus.",$53.77,Switch,Adventure,"Rempel, Quigley and Luettgen",953,04/29/1997
955,RUTRUM AC LOBORTIS VEL,Fusce consequat.,$30.69,Switch,Adventure,Jacobs-Corkery,200,05/04/1998
956,ANTE VESTIBULUM ANTE,"Aliquam sit amet diam in magna bibendum imperdiet. Nullam orci pede, venenatis non, sodales sed, tincidunt eu, felis. Fusce posuere felis sed lacus. Morbi sem mauris, laoreet ut, rhoncus aliquet, pulvinar sed, nisl.",$16.25,PC,Platformer,Olson LLC,960,05/30/1996
957,DUI MAECENAS TRISTIQUE,Sed vel enim sit amet nunc viverra dapibus. Nulla suscipit ligula in lacus. Curabitur at ipsum ac tellus semper interdum. Mauris ullamcorper purus sit amet nulla.,$30.36,Xbox,Horror,Homenick-Feeney,500,07/26/1994
958,SEMPER PORTA,"Sed sagittis. Nam congue, risus semper porta volutpat, quam pede lobortis ligula, sit amet eleifend pede libero quis orci. Nullam molestie nibh in lectus. Pellentesque at nulla. Suspendisse potenti. Cras in purus eu magna vulputate luctus. Cum sociis natoque penatibus et magnis dis parturient montes, nascetur ridiculus mus. Vivamus vestibulum sagittis sapien. Cum sociis natoque penatibus et magnis dis parturient montes, nascetur ridiculus mus.",$9.39,Xbox,Action,Kassulke Inc,559,10/05/2014
959,NON VELIT NEC NISI VULPUTATE,"Fusce posuere felis sed lacus. Morbi sem mauris, laoreet ut, rhoncus aliquet, pulvinar sed, nisl. Nunc rhoncus dui vel sem. Sed sagittis. Nam congue, risus semper porta volutpat, quam pede lobortis ligula, sit amet eleifend pede libero quis orci. Nullam molestie nibh in lectus. Pellentesque at nulla. Suspendisse potenti. Cras in purus eu magna vulputate luctus. Cum sociis natoque penatibus et magnis dis parturient montes, nascetur ridiculus mus.",$18.90,PS5,Puzzle,Keebler Group,223,07/31/2001
960,AC CONSEQUAT METUS,"Sed sagittis. Nam congue, risus semper porta volutpat, quam pede lobortis ligula, sit amet eleifend pede libero quis orci. Nullam molestie nibh in lectus. Pellentesque at nulla.",$25.14,Switch,Strategy,"Runolfsson, Morar and Tromp",628,03/06/2008
961,ERAT QUISQUE ERAT EROS,"Pellentesque ultrices mattis odio. Donec vitae nisi. Nam ultrices, libero non mattis pulvinar, nulla pede ullamcorper augue, a suscipit nulla elit ac nulla. Sed vel enim sit amet nunc viverra dapibus. Nulla suscipit ligula in lacus.",$15.07,PC,Fighting,Kub-Lehner,370,04/28/1999
962,SUSCIPIT LIGULA IN,"Integer ac leo. Pellentesque ultrices mattis odio. Donec vitae nisi. Nam ultrices, libero non mattis pulvinar, nulla pede ullamcorper augue, a suscipit nulla elit ac nulla. Sed vel enim sit amet nunc viverra dapibus. Nulla suscipit ligula in lacus. Curabitur at ipsum ac tellus semper interdum. Mauris ullamcorper purus sit amet nulla.",$47.91,Xbox,Role-playing,Fadel and Sons,968,10/23/2004
963,NISI AT NIBH IN,"Nulla tempus. Vivamus in felis eu sapien cursus vestibulum. Proin eu mi. Nulla ac enim. In tempor, turpis nec euismod scelerisque, quam turpis adipiscing lorem, vitae mattis nibh ligula nec sem. Duis aliquam convallis nunc. Proin at turpis a pede posuere nonummy. Integer non velit. Donec diam neque, vestibulum eget, vulputate ut, ultrices vel, augue. Vestibulum ante ipsum primis in faucibus orci luctus et ultrices posuere cubilia Curae; Donec pharetra, magna vestibulum aliquet ultrices, erat tortor sollicitudin mi, sit amet lobortis sapien sapien non mi.",$5.39,Switch,Simulation,Smitham-Gleason,948,03/22/2006
964,NEC CONDIMENTUM NEQUE SAPIEN,"In est risus, auctor sed, tristique in, tempus sit amet, sem. Fusce consequat. Nulla nisl. Nunc nisl. Duis bibendum, felis sed interdum venenatis, turpis enim blandit mi, in porttitor pede justo eu massa. Donec dapibus. Duis at velit eu est congue elementum. In hac habitasse platea dictumst.",$24.90,PC,Puzzle,"Kling, Jast and Langosh",47,12/28/2012
965,NON VELIT NEC,Donec posuere metus vitae ipsum. Aliquam non mauris.,$9.35,PC,Fighting,Quitzon and Sons,165,10/10/2008
966,VARIUS NULLA FACILISI CRAS NON,"Maecenas rhoncus aliquam lacus. Morbi quis tortor id nulla ultrices aliquet. Maecenas leo odio, condimentum id, luctus nec, molestie sed, justo. Pellentesque viverra pede ac diam.",$17.83,Xbox,Racing,Gleason-Rice,915,12/22/2013
967,FELIS,Proin at turpis a pede posuere nonummy. Integer non velit.,$58.84,PC,Survival,Okuneva-Bradtke,854,05/11/1994
968,NEC SEM DUIS ALIQUAM,"Sed vel enim sit amet nunc viverra dapibus. Nulla suscipit ligula in lacus. Curabitur at ipsum ac tellus semper interdum. Mauris ullamcorper purus sit amet nulla. Quisque arcu libero, rutrum ac, lobortis vel, dapibus at, diam. Nam tristique tortor eu pede.",$26.93,Xbox,Role-playing,Goodwin LLC,201,11/21/2008
969,CONSEQUAT LECTUS IN,Mauris sit amet eros. Suspendisse accumsan tortor quis turpis. Sed ante. Vivamus tortor. Duis mattis egestas metus.,$31.70,PS5,Rhythm,Rippin Inc,323,01/07/2006
970,LIBERO,"Duis aliquam convallis nunc. Proin at turpis a pede posuere nonummy. Integer non velit. Donec diam neque, vestibulum eget, vulputate ut, ultrices vel, augue. Vestibulum ante ipsum primis in faucibus orci luctus et ultrices posuere cubilia Curae; Donec pharetra, magna vestibulum aliquet ultrices, erat tortor sollicitudin mi, sit amet lobortis sapien sapien non mi. Integer ac neque. Duis bibendum. Morbi non quam nec dui luctus rutrum.",$43.26,Switch,Survival,"Collier, Sanford and Emard",340,01/10/2012
971,IN HAC HABITASSE PLATEA,"Pellentesque viverra pede ac diam. Cras pellentesque volutpat dui. Maecenas tristique, est et tempus semper, est quam pharetra magna, ac consequat metus sapien ut nunc. Vestibulum ante ipsum primis in faucibus orci luctus et ultrices posuere cubilia Curae; Mauris viverra diam vitae quam.",$59.99,PS5,Stealth,Runte-Kshlerin,969,06/29/2004
972,UT,"Morbi non lectus. Aliquam sit amet diam in magna bibendum imperdiet. Nullam orci pede, venenatis non, sodales sed, tincidunt eu, felis. Fusce posuere felis sed lacus. Morbi sem mauris, laoreet ut, rhoncus aliquet, pulvinar sed, nisl.",$1.40,Switch,Survival,Will Inc,202,03/22/2009
973,RUTRUM AC,Vivamus tortor. Duis mattis egestas metus.,$32.27,PC,Puzzle,Ward Group,533,12/24/1999
974,AUGUE A SUSCIPIT,"Donec odio justo, sollicitudin ut, suscipit a, feugiat et, eros. Vestibulum ac est lacinia nisi venenatis tristique.",$48.06,PS5,Simulation,Abernathy Inc,530,03/24/2012
975,DICTUMST,"Suspendisse potenti. Nullam porttitor lacus at turpis. Donec posuere metus vitae ipsum. Aliquam non mauris. Morbi non lectus. Aliquam sit amet diam in magna bibendum imperdiet. Nullam orci pede, venenatis non, sodales sed, tincidunt eu, felis. Fusce posuere felis sed lacus. Morbi sem mauris, laoreet ut, rhoncus aliquet, pulvinar sed, nisl. Nunc rhoncus dui vel sem.",$33.85,PS5,Simulation,Nicolas Group,130,11/18/2006
976,DIS PARTURIENT MONTES,In congue. Etiam justo. Etiam pretium iaculis justo. In hac habitasse platea dictumst. Etiam faucibus cursus urna.,$52.88,PS5,Survival,"MacGyver, Gleichner and Oberbrunner",553,09/15/2016
977,IPSUM PRIMIS IN,"Duis aliquam convallis nunc. Proin at turpis a pede posuere nonummy. Integer non velit. Donec diam neque, vestibulum eget, vulputate ut, ultrices vel, augue. Vestibulum ante ipsum primis in faucibus orci luctus et ultrices posuere cubilia Curae; Donec pharetra, magna vestibulum aliquet ultrices, erat tortor sollicitudin mi, sit amet lobortis sapien sapien non mi. Integer ac neque. Duis bibendum.",$45.09,Xbox,Horror,Daniel LLC,593,12/13/2001
978,CUBILIA CURAE MAURIS,In eleifend quam a odio. In hac habitasse platea dictumst. Maecenas ut massa quis augue luctus tincidunt. Nulla mollis molestie lorem.,$42.84,PS5,Action,Harber and Sons,2,10/31/2000
979,URNA UT TELLUS NULLA,Praesent id massa id nisl venenatis lacinia. Aenean sit amet justo.,$42.04,Switch,Survival,Ruecker Inc,650,12/12/2006
980,VEL DAPIBUS AT DIAM NAM,"Duis bibendum, felis sed interdum venenatis, turpis enim blandit mi, in porttitor pede justo eu massa. Donec dapibus. Duis at velit eu est congue elementum. In hac habitasse platea dictumst. Morbi vestibulum, velit id pretium iaculis, diam erat fermentum justo, nec condimentum neque sapien placerat ante. Nulla justo. Aliquam quis turpis eget elit sodales scelerisque. Mauris sit amet eros. Suspendisse accumsan tortor quis turpis.",$12.19,PC,MMORPG,Hansen Inc,990,02/14/2000
981,NAM TRISTIQUE TORTOR,"Fusce posuere felis sed lacus. Morbi sem mauris, laoreet ut, rhoncus aliquet, pulvinar sed, nisl. Nunc rhoncus dui vel sem. Sed sagittis. Nam congue, risus semper porta volutpat, quam pede lobortis ligula, sit amet eleifend pede libero quis orci. Nullam molestie nibh in lectus. Pellentesque at nulla. Suspendisse potenti. Cras in purus eu magna vulputate luctus.",$30.97,PS5,Action,Reinger-Langworth,100,06/30/2017
982,CONGUE EGET SEMPER RUTRUM,"Suspendisse ornare consequat lectus. In est risus, auctor sed, tristique in, tempus sit amet, sem. Fusce consequat.",$53.94,Xbox,MMORPG,"Bechtelar, O'Hara and Marquardt",548,12/10/2008
983,LACUS,"Quisque ut erat. Curabitur gravida nisi at nibh. In hac habitasse platea dictumst. Aliquam augue quam, sollicitudin vitae, consectetuer eget, rutrum at, lorem.",$9.96,PC,Puzzle,Crist-Considine,455,01/30/1994
984,MUS ETIAM VEL,"Vivamus vestibulum sagittis sapien. Cum sociis natoque penatibus et magnis dis parturient montes, nascetur ridiculus mus.",$44.77,PS5,Sports,"Ankunding, Barrows and Prosacco",586,06/22/1997
985,EGET,"Integer non velit. Donec diam neque, vestibulum eget, vulputate ut, ultrices vel, augue. Vestibulum ante ipsum primis in faucibus orci luctus et ultrices posuere cubilia Curae; Donec pharetra, magna vestibulum aliquet ultrices, erat tortor sollicitudin mi, sit amet lobortis sapien sapien non mi. Integer ac neque. Duis bibendum. Morbi non quam nec dui luctus rutrum.",$7.38,Xbox,Horror,"Ebert, Runolfsson and Mills",717,10/17/2015
986,CONGUE ETIAM,"Nam congue, risus semper porta volutpat, quam pede lobortis ligula, sit amet eleifend pede libero quis orci.",$37.36,PC,Rhythm,"Lesch, Strosin and Dickens",628,11/24/2007
987,DONEC UT MAURIS EGET MASSA,"Donec quis orci eget orci vehicula condimentum. Curabitur in libero ut massa volutpat convallis. Morbi odio odio, elementum eu, interdum eu, tincidunt in, leo. Maecenas pulvinar lobortis est. Phasellus sit amet erat. Nulla tempus. Vivamus in felis eu sapien cursus vestibulum.",$31.36,PC,Horror,O'Hara Inc,37,01/07/2024
988,LECTUS IN,"Duis mattis egestas metus. Aenean fermentum. Donec ut mauris eget massa tempor convallis. Nulla neque libero, convallis eget, eleifend luctus, ultricies eu, nibh. Quisque id justo sit amet sapien dignissim vestibulum. Vestibulum ante ipsum primis in faucibus orci luctus et ultrices posuere cubilia Curae; Nulla dapibus dolor vel est. Donec odio justo, sollicitudin ut, suscipit a, feugiat et, eros. Vestibulum ac est lacinia nisi venenatis tristique.",$45.59,PC,MMORPG,Boyle Inc,213,03/06/2012
989,RHONCUS SED VESTIBULUM SIT AMET,Duis consequat dui nec nisi volutpat eleifend.,$17.98,PC,Stealth,"Jenkins, Hyatt and Labadie",342,01/21/2007
990,EU,"Integer ac neque. Duis bibendum. Morbi non quam nec dui luctus rutrum. Nulla tellus. In sagittis dui vel nisl. Duis ac nibh. Fusce lacus purus, aliquet at, feugiat non, pretium quis, lectus. Suspendisse potenti. In eleifend quam a odio. In hac habitasse platea dictumst.",$16.42,Switch,Action,Weber-Kris,531,11/25/2003
991,ARCU LIBERO RUTRUM,"Quisque ut erat. Curabitur gravida nisi at nibh. In hac habitasse platea dictumst. Aliquam augue quam, sollicitudin vitae, consectetuer eget, rutrum at, lorem. Integer tincidunt ante vel ipsum. Praesent blandit lacinia erat. Vestibulum sed magna at nunc commodo placerat.",$26.88,Xbox,Fighting,"Zieme, Hackett and Keeling",758,10/27/2023
992,DIAM,Suspendisse potenti. In eleifend quam a odio. In hac habitasse platea dictumst. Maecenas ut massa quis augue luctus tincidunt. Nulla mollis molestie lorem. Quisque ut erat. Curabitur gravida nisi at nibh.,$59.88,PC,Horror,"Reilly, Bailey and Wunsch",977,07/08/1994
993,DONEC UT DOLOR,Vivamus vel nulla eget eros elementum pellentesque. Quisque porta volutpat erat.,$41.88,Switch,Horror,"Goyette, Aufderhar and Watsica",275,09/20/2006
994,ORCI NULLAM,Nulla suscipit ligula in lacus.,$15.02,PC,Racing,Lowe Group,289,10/01/2006
995,PHARETRA MAGNA AC,"Proin interdum mauris non ligula pellentesque ultrices. Phasellus id sapien in sapien iaculis congue. Vivamus metus arcu, adipiscing molestie, hendrerit at, vulputate vitae, nisl. Aenean lectus.",$56.72,Switch,Fighting,Paucek-Schultz,259,09/01/1997
996,ETIAM VEL,Suspendisse ornare consequat lectus.,$1.13,PC,Action,"Bahringer, McKenzie and Brekke",197,07/05/1998
997,LUCTUS RUTRUM NULLA TELLUS IN,"Integer non velit. Donec diam neque, vestibulum eget, vulputate ut, ultrices vel, augue. Vestibulum ante ipsum primis in faucibus orci luctus et ultrices posuere cubilia Curae; Donec pharetra, magna vestibulum aliquet ultrices, erat tortor sollicitudin mi, sit amet lobortis sapien sapien non mi. Integer ac neque. Duis bibendum. Morbi non quam nec dui luctus rutrum.",$20.25,PS5,Action,"Baumbach, Wehner and Hyatt",1000,05/25/2009
998,LUCTUS ET,"Mauris enim leo, rhoncus sed, vestibulum sit amet, cursus id, turpis. Integer aliquet, massa id lobortis convallis, tortor risus dapibus augue, vel accumsan tellus nisi eu orci. Mauris lacinia sapien quis libero.",$1.99,Switch,Platformer,O'Hara-Armstrong,739,11/02/2024
999,NUNC PROIN AT TURPIS,"Pellentesque at nulla. Suspendisse potenti. Cras in purus eu magna vulputate luctus. Cum sociis natoque penatibus et magnis dis parturient montes, nascetur ridiculus mus. Vivamus vestibulum sagittis sapien. Cum sociis natoque penatibus et magnis dis parturient montes, nascetur ridiculus mus. Etiam vel augue. Vestibulum rutrum rutrum neque. Aenean auctor gravida sem. Praesent id massa id nisl venenatis lacinia.",$1.38,PS5,Horror,"Orn, Feil and Adams",229,04/29/2005
1000,PULVINAR SED NISL NUNC RHONCUS,"Vestibulum quam sapien, varius ut, blandit non, interdum in, ante. Vestibulum ante ipsum primis in faucibus orci luctus et ultrices posuere cubilia Curae; Duis faucibus accumsan odio. Curabitur convallis.",$26.59,PC,Survival,"Hodkiewicz, Bode and Blanda",581,05/12/2000
